[<global>] Level.INFO: Loading hammer-vlsi libraries and reading settings
[<global>] Level.INFO: Loading technology 'tsmc180'
[<global>] Level.INFO: Starting place and route with tool 'innovus'
[par] Level.DEBUG: Running persistent sub-step 'innovus_global_settings' before 'init_design'
[par] Level.DEBUG: Running sub-step 'init_design'
[tech] Level.WARNING: Lib {"lef file": "$TSMC180RF_MODIFIED/tsmc018_6lm4X1U_40KAUTM_7T.tlef"} has no supplies annotation! Using anyway.
[tech] Level.WARNING: Lib {"lef file": "$TSMC180RF_Standard_IO/../../../tpb018v_190a/TSMCHOME/digital/Back_End/lef/tpb018v_190a/cup/6lm/lef/tpb018v_6lm.lef", "gds file": "$TSMC180RF_Standard_IO/../../../tpb018v_190a/TSMCHOME/digital/Back_End/gds/tpb018v_190a/cup/6lm/tpb018v.gds"} has no supplies annotation! Using anyway.
[tech] Level.WARNING: Lib {"lef file": "$TSMC180RF_MODIFIED/tsmc018_6lm4X1U_40KAUTM_7T.tlef"} has no supplies annotation! Using anyway.
[tech] Level.WARNING: Lib {"lef file": "$TSMC180RF_Standard_IO/../../../tpb018v_190a/TSMCHOME/digital/Back_End/lef/tpb018v_190a/cup/6lm/lef/tpb018v_6lm.lef", "gds file": "$TSMC180RF_Standard_IO/../../../tpb018v_190a/TSMCHOME/digital/Back_End/gds/tpb018v_190a/cup/6lm/tpb018v.gds"} has no supplies annotation! Using anyway.
[tech] Level.WARNING: Lib {"lef file": "$TSMC180RF_MODIFIED/tsmc018_6lm4X1U_40KAUTM_7T.tlef"} has no supplies annotation! Using anyway.
[tech] Level.WARNING: Lib {"lef file": "$TSMC180RF_Standard_IO/../../../tpb018v_190a/TSMCHOME/digital/Back_End/lef/tpb018v_190a/cup/6lm/lef/tpb018v_6lm.lef", "gds file": "$TSMC180RF_Standard_IO/../../../tpb018v_190a/TSMCHOME/digital/Back_End/gds/tpb018v_190a/cup/6lm/tpb018v.gds"} has no supplies annotation! Using anyway.
[tech] Level.WARNING: Lib {"lef file": "$TSMC180RF_MODIFIED/tsmc018_6lm4X1U_40KAUTM_7T.tlef"} has no supplies annotation! Using anyway.
[tech] Level.WARNING: Lib {"lef file": "$TSMC180RF_Standard_IO/../../../tpb018v_190a/TSMCHOME/digital/Back_End/lef/tpb018v_190a/cup/6lm/lef/tpb018v_6lm.lef", "gds file": "$TSMC180RF_Standard_IO/../../../tpb018v_190a/TSMCHOME/digital/Back_End/gds/tpb018v_190a/cup/6lm/tpb018v.gds"} has no supplies annotation! Using anyway.
[tech] Level.WARNING: Lib {"lef file": "$TSMC180RF_MODIFIED/tsmc018_6lm4X1U_40KAUTM_7T.tlef"} has no supplies annotation! Using anyway.
[tech] Level.WARNING: Lib {"lef file": "$TSMC180RF_Standard_IO/../../../tpb018v_190a/TSMCHOME/digital/Back_End/lef/tpb018v_190a/cup/6lm/lef/tpb018v_6lm.lef", "gds file": "$TSMC180RF_Standard_IO/../../../tpb018v_190a/TSMCHOME/digital/Back_End/gds/tpb018v_190a/cup/6lm/tpb018v.gds"} has no supplies annotation! Using anyway.
[tech] Level.WARNING: Lib {"lef file": "$TSMC180RF_MODIFIED/tsmc018_6lm4X1U_40KAUTM_7T.tlef"} has no supplies annotation! Using anyway.
[tech] Level.WARNING: Lib {"lef file": "$TSMC180RF_Standard_IO/../../../tpb018v_190a/TSMCHOME/digital/Back_End/lef/tpb018v_190a/cup/6lm/lef/tpb018v_6lm.lef", "gds file": "$TSMC180RF_Standard_IO/../../../tpb018v_190a/TSMCHOME/digital/Back_End/gds/tpb018v_190a/cup/6lm/tpb018v.gds"} has no supplies annotation! Using anyway.
[tech] Level.WARNING: Lib {"lef file": "$TSMC180RF_MODIFIED/tsmc018_6lm4X1U_40KAUTM_7T.tlef"} has no supplies annotation! Using anyway.
[tech] Level.WARNING: Lib {"lef file": "$TSMC180RF_Standard_IO/../../../tpb018v_190a/TSMCHOME/digital/Back_End/lef/tpb018v_190a/cup/6lm/lef/tpb018v_6lm.lef", "gds file": "$TSMC180RF_Standard_IO/../../../tpb018v_190a/TSMCHOME/digital/Back_End/gds/tpb018v_190a/cup/6lm/tpb018v.gds"} has no supplies annotation! Using anyway.
[tech] Level.WARNING: Lib {"lef file": "$TSMC180RF_MODIFIED/tsmc018_6lm4X1U_40KAUTM_7T.tlef"} has no supplies annotation! Using anyway.
[tech] Level.WARNING: Lib {"lef file": "$TSMC180RF_Standard_IO/../../../tpb018v_190a/TSMCHOME/digital/Back_End/lef/tpb018v_190a/cup/6lm/lef/tpb018v_6lm.lef", "gds file": "$TSMC180RF_Standard_IO/../../../tpb018v_190a/TSMCHOME/digital/Back_End/gds/tpb018v_190a/cup/6lm/tpb018v.gds"} has no supplies annotation! Using anyway.
[tech] Level.WARNING: Lib {"lef file": "$TSMC180RF_MODIFIED/tsmc018_6lm4X1U_40KAUTM_7T.tlef"} has no supplies annotation! Using anyway.
[tech] Level.WARNING: Lib {"lef file": "$TSMC180RF_Standard_IO/../../../tpb018v_190a/TSMCHOME/digital/Back_End/lef/tpb018v_190a/cup/6lm/lef/tpb018v_6lm.lef", "gds file": "$TSMC180RF_Standard_IO/../../../tpb018v_190a/TSMCHOME/digital/Back_End/gds/tpb018v_190a/cup/6lm/tpb018v.gds"} has no supplies annotation! Using anyway.
[tech] Level.WARNING: Lib {"lef file": "$TSMC180RF_MODIFIED/tsmc018_6lm4X1U_40KAUTM_7T.tlef"} has no supplies annotation! Using anyway.
[tech] Level.WARNING: Lib {"lef file": "$TSMC180RF_Standard_IO/../../../tpb018v_190a/TSMCHOME/digital/Back_End/lef/tpb018v_190a/cup/6lm/lef/tpb018v_6lm.lef", "gds file": "$TSMC180RF_Standard_IO/../../../tpb018v_190a/TSMCHOME/digital/Back_End/gds/tpb018v_190a/cup/6lm/tpb018v.gds"} has no supplies annotation! Using anyway.
[par] Level.DEBUG: Running sub-step 'tsmc180_innovus_settings'
[par] Level.DEBUG: Running sub-step 'floorplan_design'
[par] Level.DEBUG: Running sub-step 'place_bumps'
[par] Level.DEBUG: Running sub-step 'tsmc180_add_endcaps'
[par] Level.DEBUG: Running sub-step 'place_tap_cells'
[par] Level.WARNING: You have not overridden place_tap_cells. By default this step adds a simple set of tapcells or does nothing; you will have trouble with power strap creation later.
[par] Level.DEBUG: Running sub-step 'power_straps'
[par] Level.DEBUG: Running sub-step 'place_pins'
[par] Level.DEBUG: Running sub-step 'place_opt_design'
[par] Level.DEBUG: Running sub-step 'innovus_snap_floorplan'
[par] Level.DEBUG: Running sub-step 'clock_tree'
[par] Level.DEBUG: Running sub-step 'add_fillers'
[par] Level.DEBUG: Running sub-step 'route_design'
[par] Level.DEBUG: Running sub-step 'opt_design'
[par] Level.DEBUG: Running sub-step 'write_regs'
[par] Level.DEBUG: Running sub-step 'innovus_overwrite_write_sdf_funct'
[par] Level.DEBUG: Running sub-step 'innovus_extra_reports'
[par] Level.DEBUG: Running sub-step 'write_design'
[tech] Level.WARNING: Lib {"lef file": "$TSMC180RF_MODIFIED/tsmc018_6lm4X1U_40KAUTM_7T.tlef"} has no supplies annotation! Using anyway.
[tech] Level.WARNING: Lib {"lef file": "$TSMC180RF_Standard_IO/../../../tpb018v_190a/TSMCHOME/digital/Back_End/lef/tpb018v_190a/cup/6lm/lef/tpb018v_6lm.lef", "gds file": "$TSMC180RF_Standard_IO/../../../tpb018v_190a/TSMCHOME/digital/Back_End/gds/tpb018v_190a/cup/6lm/tpb018v.gds"} has no supplies annotation! Using anyway.
[par] Level.DEBUG: Running persistent sub-step 'innovus_global_settings' before 'init_design'
[par] Level.DEBUG: Executing subprocess: /w/apps4/Cadence/INNOVUS211/bin/innovus -nowin -common_ui -files /w/home.04/home/devlin11780/Desktop/ece209bs/Tapeout/conv_filter_chip/ee209-hammer-internal/build/par-rundir/par.tcl
[par] [Exec ...11/bin/innovus -nowin -common_...] Level.DEBUG: 
[par] [Exec ...11/bin/innovus -nowin -common_...] Level.DEBUG: Cadence Innovus(TM) Implementation System.
[par] [Exec ...11/bin/innovus -nowin -common_...] Level.DEBUG: Copyright 2021 Cadence Design Systems, Inc. All rights reserved worldwide.
[par] [Exec ...11/bin/innovus -nowin -common_...] Level.DEBUG: 
[par] [Exec ...11/bin/innovus -nowin -common_...] Level.DEBUG: Version:	v21.19-s058_1, built Thu Apr 4 09:59:17 PDT 2024
[par] [Exec ...11/bin/innovus -nowin -common_...] Level.DEBUG: Options:	-nowin -common_ui -files /w/home.04/home/devlin11780/Desktop/ece209bs/Tapeout/conv_filter_chip/ee209-hammer-internal/build/par-rundir/par.tcl
[par] [Exec ...11/bin/innovus -nowin -common_...] Level.DEBUG: Date:		Thu Apr 23 17:31:36 2026
[par] [Exec ...11/bin/innovus -nowin -common_...] Level.DEBUG: Host:		eeapps01.labidm.seas.ucla.edu (x86_64 w/Linux 4.18.0-553.85.1.el8_10.x86_64) (8cores*32cpus*Intel(R) Xeon(R) CPU E5-2630 v3 @ 2.40GHz 20480KB)
[par] [Exec ...11/bin/innovus -nowin -common_...] Level.DEBUG: OS:		Red Hat Enterprise Linux 8.10 (Ootpa)
[par] [Exec ...11/bin/innovus -nowin -common_...] Level.DEBUG: 
[par] [Exec ...11/bin/innovus -nowin -common_...] Level.DEBUG: License:
[par] [Exec ...11/bin/innovus -nowin -common_...] Level.DEBUG: 		[17:31:36.224681] Configured Lic search path (21.01-s002): 5281@lm-cadence.seas.ucla.edu
[par] [Exec ...11/bin/innovus -nowin -common_...] Level.DEBUG: 
[par] [Exec ...11/bin/innovus -nowin -common_...] Level.DEBUG: 		invs	Innovus Implementation System	21.1	checkout succeeded
[par] [Exec ...11/bin/innovus -nowin -common_...] Level.DEBUG: 		8 CPU jobs allowed with the current license(s). Use set_multi_cpu_usage to set your required CPU count.
[par] [Exec ...11/bin/innovus -nowin -common_...] Level.DEBUG: 
[par] [Exec ...11/bin/innovus -nowin -common_...] Level.DEBUG: 
[par] [Exec ...11/bin/innovus -nowin -common_...] Level.DEBUG: **WARN: (IMPOPT-801):	Genus executable not found in PATH. Install Genus, add the path to the genus executable in the PATH variable and rerun Innovus.
[par] [Exec ...11/bin/innovus -nowin -common_...] Level.DEBUG: Create and set the environment variable TMPDIR to /tmp/innovus_temp_939523_eeapps01.labidm.seas.ucla.edu_devlin11780_J1wMs5.
[par] [Exec ...11/bin/innovus -nowin -common_...] Level.DEBUG: 
[par] [Exec ...11/bin/innovus -nowin -common_...] Level.DEBUG: Change the soft stacksize limit to 0.2%RAM (127 mbytes). Set global soft_stack_size_limit to change the value.
[par] [Exec ...11/bin/innovus -nowin -common_...] Level.DEBUG: 
[par] [Exec ...11/bin/innovus -nowin -common_...] Level.DEBUG: **INFO:  MMMC transition support version v31-84
[par] [Exec ...11/bin/innovus -nowin -common_...] Level.DEBUG: 
[par] [Exec ...11/bin/innovus -nowin -common_...] Level.DEBUG: [INFO] Loading PVS 23.11 fill procedures
[par] [Exec ...11/bin/innovus -nowin -common_...] Level.DEBUG: **WARN: Tk package not loaded. The PVS fill DRC monitor is disabled.
[par] [Exec ...11/bin/innovus -nowin -common_...] Level.DEBUG: #@ Processing -files option
[par] [Exec ...11/bin/innovus -nowin -common_...] Level.DEBUG: @innovus 1> source /w/home.04/home/devlin11780/Desktop/ece209bs/Tapeout/conv_filter_chip/ee209-hammer-internal/build/par-rundir/par.tcl
[par] [Exec ...11/bin/innovus -nowin -common_...] Level.DEBUG: #@ Begin verbose source (pre): source /w/home.04/home/devlin11780/Desktop/ece209bs/Tapeout/conv_filter_chip/ee209-hammer-internal/build/par-rundir/par.tcl
[par] [Exec ...11/bin/innovus -nowin -common_...] Level.DEBUG: @file 1: puts "set_db design_process_node 180"
[par] [Exec ...11/bin/innovus -nowin -common_...] Level.DEBUG: set_db design_process_node 180
[par] [Exec ...11/bin/innovus -nowin -common_...] Level.DEBUG: @@file 2: set_db design_process_node 180
[par] [Exec ...11/bin/innovus -nowin -common_...] Level.DEBUG: ##  Process: 180           (User Set)
[par] [Exec ...11/bin/innovus -nowin -common_...] Level.DEBUG: ##     Node: (not set)
[par] [Exec ...11/bin/innovus -nowin -common_...] Level.DEBUG: 
[par] [Exec ...11/bin/innovus -nowin -common_...] Level.DEBUG: ##  Check design process and node:
[par] [Exec ...11/bin/innovus -nowin -common_...] Level.DEBUG: ##  Design tech node is not set.
[par] [Exec ...11/bin/innovus -nowin -common_...] Level.DEBUG: 
[par] [Exec ...11/bin/innovus -nowin -common_...] Level.DEBUG: Applying the recommended capacitance filtering threshold values for 180nm process node: total_c_th=5, relative_c_th=0.03 and coupling_c_th=3.
[par] [Exec ...11/bin/innovus -nowin -common_...] Level.DEBUG: 	These values will be used by all post-route extraction engines, including TQuantus, IQuantus and Quantus QRC extraction.
[par] [Exec ...11/bin/innovus -nowin -common_...] Level.DEBUG: 	For post_route extract_rc_effort_level low extraction, the coupling_c_th value will be used only when the extract_rc_cap_filter_mode parameter of the set_db command is set to relative_and_coupling or relative_or_coupling. Default value of extract_rc_cap_filter_mode parameter in post_route extraction extract_rc_effort_level low is relative_only.
[par] [Exec ...11/bin/innovus -nowin -common_...] Level.DEBUG: 	The accuracy mode for post_route extract_rc_effort_level low extraction will be set to 'standard'.
[par] [Exec ...11/bin/innovus -nowin -common_...] Level.DEBUG: 	Default value for EffortLevel(extract_rc_effort_level option of the set_db) in post_route extraction mode is 'low'.
[par] [Exec ...11/bin/innovus -nowin -common_...] Level.DEBUG: @file 3: puts "set_multi_cpu_usage -local_cpu 4"
[par] [Exec ...11/bin/innovus -nowin -common_...] Level.DEBUG: set_multi_cpu_usage -local_cpu 4
[par] [Exec ...11/bin/innovus -nowin -common_...] Level.DEBUG: @@file 4: set_multi_cpu_usage -local_cpu 4
[par] [Exec ...11/bin/innovus -nowin -common_...] Level.DEBUG: @file 5: puts "set_db timing_analysis_cppr both"
[par] [Exec ...11/bin/innovus -nowin -common_...] Level.DEBUG: set_db timing_analysis_cppr both
[par] [Exec ...11/bin/innovus -nowin -common_...] Level.DEBUG: @@file 6: set_db timing_analysis_cppr both
[par] [Exec ...11/bin/innovus -nowin -common_...] Level.DEBUG: @file 7: puts "set_db timing_analysis_type ocv"
[par] [Exec ...11/bin/innovus -nowin -common_...] Level.DEBUG: set_db timing_analysis_type ocv
[par] [Exec ...11/bin/innovus -nowin -common_...] Level.DEBUG: @@file 8: set_db timing_analysis_type ocv
[par] [Exec ...11/bin/innovus -nowin -common_...] Level.DEBUG: @file 9: puts "set_library_unit -time 1ns"
[par] [Exec ...11/bin/innovus -nowin -common_...] Level.DEBUG: set_library_unit -time 1ns
[par] [Exec ...11/bin/innovus -nowin -common_...] Level.DEBUG: @@file 10: set_library_unit -time 1ns
[par] [Exec ...11/bin/innovus -nowin -common_...] Level.DEBUG: @file 11: puts "set_db init_design_uniquify true"
[par] [Exec ...11/bin/innovus -nowin -common_...] Level.DEBUG: set_db init_design_uniquify true
[par] [Exec ...11/bin/innovus -nowin -common_...] Level.DEBUG: @@file 12: set_db init_design_uniquify true
[par] [Exec ...11/bin/innovus -nowin -common_...] Level.DEBUG: @file 13: puts "set_db si_delay_separate_on_data true"
[par] [Exec ...11/bin/innovus -nowin -common_...] Level.DEBUG: set_db si_delay_separate_on_data true
[par] [Exec ...11/bin/innovus -nowin -common_...] Level.DEBUG: @@file 14: set_db si_delay_separate_on_data true
[par] [Exec ...11/bin/innovus -nowin -common_...] Level.DEBUG: @file 15: puts "set_db si_delay_enable_report true"
[par] [Exec ...11/bin/innovus -nowin -common_...] Level.DEBUG: set_db si_delay_enable_report true
[par] [Exec ...11/bin/innovus -nowin -common_...] Level.DEBUG: @@file 16: set_db si_delay_enable_report true
[par] [Exec ...11/bin/innovus -nowin -common_...] Level.DEBUG: @file 17: puts "read_physical -lef { /w/class.1/ee/ee209b/ee209bta/TSMC180PDK/EXTRAS/tsmc018_6lm4X1U_40KAUTM_7T.tlef /w/class.1/ee/ee209b/ee209bta/TSMC180PDK/Standard_Cells_and_IO/180_G_Standard_Cell/core_cell_library/core_cell_library/7-track/tcb018gbwp7t_290a/TSMCHOME/digital/Back_End/lef/tcb018gbwp7t_270a/lef/tcb018gbwp7t_6lm.lef /w/class.1/ee/ee209b/ee209bta/TSMC180PDK/EXTRAS/tpd018nv_6lm_modified.lef /w/class.1/ee/ee209b/ee209bta/TSMC180PDK/Standard_Cells_and_IO/180_G_Standard_IO/Standard_IO/Standard_IO/tpd018nv_280a/TSMCHOME/digital/../../../tpb018v_190a/TSMCHOME/digital/Back_End/lef/tpb018v_190a/cup/6lm/lef/tpb018v_6lm.lef }"
[par] [Exec ...11/bin/innovus -nowin -common_...] Level.DEBUG: read_physical -lef { /w/class.1/ee/ee209b/ee209bta/TSMC180PDK/EXTRAS/tsmc018_6lm4X1U_40KAUTM_7T.tlef /w/class.1/ee/ee209b/ee209bta/TSMC180PDK/Standard_Cells_and_IO/180_G_Standard_Cell/core_cell_library/core_cell_library/7-track/tcb018gbwp7t_290a/TSMCHOME/digital/Back_End/lef/tcb018gbwp7t_270a/lef/tcb018gbwp7t_6lm.lef /w/class.1/ee/ee209b/ee209bta/TSMC180PDK/EXTRAS/tpd018nv_6lm_modified.lef /w/class.1/ee/ee209b/ee209bta/TSMC180PDK/Standard_Cells_and_IO/180_G_Standard_IO/Standard_IO/Standard_IO/tpd018nv_280a/TSMCHOME/digital/../../../tpb018v_190a/TSMCHOME/digital/Back_End/lef/tpb018v_190a/cup/6lm/lef/tpb018v_6lm.lef }
[par] [Exec ...11/bin/innovus -nowin -common_...] Level.DEBUG: @@file 18: read_physical -lef { /w/class.1/ee/ee209b/ee209bta/TSMC180PDK/EXTRAS/tsmc018_6lm4X1U_40KAUTM_7T.tlef /w/class.1/ee/ee209b/ee209bta/TSMC180PDK/Standard_Cells_and_IO/180_G_Standard_Cell/core_cell_library/core_cell_library/7-track/tcb018gbwp7t_290a/TSMCHOME/digital/Back_End/lef/tcb018gbwp7t_270a/lef/tcb018gbwp7t_6lm.lef /w/class.1/ee/ee209b/ee209bta/TSMC180PDK/EXTRAS/tpd018nv_6lm_modified.lef /w/class.1/ee/ee209b/ee209bta/TSMC180PDK/Standard_Cells_and_IO/180_G_Standard_IO/Standard_IO/Standard_IO/tpd018nv_280a/TSMCHOME/digital/../../../tpb018v_190a/TSMCHOME/digital/Back_End/lef/tpb018v_190a/cup/6lm/lef/tpb018v_6lm.lef }
[par] [Exec ...11/bin/innovus -nowin -common_...] Level.DEBUG: 
[par] [Exec ...11/bin/innovus -nowin -common_...] Level.DEBUG: Loading LEF file /w/class.1/ee/ee209b/ee209bta/TSMC180PDK/EXTRAS/tsmc018_6lm4X1U_40KAUTM_7T.tlef ...
[par] [Exec ...11/bin/innovus -nowin -common_...] Level.DEBUG: 
[par] [Exec ...11/bin/innovus -nowin -common_...] Level.DEBUG: Loading LEF file /w/class.1/ee/ee209b/ee209bta/TSMC180PDK/Standard_Cells_and_IO/180_G_Standard_Cell/core_cell_library/core_cell_library/7-track/tcb018gbwp7t_290a/TSMCHOME/digital/Back_End/lef/tcb018gbwp7t_270a/lef/tcb018gbwp7t_6lm.lef ...
[par] [Exec ...11/bin/innovus -nowin -common_...] Level.DEBUG: **WARN: (IMPLF-119):	LAYER 'POLY1' has been found in the database. Its content except ANTENNA* data will be ignored.
[par] [Exec ...11/bin/innovus -nowin -common_...] Level.DEBUG: Review the LEF files specified in the init_lef_files variable and remove redundant definitions.
[par] [Exec ...11/bin/innovus -nowin -common_...] Level.DEBUG: Type 'man IMPLF-119' for more detail.
[par] [Exec ...11/bin/innovus -nowin -common_...] Level.DEBUG: **WARN: (IMPLF-119):	LAYER 'POLY2' has been found in the database. Its content except ANTENNA* data will be ignored.
[par] [Exec ...11/bin/innovus -nowin -common_...] Level.DEBUG: Review the LEF files specified in the init_lef_files variable and remove redundant definitions.
[par] [Exec ...11/bin/innovus -nowin -common_...] Level.DEBUG: Type 'man IMPLF-119' for more detail.
[par] [Exec ...11/bin/innovus -nowin -common_...] Level.DEBUG: **WARN: (IMPLF-119):	LAYER 'CONT' has been found in the database. Its content except ANTENNA* data will be ignored.
[par] [Exec ...11/bin/innovus -nowin -common_...] Level.DEBUG: Review the LEF files specified in the init_lef_files variable and remove redundant definitions.
[par] [Exec ...11/bin/innovus -nowin -common_...] Level.DEBUG: Type 'man IMPLF-119' for more detail.
[par] [Exec ...11/bin/innovus -nowin -common_...] Level.DEBUG: **WARN: (IMPLF-119):	LAYER 'METAL1' has been found in the database. Its content except ANTENNA* data will be ignored.
[par] [Exec ...11/bin/innovus -nowin -common_...] Level.DEBUG: Review the LEF files specified in the init_lef_files variable and remove redundant definitions.
[par] [Exec ...11/bin/innovus -nowin -common_...] Level.DEBUG: Type 'man IMPLF-119' for more detail.
[par] [Exec ...11/bin/innovus -nowin -common_...] Level.DEBUG: **WARN: (IMPLF-119):	LAYER 'VIA12' has been found in the database. Its content except ANTENNA* data will be ignored.
[par] [Exec ...11/bin/innovus -nowin -common_...] Level.DEBUG: Review the LEF files specified in the init_lef_files variable and remove redundant definitions.
[par] [Exec ...11/bin/innovus -nowin -common_...] Level.DEBUG: Type 'man IMPLF-119' for more detail.
[par] [Exec ...11/bin/innovus -nowin -common_...] Level.DEBUG: **WARN: (IMPLF-119):	LAYER 'METAL2' has been found in the database. Its content except ANTENNA* data will be ignored.
[par] [Exec ...11/bin/innovus -nowin -common_...] Level.DEBUG: Review the LEF files specified in the init_lef_files variable and remove redundant definitions.
[par] [Exec ...11/bin/innovus -nowin -common_...] Level.DEBUG: Type 'man IMPLF-119' for more detail.
[par] [Exec ...11/bin/innovus -nowin -common_...] Level.DEBUG: **WARN: (IMPLF-119):	LAYER 'VIA23' has been found in the database. Its content except ANTENNA* data will be ignored.
[par] [Exec ...11/bin/innovus -nowin -common_...] Level.DEBUG: Review the LEF files specified in the init_lef_files variable and remove redundant definitions.
[par] [Exec ...11/bin/innovus -nowin -common_...] Level.DEBUG: Type 'man IMPLF-119' for more detail.
[par] [Exec ...11/bin/innovus -nowin -common_...] Level.DEBUG: **WARN: (IMPLF-119):	LAYER 'METAL3' has been found in the database. Its content except ANTENNA* data will be ignored.
[par] [Exec ...11/bin/innovus -nowin -common_...] Level.DEBUG: Review the LEF files specified in the init_lef_files variable and remove redundant definitions.
[par] [Exec ...11/bin/innovus -nowin -common_...] Level.DEBUG: Type 'man IMPLF-119' for more detail.
[par] [Exec ...11/bin/innovus -nowin -common_...] Level.DEBUG: **WARN: (IMPLF-119):	LAYER 'VIA34' has been found in the database. Its content except ANTENNA* data will be ignored.
[par] [Exec ...11/bin/innovus -nowin -common_...] Level.DEBUG: Review the LEF files specified in the init_lef_files variable and remove redundant definitions.
[par] [Exec ...11/bin/innovus -nowin -common_...] Level.DEBUG: Type 'man IMPLF-119' for more detail.
[par] [Exec ...11/bin/innovus -nowin -common_...] Level.DEBUG: **WARN: (IMPLF-119):	LAYER 'METAL4' has been found in the database. Its content except ANTENNA* data will be ignored.
[par] [Exec ...11/bin/innovus -nowin -common_...] Level.DEBUG: Review the LEF files specified in the init_lef_files variable and remove redundant definitions.
[par] [Exec ...11/bin/innovus -nowin -common_...] Level.DEBUG: Type 'man IMPLF-119' for more detail.
[par] [Exec ...11/bin/innovus -nowin -common_...] Level.DEBUG: **WARN: (IMPLF-119):	LAYER 'VIA45' has been found in the database. Its content except ANTENNA* data will be ignored.
[par] [Exec ...11/bin/innovus -nowin -common_...] Level.DEBUG: Review the LEF files specified in the init_lef_files variable and remove redundant definitions.
[par] [Exec ...11/bin/innovus -nowin -common_...] Level.DEBUG: Type 'man IMPLF-119' for more detail.
[par] [Exec ...11/bin/innovus -nowin -common_...] Level.DEBUG: **WARN: (IMPLF-119):	LAYER 'METAL5' has been found in the database. Its content except ANTENNA* data will be ignored.
[par] [Exec ...11/bin/innovus -nowin -common_...] Level.DEBUG: Review the LEF files specified in the init_lef_files variable and remove redundant definitions.
[par] [Exec ...11/bin/innovus -nowin -common_...] Level.DEBUG: Type 'man IMPLF-119' for more detail.
[par] [Exec ...11/bin/innovus -nowin -common_...] Level.DEBUG: **WARN: (IMPLF-119):	LAYER 'VIA56' has been found in the database. Its content except ANTENNA* data will be ignored.
[par] [Exec ...11/bin/innovus -nowin -common_...] Level.DEBUG: Review the LEF files specified in the init_lef_files variable and remove redundant definitions.
[par] [Exec ...11/bin/innovus -nowin -common_...] Level.DEBUG: Type 'man IMPLF-119' for more detail.
[par] [Exec ...11/bin/innovus -nowin -common_...] Level.DEBUG: **WARN: (IMPLF-119):	LAYER 'METAL6' has been found in the database. Its content except ANTENNA* data will be ignored.
[par] [Exec ...11/bin/innovus -nowin -common_...] Level.DEBUG: Review the LEF files specified in the init_lef_files variable and remove redundant definitions.
[par] [Exec ...11/bin/innovus -nowin -common_...] Level.DEBUG: Type 'man IMPLF-119' for more detail.
[par] [Exec ...11/bin/innovus -nowin -common_...] Level.DEBUG: **WARN: (IMPLF-119):	LAYER 'OVERLAP' has been found in the database. Its content except ANTENNA* data will be ignored.
[par] [Exec ...11/bin/innovus -nowin -common_...] Level.DEBUG: Review the LEF files specified in the init_lef_files variable and remove redundant definitions.
[par] [Exec ...11/bin/innovus -nowin -common_...] Level.DEBUG: Type 'man IMPLF-119' for more detail.
[par] [Exec ...11/bin/innovus -nowin -common_...] Level.DEBUG: **ERROR: (IMPLF-223):	The LEF via 'VIA12_HV' definition already exists in the database. The current definition will be ignored. Ensure that you have not specified duplicate LEF files or LEF files with duplicate via definition.
[par] [Exec ...11/bin/innovus -nowin -common_...] Level.DEBUG: Type 'man IMPLF-223' for more detail.
[par] [Exec ...11/bin/innovus -nowin -common_...] Level.DEBUG: **ERROR: (IMPLF-223):	The LEF via 'VIA12_VH' definition already exists in the database. The current definition will be ignored. Ensure that you have not specified duplicate LEF files or LEF files with duplicate via definition.
[par] [Exec ...11/bin/innovus -nowin -common_...] Level.DEBUG: Type 'man IMPLF-223' for more detail.
[par] [Exec ...11/bin/innovus -nowin -common_...] Level.DEBUG: **ERROR: (IMPLF-223):	The LEF via 'VIA12_HH' definition already exists in the database. The current definition will be ignored. Ensure that you have not specified duplicate LEF files or LEF files with duplicate via definition.
[par] [Exec ...11/bin/innovus -nowin -common_...] Level.DEBUG: Type 'man IMPLF-223' for more detail.
[par] [Exec ...11/bin/innovus -nowin -common_...] Level.DEBUG: **ERROR: (IMPLF-223):	The LEF via 'VIA12_VV' definition already exists in the database. The current definition will be ignored. Ensure that you have not specified duplicate LEF files or LEF files with duplicate via definition.
[par] [Exec ...11/bin/innovus -nowin -common_...] Level.DEBUG: Type 'man IMPLF-223' for more detail.
[par] [Exec ...11/bin/innovus -nowin -common_...] Level.DEBUG: **ERROR: (IMPLF-223):	The LEF via 'VIA2' definition already exists in the database. The current definition will be ignored. Ensure that you have not specified duplicate LEF files or LEF files with duplicate via definition.
[par] [Exec ...11/bin/innovus -nowin -common_...] Level.DEBUG: Type 'man IMPLF-223' for more detail.
[par] [Exec ...11/bin/innovus -nowin -common_...] Level.DEBUG: **ERROR: (IMPLF-223):	The LEF via 'VIA2NORTH' definition already exists in the database. The current definition will be ignored. Ensure that you have not specified duplicate LEF files or LEF files with duplicate via definition.
[par] [Exec ...11/bin/innovus -nowin -common_...] Level.DEBUG: Type 'man IMPLF-223' for more detail.
[par] [Exec ...11/bin/innovus -nowin -common_...] Level.DEBUG: **ERROR: (IMPLF-223):	The LEF via 'VIA2SOUTH' definition already exists in the database. The current definition will be ignored. Ensure that you have not specified duplicate LEF files or LEF files with duplicate via definition.
[par] [Exec ...11/bin/innovus -nowin -common_...] Level.DEBUG: Type 'man IMPLF-223' for more detail.
[par] [Exec ...11/bin/innovus -nowin -common_...] Level.DEBUG: **ERROR: (IMPLF-223):	The LEF via 'VIA3' definition already exists in the database. The current definition will be ignored. Ensure that you have not specified duplicate LEF files or LEF files with duplicate via definition.
[par] [Exec ...11/bin/innovus -nowin -common_...] Level.DEBUG: Type 'man IMPLF-223' for more detail.
[par] [Exec ...11/bin/innovus -nowin -common_...] Level.DEBUG: **ERROR: (IMPLF-223):	The LEF via 'VIA3EAST' definition already exists in the database. The current definition will be ignored. Ensure that you have not specified duplicate LEF files or LEF files with duplicate via definition.
[par] [Exec ...11/bin/innovus -nowin -common_...] Level.DEBUG: Type 'man IMPLF-223' for more detail.
[par] [Exec ...11/bin/innovus -nowin -common_...] Level.DEBUG: **ERROR: (IMPLF-223):	The LEF via 'VIA3WEST' definition already exists in the database. The current definition will be ignored. Ensure that you have not specified duplicate LEF files or LEF files with duplicate via definition.
[par] [Exec ...11/bin/innovus -nowin -common_...] Level.DEBUG: Type 'man IMPLF-223' for more detail.
[par] [Exec ...11/bin/innovus -nowin -common_...] Level.DEBUG: **ERROR: (IMPLF-223):	The LEF via 'VIA4' definition already exists in the database. The current definition will be ignored. Ensure that you have not specified duplicate LEF files or LEF files with duplicate via definition.
[par] [Exec ...11/bin/innovus -nowin -common_...] Level.DEBUG: Type 'man IMPLF-223' for more detail.
[par] [Exec ...11/bin/innovus -nowin -common_...] Level.DEBUG: **ERROR: (IMPLF-223):	The LEF via 'VIA4NORTH' definition already exists in the database. The current definition will be ignored. Ensure that you have not specified duplicate LEF files or LEF files with duplicate via definition.
[par] [Exec ...11/bin/innovus -nowin -common_...] Level.DEBUG: Type 'man IMPLF-223' for more detail.
[par] [Exec ...11/bin/innovus -nowin -common_...] Level.DEBUG: **ERROR: (IMPLF-223):	The LEF via 'VIA4SOUTH' definition already exists in the database. The current definition will be ignored. Ensure that you have not specified duplicate LEF files or LEF files with duplicate via definition.
[par] [Exec ...11/bin/innovus -nowin -common_...] Level.DEBUG: Type 'man IMPLF-223' for more detail.
[par] [Exec ...11/bin/innovus -nowin -common_...] Level.DEBUG: **ERROR: (IMPLF-223):	The LEF via 'VIA5' definition already exists in the database. The current definition will be ignored. Ensure that you have not specified duplicate LEF files or LEF files with duplicate via definition.
[par] [Exec ...11/bin/innovus -nowin -common_...] Level.DEBUG: Type 'man IMPLF-223' for more detail.
[par] [Exec ...11/bin/innovus -nowin -common_...] Level.DEBUG: **ERROR: (IMPLF-223):	The LEF via 'VIA5EAST' definition already exists in the database. The current definition will be ignored. Ensure that you have not specified duplicate LEF files or LEF files with duplicate via definition.
[par] [Exec ...11/bin/innovus -nowin -common_...] Level.DEBUG: Type 'man IMPLF-223' for more detail.
[par] [Exec ...11/bin/innovus -nowin -common_...] Level.DEBUG: **ERROR: (IMPLF-223):	The LEF via 'VIA5WEST' definition already exists in the database. The current definition will be ignored. Ensure that you have not specified duplicate LEF files or LEF files with duplicate via definition.
[par] [Exec ...11/bin/innovus -nowin -common_...] Level.DEBUG: Type 'man IMPLF-223' for more detail.
[par] [Exec ...11/bin/innovus -nowin -common_...] Level.DEBUG: **WARN: (IMPLF-151):	The viaRule 'VIAGEN12' has been defined, the content will be skipped.
[par] [Exec ...11/bin/innovus -nowin -common_...] Level.DEBUG: **WARN: (IMPLF-151):	The viaRule 'VIAGEN23' has been defined, the content will be skipped.
[par] [Exec ...11/bin/innovus -nowin -common_...] Level.DEBUG: **WARN: (IMPLF-151):	The viaRule 'VIAGEN34' has been defined, the content will be skipped.
[par] [Exec ...11/bin/innovus -nowin -common_...] Level.DEBUG: **WARN: (IMPLF-151):	The viaRule 'VIAGEN45' has been defined, the content will be skipped.
[par] [Exec ...11/bin/innovus -nowin -common_...] Level.DEBUG: **WARN: (IMPLF-151):	The viaRule 'VIAGEN56' has been defined, the content will be skipped.
[par] [Exec ...11/bin/innovus -nowin -common_...] Level.DEBUG: Set DBUPerIGU to M2 pitch 1120.
[par] [Exec ...11/bin/innovus -nowin -common_...] Level.DEBUG: 
[par] [Exec ...11/bin/innovus -nowin -common_...] Level.DEBUG: Loading LEF file /w/class.1/ee/ee209b/ee209bta/TSMC180PDK/EXTRAS/tpd018nv_6lm_modified.lef ...
[par] [Exec ...11/bin/innovus -nowin -common_...] Level.DEBUG: WARNING (LEFPARS-2001): No VERSION statement found, using the default value 5.8. See file /w/class.1/ee/ee209b/ee209bta/TSMC180PDK/EXTRAS/tpd018nv_6lm_modified.lef at line 7149.
[par] [Exec ...11/bin/innovus -nowin -common_...] Level.DEBUG: 
[par] [Exec ...11/bin/innovus -nowin -common_...] Level.DEBUG: Loading LEF file /w/class.1/ee/ee209b/ee209bta/TSMC180PDK/Standard_Cells_and_IO/180_G_Standard_IO/Standard_IO/Standard_IO/tpd018nv_280a/TSMCHOME/digital/../../../tpb018v_190a/TSMCHOME/digital/Back_End/lef/tpb018v_190a/cup/6lm/lef/tpb018v_6lm.lef ...
[par] [Exec ...11/bin/innovus -nowin -common_...] Level.DEBUG: WARNING (LEFPARS-2001): No VERSION statement found, using the default value 5.8. See file /w/class.1/ee/ee209b/ee209bta/TSMC180PDK/Standard_Cells_and_IO/180_G_Standard_IO/Standard_IO/Standard_IO/tpd018nv_280a/TSMCHOME/digital/../../../tpb018v_190a/TSMCHOME/digital/Back_End/lef/tpb018v_190a/cup/6lm/lef/tpb018v_6lm.lef at line 329.
[par] [Exec ...11/bin/innovus -nowin -common_...] Level.DEBUG: **WARN: (IMPLF-201):	Pin 'XO' in macro 'PXOE2CDG' has no ANTENNADIFFAREA value defined. The library data is incomplete and some process antenna rules will not be checked correctly.
[par] [Exec ...11/bin/innovus -nowin -common_...] Level.DEBUG: Type 'man IMPLF-201' for more detail.
[par] [Exec ...11/bin/innovus -nowin -common_...] Level.DEBUG: **WARN: (IMPLF-200):	Pin 'XI' in macro 'PXOE2CDG' has no ANTENNAGATEAREA value defined. The library data is incomplete and some process antenna rules will not be checked correctly.
[par] [Exec ...11/bin/innovus -nowin -common_...] Level.DEBUG: Type 'man IMPLF-200' for more detail.
[par] [Exec ...11/bin/innovus -nowin -common_...] Level.DEBUG: **WARN: (IMPLF-200):	Pin 'XE' in macro 'PXOE2CDG' has no ANTENNAGATEAREA value defined. The library data is incomplete and some process antenna rules will not be checked correctly.
[par] [Exec ...11/bin/innovus -nowin -common_...] Level.DEBUG: Type 'man IMPLF-200' for more detail.
[par] [Exec ...11/bin/innovus -nowin -common_...] Level.DEBUG: **WARN: (IMPLF-201):	Pin 'XC' in macro 'PXOE2CDG' has no ANTENNADIFFAREA value defined. The library data is incomplete and some process antenna rules will not be checked correctly.
[par] [Exec ...11/bin/innovus -nowin -common_...] Level.DEBUG: Type 'man IMPLF-201' for more detail.
[par] [Exec ...11/bin/innovus -nowin -common_...] Level.DEBUG: **WARN: (IMPLF-201):	Pin 'XO' in macro 'PXOE1CDG' has no ANTENNADIFFAREA value defined. The library data is incomplete and some process antenna rules will not be checked correctly.
[par] [Exec ...11/bin/innovus -nowin -common_...] Level.DEBUG: Type 'man IMPLF-201' for more detail.
[par] [Exec ...11/bin/innovus -nowin -common_...] Level.DEBUG: **WARN: (IMPLF-200):	Pin 'XI' in macro 'PXOE1CDG' has no ANTENNAGATEAREA value defined. The library data is incomplete and some process antenna rules will not be checked correctly.
[par] [Exec ...11/bin/innovus -nowin -common_...] Level.DEBUG: Type 'man IMPLF-200' for more detail.
[par] [Exec ...11/bin/innovus -nowin -common_...] Level.DEBUG: **WARN: (IMPLF-200):	Pin 'XE' in macro 'PXOE1CDG' has no ANTENNAGATEAREA value defined. The library data is incomplete and some process antenna rules will not be checked correctly.
[par] [Exec ...11/bin/innovus -nowin -common_...] Level.DEBUG: Type 'man IMPLF-200' for more detail.
[par] [Exec ...11/bin/innovus -nowin -common_...] Level.DEBUG: **WARN: (IMPLF-201):	Pin 'XC' in macro 'PXOE1CDG' has no ANTENNADIFFAREA value defined. The library data is incomplete and some process antenna rules will not be checked correctly.
[par] [Exec ...11/bin/innovus -nowin -common_...] Level.DEBUG: Type 'man IMPLF-201' for more detail.
[par] [Exec ...11/bin/innovus -nowin -common_...] Level.DEBUG: **WARN: (IMPLF-201):	Pin 'AVSS' in macro 'PVSS2ANA' has no ANTENNADIFFAREA value defined. The library data is incomplete and some process antenna rules will not be checked correctly.
[par] [Exec ...11/bin/innovus -nowin -common_...] Level.DEBUG: Type 'man IMPLF-201' for more detail.
[par] [Exec ...11/bin/innovus -nowin -common_...] Level.DEBUG: **WARN: (IMPLF-200):	Pin 'AVSS' in macro 'PVSS2ANA' has no ANTENNAGATEAREA value defined. The library data is incomplete and some process antenna rules will not be checked correctly.
[par] [Exec ...11/bin/innovus -nowin -common_...] Level.DEBUG: Type 'man IMPLF-200' for more detail.
[par] [Exec ...11/bin/innovus -nowin -common_...] Level.DEBUG: **WARN: (IMPLF-201):	Pin 'AVSS' in macro 'PVSS1ANA' has no ANTENNADIFFAREA value defined. The library data is incomplete and some process antenna rules will not be checked correctly.
[par] [Exec ...11/bin/innovus -nowin -common_...] Level.DEBUG: Type 'man IMPLF-201' for more detail.
[par] [Exec ...11/bin/innovus -nowin -common_...] Level.DEBUG: **WARN: (IMPLF-200):	Pin 'AVSS' in macro 'PVSS1ANA' has no ANTENNAGATEAREA value defined. The library data is incomplete and some process antenna rules will not be checked correctly.
[par] [Exec ...11/bin/innovus -nowin -common_...] Level.DEBUG: Type 'man IMPLF-200' for more detail.
[par] [Exec ...11/bin/innovus -nowin -common_...] Level.DEBUG: **WARN: (IMPLF-201):	Pin 'VDDPST' in macro 'PVDD2POC' has no ANTENNADIFFAREA value defined. The library data is incomplete and some process antenna rules will not be checked correctly.
[par] [Exec ...11/bin/innovus -nowin -common_...] Level.DEBUG: Type 'man IMPLF-201' for more detail.
[par] [Exec ...11/bin/innovus -nowin -common_...] Level.DEBUG: **WARN: (IMPLF-200):	Pin 'VDDPST' in macro 'PVDD2POC' has no ANTENNAGATEAREA value defined. The library data is incomplete and some process antenna rules will not be checked correctly.
[par] [Exec ...11/bin/innovus -nowin -common_...] Level.DEBUG: Type 'man IMPLF-200' for more detail.
[par] [Exec ...11/bin/innovus -nowin -common_...] Level.DEBUG: **WARN: (IMPLF-201):	Pin 'AVDD' in macro 'PVDD2ANA' has no ANTENNADIFFAREA value defined. The library data is incomplete and some process antenna rules will not be checked correctly.
[par] [Exec ...11/bin/innovus -nowin -common_...] Level.DEBUG: Type 'man IMPLF-201' for more detail.
[par] [Exec ...11/bin/innovus -nowin -common_...] Level.DEBUG: **WARN: (IMPLF-200):	Pin 'AVDD' in macro 'PVDD2ANA' has no ANTENNAGATEAREA value defined. The library data is incomplete and some process antenna rules will not be checked correctly.
[par] [Exec ...11/bin/innovus -nowin -common_...] Level.DEBUG: Type 'man IMPLF-200' for more detail.
[par] [Exec ...11/bin/innovus -nowin -common_...] Level.DEBUG: **WARN: (IMPLF-201):	Pin 'AVDD' in macro 'PVDD1ANA' has no ANTENNADIFFAREA value defined. The library data is incomplete and some process antenna rules will not be checked correctly.
[par] [Exec ...11/bin/innovus -nowin -common_...] Level.DEBUG: Type 'man IMPLF-201' for more detail.
[par] [Exec ...11/bin/innovus -nowin -common_...] Level.DEBUG: **WARN: (IMPLF-200):	Pin 'AVDD' in macro 'PVDD1ANA' has no ANTENNAGATEAREA value defined. The library data is incomplete and some process antenna rules will not be checked correctly.
[par] [Exec ...11/bin/innovus -nowin -common_...] Level.DEBUG: Type 'man IMPLF-200' for more detail.
[par] [Exec ...11/bin/innovus -nowin -common_...] Level.DEBUG: **WARN: (IMPLF-200):	Pin 'PE' in macro 'PRUW1216SCDG' has no ANTENNAGATEAREA value defined. The library data is incomplete and some process antenna rules will not be checked correctly.
[par] [Exec ...11/bin/innovus -nowin -common_...] Level.DEBUG: Type 'man IMPLF-200' for more detail.
[par] [Exec ...11/bin/innovus -nowin -common_...] Level.DEBUG: **WARN: (IMPLF-201):	Pin 'PAD' in macro 'PRUW1216SCDG' has no ANTENNADIFFAREA value defined. The library data is incomplete and some process antenna rules will not be checked correctly.
[par] [Exec ...11/bin/innovus -nowin -common_...] Level.DEBUG: Type 'man IMPLF-201' for more detail.
[par] [Exec ...11/bin/innovus -nowin -common_...] Level.DEBUG: **WARN: (IMPLF-200):	Pin 'PAD' in macro 'PRUW1216SCDG' has no ANTENNAGATEAREA value defined. The library data is incomplete and some process antenna rules will not be checked correctly.
[par] [Exec ...11/bin/innovus -nowin -common_...] Level.DEBUG: Type 'man IMPLF-200' for more detail.
[par] [Exec ...11/bin/innovus -nowin -common_...] Level.DEBUG: **WARN: (IMPLF-200):	Pin 'OEN' in macro 'PRUW1216SCDG' has no ANTENNAGATEAREA value defined. The library data is incomplete and some process antenna rules will not be checked correctly.
[par] [Exec ...11/bin/innovus -nowin -common_...] Level.DEBUG: Type 'man IMPLF-200' for more detail.
[par] [Exec ...11/bin/innovus -nowin -common_...] Level.DEBUG: **WARN: (IMPLF-200):	Pin 'IE' in macro 'PRUW1216SCDG' has no ANTENNAGATEAREA value defined. The library data is incomplete and some process antenna rules will not be checked correctly.
[par] [Exec ...11/bin/innovus -nowin -common_...] Level.DEBUG: Type 'man IMPLF-200' for more detail.
[par] [Exec ...11/bin/innovus -nowin -common_...] Level.DEBUG: **WARN: (IMPLF-200):	Pin 'I' in macro 'PRUW1216SCDG' has no ANTENNAGATEAREA value defined. The library data is incomplete and some process antenna rules will not be checked correctly.
[par] [Exec ...11/bin/innovus -nowin -common_...] Level.DEBUG: Type 'man IMPLF-200' for more detail.
[par] [Exec ...11/bin/innovus -nowin -common_...] Level.DEBUG: **WARN: (IMPLF-200):	Pin 'DS' in macro 'PRUW1216SCDG' has no ANTENNAGATEAREA value defined. The library data is incomplete and some process antenna rules will not be checked correctly.
[par] [Exec ...11/bin/innovus -nowin -common_...] Level.DEBUG: Type 'man IMPLF-200' for more detail.
[par] [Exec ...11/bin/innovus -nowin -common_...] Level.DEBUG: **WARN: (IMPLF-201):	Pin 'C' in macro 'PRUW1216SCDG' has no ANTENNADIFFAREA value defined. The library data is incomplete and some process antenna rules will not be checked correctly.
[par] [Exec ...11/bin/innovus -nowin -common_...] Level.DEBUG: Type 'man IMPLF-201' for more detail.
[par] [Exec ...11/bin/innovus -nowin -common_...] Level.DEBUG: **WARN: (IMPLF-200):	Pin 'PE' in macro 'PRUW1216CDG' has no ANTENNAGATEAREA value defined. The library data is incomplete and some process antenna rules will not be checked correctly.
[par] [Exec ...11/bin/innovus -nowin -common_...] Level.DEBUG: Type 'man IMPLF-200' for more detail.
[par] [Exec ...11/bin/innovus -nowin -common_...] Level.DEBUG: **WARN: (IMPLF-201):	Pin 'PAD' in macro 'PRUW1216CDG' has no ANTENNADIFFAREA value defined. The library data is incomplete and some process antenna rules will not be checked correctly.
[par] [Exec ...11/bin/innovus -nowin -common_...] Level.DEBUG: Type 'man IMPLF-201' for more detail.
[par] [Exec ...11/bin/innovus -nowin -common_...] Level.DEBUG: **WARN: (IMPLF-200):	Pin 'PAD' in macro 'PRUW1216CDG' has no ANTENNAGATEAREA value defined. The library data is incomplete and some process antenna rules will not be checked correctly.
[par] [Exec ...11/bin/innovus -nowin -common_...] Level.DEBUG: Type 'man IMPLF-200' for more detail.
[par] [Exec ...11/bin/innovus -nowin -common_...] Level.DEBUG: **WARN: (IMPLF-200):	Pin 'OEN' in macro 'PRUW1216CDG' has no ANTENNAGATEAREA value defined. The library data is incomplete and some process antenna rules will not be checked correctly.
[par] [Exec ...11/bin/innovus -nowin -common_...] Level.DEBUG: Type 'man IMPLF-200' for more detail.
[par] [Exec ...11/bin/innovus -nowin -common_...] Level.DEBUG: **WARN: (IMPLF-200):	Pin 'IE' in macro 'PRUW1216CDG' has no ANTENNAGATEAREA value defined. The library data is incomplete and some process antenna rules will not be checked correctly.
[par] [Exec ...11/bin/innovus -nowin -common_...] Level.DEBUG: Type 'man IMPLF-200' for more detail.
[par] [Exec ...11/bin/innovus -nowin -common_...] Level.DEBUG: **WARN: (IMPLF-200):	Pin 'I' in macro 'PRUW1216CDG' has no ANTENNAGATEAREA value defined. The library data is incomplete and some process antenna rules will not be checked correctly.
[par] [Exec ...11/bin/innovus -nowin -common_...] Level.DEBUG: Type 'man IMPLF-200' for more detail.
[par] [Exec ...11/bin/innovus -nowin -common_...] Level.DEBUG: **WARN: (EMS-27):	Message (IMPLF-200) has exceeded the current message display limit of 20.
[par] [Exec ...11/bin/innovus -nowin -common_...] Level.DEBUG: To increase the message display limit, refer to the product command reference manual.
[par] [Exec ...11/bin/innovus -nowin -common_...] Level.DEBUG: **WARN: (IMPLF-201):	Pin 'C' in macro 'PRUW1216CDG' has no ANTENNADIFFAREA value defined. The library data is incomplete and some process antenna rules will not be checked correctly.
[par] [Exec ...11/bin/innovus -nowin -common_...] Level.DEBUG: Type 'man IMPLF-201' for more detail.
[par] [Exec ...11/bin/innovus -nowin -common_...] Level.DEBUG: **WARN: (IMPLF-201):	Pin 'PAD' in macro 'PRUW0812SCDG' has no ANTENNADIFFAREA value defined. The library data is incomplete and some process antenna rules will not be checked correctly.
[par] [Exec ...11/bin/innovus -nowin -common_...] Level.DEBUG: Type 'man IMPLF-201' for more detail.
[par] [Exec ...11/bin/innovus -nowin -common_...] Level.DEBUG: **WARN: (IMPLF-201):	Pin 'C' in macro 'PRUW0812SCDG' has no ANTENNADIFFAREA value defined. The library data is incomplete and some process antenna rules will not be checked correctly.
[par] [Exec ...11/bin/innovus -nowin -common_...] Level.DEBUG: Type 'man IMPLF-201' for more detail.
[par] [Exec ...11/bin/innovus -nowin -common_...] Level.DEBUG: **WARN: (IMPLF-201):	Pin 'PAD' in macro 'PRUW0812CDG' has no ANTENNADIFFAREA value defined. The library data is incomplete and some process antenna rules will not be checked correctly.
[par] [Exec ...11/bin/innovus -nowin -common_...] Level.DEBUG: Type 'man IMPLF-201' for more detail.
[par] [Exec ...11/bin/innovus -nowin -common_...] Level.DEBUG: **WARN: (IMPLF-201):	Pin 'C' in macro 'PRUW0812CDG' has no ANTENNADIFFAREA value defined. The library data is incomplete and some process antenna rules will not be checked correctly.
[par] [Exec ...11/bin/innovus -nowin -common_...] Level.DEBUG: Type 'man IMPLF-201' for more detail.
[par] [Exec ...11/bin/innovus -nowin -common_...] Level.DEBUG: **WARN: (IMPLF-201):	Pin 'PAD' in macro 'PRUW0408SCDG' has no ANTENNADIFFAREA value defined. The library data is incomplete and some process antenna rules will not be checked correctly.
[par] [Exec ...11/bin/innovus -nowin -common_...] Level.DEBUG: Type 'man IMPLF-201' for more detail.
[par] [Exec ...11/bin/innovus -nowin -common_...] Level.DEBUG: **WARN: (IMPLF-201):	Pin 'C' in macro 'PRUW0408SCDG' has no ANTENNADIFFAREA value defined. The library data is incomplete and some process antenna rules will not be checked correctly.
[par] [Exec ...11/bin/innovus -nowin -common_...] Level.DEBUG: Type 'man IMPLF-201' for more detail.
[par] [Exec ...11/bin/innovus -nowin -common_...] Level.DEBUG: **WARN: (IMPLF-201):	Pin 'PAD' in macro 'PRUW0408CDG' has no ANTENNADIFFAREA value defined. The library data is incomplete and some process antenna rules will not be checked correctly.
[par] [Exec ...11/bin/innovus -nowin -common_...] Level.DEBUG: Type 'man IMPLF-201' for more detail.
[par] [Exec ...11/bin/innovus -nowin -common_...] Level.DEBUG: **WARN: (EMS-27):	Message (IMPLF-201) has exceeded the current message display limit of 20.
[par] [Exec ...11/bin/innovus -nowin -common_...] Level.DEBUG: To increase the message display limit, refer to the product command reference manual.
[par] [Exec ...11/bin/innovus -nowin -common_...] Level.DEBUG: 
[par] [Exec ...11/bin/innovus -nowin -common_...] Level.DEBUG: ##  Check design process and node:
[par] [Exec ...11/bin/innovus -nowin -common_...] Level.DEBUG: ##  Design tech node is not set.
[par] [Exec ...11/bin/innovus -nowin -common_...] Level.DEBUG: 
[par] [Exec ...11/bin/innovus -nowin -common_...] Level.DEBUG: @file 19: puts "read_mmmc /w/home.04/home/devlin11780/Desktop/ece209bs/Tapeout/conv_filter_chip/ee209-hammer-internal/build/par-rundir/mmmc.tcl"
[par] [Exec ...11/bin/innovus -nowin -common_...] Level.DEBUG: read_mmmc /w/home.04/home/devlin11780/Desktop/ece209bs/Tapeout/conv_filter_chip/ee209-hammer-internal/build/par-rundir/mmmc.tcl
[par] [Exec ...11/bin/innovus -nowin -common_...] Level.DEBUG: @@file 20: read_mmmc /w/home.04/home/devlin11780/Desktop/ece209bs/Tapeout/conv_filter_chip/ee209-hammer-internal/build/par-rundir/mmmc.tcl
[par] [Exec ...11/bin/innovus -nowin -common_...] Level.DEBUG: #@ Begin verbose source /w/home.04/home/devlin11780/Desktop/ece209bs/Tapeout/conv_filter_chip/ee209-hammer-internal/build/par-rundir/mmmc.tcl (pre)
[par] [Exec ...11/bin/innovus -nowin -common_...] Level.DEBUG: @file 1: puts "create_constraint_mode -name my_constraint_mode -sdc_files [list /w/home.04/home/devlin11780/Desktop/ece209bs/Tapeout/conv_filter_chip/ee209-hammer-internal/build/syn-rundir/top.mapped.sdc]"
[par] [Exec ...11/bin/innovus -nowin -common_...] Level.DEBUG: create_constraint_mode -name my_constraint_mode -sdc_files /w/home.04/home/devlin11780/Desktop/ece209bs/Tapeout/conv_filter_chip/ee209-hammer-internal/build/syn-rundir/top.mapped.sdc
[par] [Exec ...11/bin/innovus -nowin -common_...] Level.DEBUG: @@file 2: create_constraint_mode -name my_constraint_mode -sdc_files [list /w/home.04/home/devlin11780/Desktop/ece209bs/Tapeout/conv_filter_chip/ee209-hammer-internal/build/syn-rundir/top.mapped.sdc]
[par] [Exec ...11/bin/innovus -nowin -common_...] Level.DEBUG: @file 3: puts "create_library_set -name WCCOM.setup_set -timing [list /w/class.1/ee/ee209b/ee209bta/TSMC180PDK/Standard_Cells_and_IO/180_G_Standard_Cell/core_cell_library/core_cell_library/7-track/tcb018gbwp7t_290a/TSMCHOME/digital/Front_End/timing_power_noise/CCS/tcb018gbwp7t_270a/tcb018gbwp7twc_ccs.lib /w/class.1/ee/ee209b/ee209bta/TSMC180PDK/Standard_Cells_and_IO/180_G_Standard_IO/Standard_IO/Standard_IO/tpd018nv_280a/TSMCHOME/digital/Front_End/timing_power_noise/NLDM/tpd018nv_280a/tpd018nvwc.lib]"
[par] [Exec ...11/bin/innovus -nowin -common_...] Level.DEBUG: create_library_set -name WCCOM.setup_set -timing /w/class.1/ee/ee209b/ee209bta/TSMC180PDK/Standard_Cells_and_IO/180_G_Standard_Cell/core_cell_library/core_cell_library/7-track/tcb018gbwp7t_290a/TSMCHOME/digital/Front_End/timing_power_noise/CCS/tcb018gbwp7t_270a/tcb018gbwp7twc_ccs.lib /w/class.1/ee/ee209b/ee209bta/TSMC180PDK/Standard_Cells_and_IO/180_G_Standard_IO/Standard_IO/Standard_IO/tpd018nv_280a/TSMCHOME/digital/Front_End/timing_power_noise/NLDM/tpd018nv_280a/tpd018nvwc.lib
[par] [Exec ...11/bin/innovus -nowin -common_...] Level.DEBUG: @@file 4: create_library_set -name WCCOM.setup_set -timing [list /w/class.1/ee/ee209b/ee209bta/TSMC180PDK/Standard_Cells_and_IO/180_G_Standard_Cell/core_cell_library/core_cell_library/7-track/tcb018gbwp7t_290a/TSMCHOME/digital/Front_End/timing_power_noise/CCS/tcb018gbwp7t_270a/tcb018gbwp7twc_ccs.lib /w/class.1/ee/ee209b/ee209bta/TSMC180PDK/Standard_Cells_and_IO/180_G_Standard_IO/Standard_IO/Standard_IO/tpd018nv_280a/TSMCHOME/digital/Front_End/timing_power_noise/NLDM/tpd018nv_280a/tpd018nvwc.lib]
[par] [Exec ...11/bin/innovus -nowin -common_...] Level.DEBUG: @file 5: puts "create_timing_condition -name WCCOM.setup_cond -library_sets [list WCCOM.setup_set]"
[par] [Exec ...11/bin/innovus -nowin -common_...] Level.DEBUG: create_timing_condition -name WCCOM.setup_cond -library_sets WCCOM.setup_set
[par] [Exec ...11/bin/innovus -nowin -common_...] Level.DEBUG: @@file 6: create_timing_condition -name WCCOM.setup_cond -library_sets [list WCCOM.setup_set]
[par] [Exec ...11/bin/innovus -nowin -common_...] Level.DEBUG: @file 7: puts "create_rc_corner -name WCCOM.setup_rc -temperature 125.0 -qrc_tech /w/class.1/ee/ee209b/ee209bta/TSMC180PDK/EXTRAS/qrcTechFile -cap_table /w/class.1/ee/ee209b/ee209bta/TSMC180PDK/Standard_Cells_and_IO/180_G_Standard_Cell/core_cell_library/core_cell_library/7-track/tcb018gbwp7t_290a/TSMCHOME/digital/Back_End/lef/tcb018gbwp7t_270a/techfiles/captable/t018lo_1p6m_typical.captable"
[par] [Exec ...11/bin/innovus -nowin -common_...] Level.DEBUG: create_rc_corner -name WCCOM.setup_rc -temperature 125.0 -qrc_tech /w/class.1/ee/ee209b/ee209bta/TSMC180PDK/EXTRAS/qrcTechFile -cap_table /w/class.1/ee/ee209b/ee209bta/TSMC180PDK/Standard_Cells_and_IO/180_G_Standard_Cell/core_cell_library/core_cell_library/7-track/tcb018gbwp7t_290a/TSMCHOME/digital/Back_End/lef/tcb018gbwp7t_270a/techfiles/captable/t018lo_1p6m_typical.captable
[par] [Exec ...11/bin/innovus -nowin -common_...] Level.DEBUG: @@file 8: create_rc_corner -name WCCOM.setup_rc -temperature 125.0 -qrc_tech /w/class.1/ee/ee209b/ee209bta/TSMC180PDK/EXTRAS/qrcTechFile -cap_table /w/class.1/ee/ee209b/ee209bta/TSMC180PDK/Standard_Cells_and_IO/180_G_Standard_Cell/core_cell_library/core_cell_library/7-track/tcb018gbwp7t_290a/TSMCHOME/digital/Back_End/lef/tcb018gbwp7t_270a/techfiles/captable/t018lo_1p6m_typical.captable
[par] [Exec ...11/bin/innovus -nowin -common_...] Level.DEBUG: @file 9: puts "create_delay_corner -name WCCOM.setup_delay -timing_condition WCCOM.setup_cond -rc_corner WCCOM.setup_rc"
[par] [Exec ...11/bin/innovus -nowin -common_...] Level.DEBUG: create_delay_corner -name WCCOM.setup_delay -timing_condition WCCOM.setup_cond -rc_corner WCCOM.setup_rc
[par] [Exec ...11/bin/innovus -nowin -common_...] Level.DEBUG: @@file 10: create_delay_corner -name WCCOM.setup_delay -timing_condition WCCOM.setup_cond -rc_corner WCCOM.setup_rc
[par] [Exec ...11/bin/innovus -nowin -common_...] Level.DEBUG: @file 11: puts "create_analysis_view -name WCCOM.setup_view -delay_corner WCCOM.setup_delay -constraint_mode my_constraint_mode"
[par] [Exec ...11/bin/innovus -nowin -common_...] Level.DEBUG: create_analysis_view -name WCCOM.setup_view -delay_corner WCCOM.setup_delay -constraint_mode my_constraint_mode
[par] [Exec ...11/bin/innovus -nowin -common_...] Level.DEBUG: @@file 12: create_analysis_view -name WCCOM.setup_view -delay_corner WCCOM.setup_delay -constraint_mode my_constraint_mode
[par] [Exec ...11/bin/innovus -nowin -common_...] Level.DEBUG: @file 13: puts "create_library_set -name BCCOM.hold_set -timing [list /w/class.1/ee/ee209b/ee209bta/TSMC180PDK/Standard_Cells_and_IO/180_G_Standard_Cell/core_cell_library/core_cell_library/7-track/tcb018gbwp7t_290a/TSMCHOME/digital/Front_End/timing_power_noise/CCS/tcb018gbwp7t_270a/tcb018gbwp7tlt_ccs.lib /w/class.1/ee/ee209b/ee209bta/TSMC180PDK/Standard_Cells_and_IO/180_G_Standard_IO/Standard_IO/Standard_IO/tpd018nv_280a/TSMCHOME/digital/Front_End/timing_power_noise/NLDM/tpd018nv_280a/tpd018nvlt.lib]"
[par] [Exec ...11/bin/innovus -nowin -common_...] Level.DEBUG: create_library_set -name BCCOM.hold_set -timing /w/class.1/ee/ee209b/ee209bta/TSMC180PDK/Standard_Cells_and_IO/180_G_Standard_Cell/core_cell_library/core_cell_library/7-track/tcb018gbwp7t_290a/TSMCHOME/digital/Front_End/timing_power_noise/CCS/tcb018gbwp7t_270a/tcb018gbwp7tlt_ccs.lib /w/class.1/ee/ee209b/ee209bta/TSMC180PDK/Standard_Cells_and_IO/180_G_Standard_IO/Standard_IO/Standard_IO/tpd018nv_280a/TSMCHOME/digital/Front_End/timing_power_noise/NLDM/tpd018nv_280a/tpd018nvlt.lib
[par] [Exec ...11/bin/innovus -nowin -common_...] Level.DEBUG: @@file 14: create_library_set -name BCCOM.hold_set -timing [list /w/class.1/ee/ee209b/ee209bta/TSMC180PDK/Standard_Cells_and_IO/180_G_Standard_Cell/core_cell_library/core_cell_library/7-track/tcb018gbwp7t_290a/TSMCHOME/digital/Front_End/timing_power_noise/CCS/tcb018gbwp7t_270a/tcb018gbwp7tlt_ccs.lib /w/class.1/ee/ee209b/ee209bta/TSMC180PDK/Standard_Cells_and_IO/180_G_Standard_IO/Standard_IO/Standard_IO/tpd018nv_280a/TSMCHOME/digital/Front_End/timing_power_noise/NLDM/tpd018nv_280a/tpd018nvlt.lib]
[par] [Exec ...11/bin/innovus -nowin -common_...] Level.DEBUG: @file 15: puts "create_timing_condition -name BCCOM.hold_cond -library_sets [list BCCOM.hold_set]"
[par] [Exec ...11/bin/innovus -nowin -common_...] Level.DEBUG: create_timing_condition -name BCCOM.hold_cond -library_sets BCCOM.hold_set
[par] [Exec ...11/bin/innovus -nowin -common_...] Level.DEBUG: @@file 16: create_timing_condition -name BCCOM.hold_cond -library_sets [list BCCOM.hold_set]
[par] [Exec ...11/bin/innovus -nowin -common_...] Level.DEBUG: @file 17: puts "create_rc_corner -name BCCOM.hold_rc -temperature -40.0 -qrc_tech /w/class.1/ee/ee209b/ee209bta/TSMC180PDK/EXTRAS/qrcTechFile -cap_table /w/class.1/ee/ee209b/ee209bta/TSMC180PDK/Standard_Cells_and_IO/180_G_Standard_Cell/core_cell_library/core_cell_library/7-track/tcb018gbwp7t_290a/TSMCHOME/digital/Back_End/lef/tcb018gbwp7t_270a/techfiles/captable/t018lo_1p6m_typical.captable"
[par] [Exec ...11/bin/innovus -nowin -common_...] Level.DEBUG: create_rc_corner -name BCCOM.hold_rc -temperature -40.0 -qrc_tech /w/class.1/ee/ee209b/ee209bta/TSMC180PDK/EXTRAS/qrcTechFile -cap_table /w/class.1/ee/ee209b/ee209bta/TSMC180PDK/Standard_Cells_and_IO/180_G_Standard_Cell/core_cell_library/core_cell_library/7-track/tcb018gbwp7t_290a/TSMCHOME/digital/Back_End/lef/tcb018gbwp7t_270a/techfiles/captable/t018lo_1p6m_typical.captable
[par] [Exec ...11/bin/innovus -nowin -common_...] Level.DEBUG: @@file 18: create_rc_corner -name BCCOM.hold_rc -temperature -40.0 -qrc_tech /w/class.1/ee/ee209b/ee209bta/TSMC180PDK/EXTRAS/qrcTechFile -cap_table /w/class.1/ee/ee209b/ee209bta/TSMC180PDK/Standard_Cells_and_IO/180_G_Standard_Cell/core_cell_library/core_cell_library/7-track/tcb018gbwp7t_290a/TSMCHOME/digital/Back_End/lef/tcb018gbwp7t_270a/techfiles/captable/t018lo_1p6m_typical.captable
[par] [Exec ...11/bin/innovus -nowin -common_...] Level.DEBUG: @file 19: puts "create_delay_corner -name BCCOM.hold_delay -timing_condition BCCOM.hold_cond -rc_corner BCCOM.hold_rc"
[par] [Exec ...11/bin/innovus -nowin -common_...] Level.DEBUG: create_delay_corner -name BCCOM.hold_delay -timing_condition BCCOM.hold_cond -rc_corner BCCOM.hold_rc
[par] [Exec ...11/bin/innovus -nowin -common_...] Level.DEBUG: @@file 20: create_delay_corner -name BCCOM.hold_delay -timing_condition BCCOM.hold_cond -rc_corner BCCOM.hold_rc
[par] [Exec ...11/bin/innovus -nowin -common_...] Level.DEBUG: @file 21: puts "create_analysis_view -name BCCOM.hold_view -delay_corner BCCOM.hold_delay -constraint_mode my_constraint_mode"
[par] [Exec ...11/bin/innovus -nowin -common_...] Level.DEBUG: create_analysis_view -name BCCOM.hold_view -delay_corner BCCOM.hold_delay -constraint_mode my_constraint_mode
[par] [Exec ...11/bin/innovus -nowin -common_...] Level.DEBUG: @@file 22: create_analysis_view -name BCCOM.hold_view -delay_corner BCCOM.hold_delay -constraint_mode my_constraint_mode
[par] [Exec ...11/bin/innovus -nowin -common_...] Level.DEBUG: @file 23: puts "create_library_set -name NCCOM.extra_set -timing [list /w/class.1/ee/ee209b/ee209bta/TSMC180PDK/Standard_Cells_and_IO/180_G_Standard_Cell/core_cell_library/core_cell_library/7-track/tcb018gbwp7t_290a/TSMCHOME/digital/Front_End/timing_power_noise/CCS/tcb018gbwp7t_270a/tcb018gbwp7ttc_ccs.lib /w/class.1/ee/ee209b/ee209bta/TSMC180PDK/Standard_Cells_and_IO/180_G_Standard_IO/Standard_IO/Standard_IO/tpd018nv_280a/TSMCHOME/digital/Front_End/timing_power_noise/NLDM/tpd018nv_280a/tpd018nvtc.lib]"
[par] [Exec ...11/bin/innovus -nowin -common_...] Level.DEBUG: create_library_set -name NCCOM.extra_set -timing /w/class.1/ee/ee209b/ee209bta/TSMC180PDK/Standard_Cells_and_IO/180_G_Standard_Cell/core_cell_library/core_cell_library/7-track/tcb018gbwp7t_290a/TSMCHOME/digital/Front_End/timing_power_noise/CCS/tcb018gbwp7t_270a/tcb018gbwp7ttc_ccs.lib /w/class.1/ee/ee209b/ee209bta/TSMC180PDK/Standard_Cells_and_IO/180_G_Standard_IO/Standard_IO/Standard_IO/tpd018nv_280a/TSMCHOME/digital/Front_End/timing_power_noise/NLDM/tpd018nv_280a/tpd018nvtc.lib
[par] [Exec ...11/bin/innovus -nowin -common_...] Level.DEBUG: @@file 24: create_library_set -name NCCOM.extra_set -timing [list /w/class.1/ee/ee209b/ee209bta/TSMC180PDK/Standard_Cells_and_IO/180_G_Standard_Cell/core_cell_library/core_cell_library/7-track/tcb018gbwp7t_290a/TSMCHOME/digital/Front_End/timing_power_noise/CCS/tcb018gbwp7t_270a/tcb018gbwp7ttc_ccs.lib /w/class.1/ee/ee209b/ee209bta/TSMC180PDK/Standard_Cells_and_IO/180_G_Standard_IO/Standard_IO/Standard_IO/tpd018nv_280a/TSMCHOME/digital/Front_End/timing_power_noise/NLDM/tpd018nv_280a/tpd018nvtc.lib]
[par] [Exec ...11/bin/innovus -nowin -common_...] Level.DEBUG: @file 25: puts "create_timing_condition -name NCCOM.extra_cond -library_sets [list NCCOM.extra_set]"
[par] [Exec ...11/bin/innovus -nowin -common_...] Level.DEBUG: create_timing_condition -name NCCOM.extra_cond -library_sets NCCOM.extra_set
[par] [Exec ...11/bin/innovus -nowin -common_...] Level.DEBUG: @@file 26: create_timing_condition -name NCCOM.extra_cond -library_sets [list NCCOM.extra_set]
[par] [Exec ...11/bin/innovus -nowin -common_...] Level.DEBUG: @file 27: puts "create_rc_corner -name NCCOM.extra_rc -temperature 25.0 -qrc_tech /w/class.1/ee/ee209b/ee209bta/TSMC180PDK/EXTRAS/qrcTechFile -cap_table /w/class.1/ee/ee209b/ee209bta/TSMC180PDK/Standard_Cells_and_IO/180_G_Standard_Cell/core_cell_library/core_cell_library/7-track/tcb018gbwp7t_290a/TSMCHOME/digital/Back_End/lef/tcb018gbwp7t_270a/techfiles/captable/t018lo_1p6m_typical.captable"
[par] [Exec ...11/bin/innovus -nowin -common_...] Level.DEBUG: create_rc_corner -name NCCOM.extra_rc -temperature 25.0 -qrc_tech /w/class.1/ee/ee209b/ee209bta/TSMC180PDK/EXTRAS/qrcTechFile -cap_table /w/class.1/ee/ee209b/ee209bta/TSMC180PDK/Standard_Cells_and_IO/180_G_Standard_Cell/core_cell_library/core_cell_library/7-track/tcb018gbwp7t_290a/TSMCHOME/digital/Back_End/lef/tcb018gbwp7t_270a/techfiles/captable/t018lo_1p6m_typical.captable
[par] [Exec ...11/bin/innovus -nowin -common_...] Level.DEBUG: @@file 28: create_rc_corner -name NCCOM.extra_rc -temperature 25.0 -qrc_tech /w/class.1/ee/ee209b/ee209bta/TSMC180PDK/EXTRAS/qrcTechFile -cap_table /w/class.1/ee/ee209b/ee209bta/TSMC180PDK/Standard_Cells_and_IO/180_G_Standard_Cell/core_cell_library/core_cell_library/7-track/tcb018gbwp7t_290a/TSMCHOME/digital/Back_End/lef/tcb018gbwp7t_270a/techfiles/captable/t018lo_1p6m_typical.captable
[par] [Exec ...11/bin/innovus -nowin -common_...] Level.DEBUG: @file 29: puts "create_delay_corner -name NCCOM.extra_delay -timing_condition NCCOM.extra_cond -rc_corner NCCOM.extra_rc"
[par] [Exec ...11/bin/innovus -nowin -common_...] Level.DEBUG: create_delay_corner -name NCCOM.extra_delay -timing_condition NCCOM.extra_cond -rc_corner NCCOM.extra_rc
[par] [Exec ...11/bin/innovus -nowin -common_...] Level.DEBUG: @@file 30: create_delay_corner -name NCCOM.extra_delay -timing_condition NCCOM.extra_cond -rc_corner NCCOM.extra_rc
[par] [Exec ...11/bin/innovus -nowin -common_...] Level.DEBUG: @file 31: puts "create_analysis_view -name NCCOM.extra_view -delay_corner NCCOM.extra_delay -constraint_mode my_constraint_mode"
[par] [Exec ...11/bin/innovus -nowin -common_...] Level.DEBUG: create_analysis_view -name NCCOM.extra_view -delay_corner NCCOM.extra_delay -constraint_mode my_constraint_mode
[par] [Exec ...11/bin/innovus -nowin -common_...] Level.DEBUG: @@file 32: create_analysis_view -name NCCOM.extra_view -delay_corner NCCOM.extra_delay -constraint_mode my_constraint_mode
[par] [Exec ...11/bin/innovus -nowin -common_...] Level.DEBUG: @file 33: puts "set_analysis_view -setup { WCCOM.setup_view } -hold { BCCOM.hold_view NCCOM.extra_view }"
[par] [Exec ...11/bin/innovus -nowin -common_...] Level.DEBUG: set_analysis_view -setup { WCCOM.setup_view } -hold { BCCOM.hold_view NCCOM.extra_view }
[par] [Exec ...11/bin/innovus -nowin -common_...] Level.DEBUG: @@file 34: set_analysis_view -setup { WCCOM.setup_view } -hold { BCCOM.hold_view NCCOM.extra_view }
[par] [Exec ...11/bin/innovus -nowin -common_...] Level.DEBUG: #@ End verbose source /w/home.04/home/devlin11780/Desktop/ece209bs/Tapeout/conv_filter_chip/ee209-hammer-internal/build/par-rundir/mmmc.tcl
[par] [Exec ...11/bin/innovus -nowin -common_...] Level.DEBUG: Starting library reading in 'Multi-threaded flow' (with '4' threads)
[par] [Exec ...11/bin/innovus -nowin -common_...] Level.DEBUG: 
[par] [Exec ...11/bin/innovus -nowin -common_...] Level.DEBUG: Threads Configured:4
[par] [Exec ...11/bin/innovus -nowin -common_...] Level.DEBUG: Reading WCCOM.setup_set timing library /w/class.1/ee/ee209b/ee209bta/TSMC180PDK/Standard_Cells_and_IO/180_G_Standard_Cell/core_cell_library/core_cell_library/7-track/tcb018gbwp7t_290a/TSMCHOME/digital/Front_End/timing_power_noise/CCS/tcb018gbwp7t_270a/tcb018gbwp7twc_ccs.lib.
[par] [Exec ...11/bin/innovus -nowin -common_...] Level.DEBUG: **WARN: (TECHLIB-302):	No function defined for cell 'DCAPBWP7T'. The cell will only be used for analysis. (File /w/class.1/ee/ee209b/ee209bta/TSMC180PDK/Standard_Cells_and_IO/180_G_Standard_Cell/core_cell_library/core_cell_library/7-track/tcb018gbwp7t_290a/TSMCHOME/digital/Front_End/timing_power_noise/CCS/tcb018gbwp7t_270a/tcb018gbwp7twc_ccs.lib)
[par] [Exec ...11/bin/innovus -nowin -common_...] Level.DEBUG: **WARN: (TECHLIB-302):	No function defined for cell 'DCAP8BWP7T'. The cell will only be used for analysis. (File /w/class.1/ee/ee209b/ee209bta/TSMC180PDK/Standard_Cells_and_IO/180_G_Standard_Cell/core_cell_library/core_cell_library/7-track/tcb018gbwp7t_290a/TSMCHOME/digital/Front_End/timing_power_noise/CCS/tcb018gbwp7t_270a/tcb018gbwp7twc_ccs.lib)
[par] [Exec ...11/bin/innovus -nowin -common_...] Level.DEBUG: **WARN: (TECHLIB-302):	No function defined for cell 'DCAP64BWP7T'. The cell will only be used for analysis. (File /w/class.1/ee/ee209b/ee209bta/TSMC180PDK/Standard_Cells_and_IO/180_G_Standard_Cell/core_cell_library/core_cell_library/7-track/tcb018gbwp7t_290a/TSMCHOME/digital/Front_End/timing_power_noise/CCS/tcb018gbwp7t_270a/tcb018gbwp7twc_ccs.lib)
[par] [Exec ...11/bin/innovus -nowin -common_...] Level.DEBUG: **WARN: (TECHLIB-302):	No function defined for cell 'DCAP4BWP7T'. The cell will only be used for analysis. (File /w/class.1/ee/ee209b/ee209bta/TSMC180PDK/Standard_Cells_and_IO/180_G_Standard_Cell/core_cell_library/core_cell_library/7-track/tcb018gbwp7t_290a/TSMCHOME/digital/Front_End/timing_power_noise/CCS/tcb018gbwp7t_270a/tcb018gbwp7twc_ccs.lib)
[par] [Exec ...11/bin/innovus -nowin -common_...] Level.DEBUG: **WARN: (TECHLIB-302):	No function defined for cell 'DCAP32BWP7T'. The cell will only be used for analysis. (File /w/class.1/ee/ee209b/ee209bta/TSMC180PDK/Standard_Cells_and_IO/180_G_Standard_Cell/core_cell_library/core_cell_library/7-track/tcb018gbwp7t_290a/TSMCHOME/digital/Front_End/timing_power_noise/CCS/tcb018gbwp7t_270a/tcb018gbwp7twc_ccs.lib)
[par] [Exec ...11/bin/innovus -nowin -common_...] Level.DEBUG: **WARN: (TECHLIB-302):	No function defined for cell 'DCAP16BWP7T'. The cell will only be used for analysis. (File /w/class.1/ee/ee209b/ee209bta/TSMC180PDK/Standard_Cells_and_IO/180_G_Standard_Cell/core_cell_library/core_cell_library/7-track/tcb018gbwp7t_290a/TSMCHOME/digital/Front_End/timing_power_noise/CCS/tcb018gbwp7t_270a/tcb018gbwp7twc_ccs.lib)
[par] [Exec ...11/bin/innovus -nowin -common_...] Level.DEBUG: **WARN: (TECHLIB-302):	No function defined for cell 'ANTENNABWP7T'. The cell will only be used for analysis. (File /w/class.1/ee/ee209b/ee209bta/TSMC180PDK/Standard_Cells_and_IO/180_G_Standard_Cell/core_cell_library/core_cell_library/7-track/tcb018gbwp7t_290a/TSMCHOME/digital/Front_End/timing_power_noise/CCS/tcb018gbwp7t_270a/tcb018gbwp7twc_ccs.lib)
[par] [Exec ...11/bin/innovus -nowin -common_...] Level.DEBUG: Read 560 cells in library tcb018gbwp7twc_ccs.
[par] [Exec ...11/bin/innovus -nowin -common_...] Level.DEBUG: Reading WCCOM.setup_set timing library /w/class.1/ee/ee209b/ee209bta/TSMC180PDK/Standard_Cells_and_IO/180_G_Standard_IO/Standard_IO/Standard_IO/tpd018nv_280a/TSMCHOME/digital/Front_End/timing_power_noise/NLDM/tpd018nv_280a/tpd018nvwc.lib.
[par] [Exec ...11/bin/innovus -nowin -common_...] Level.DEBUG: **WARN: (TECHLIB-302):	No function defined for cell 'PVSS3CDG'. The cell will only be used for analysis. (File /w/class.1/ee/ee209b/ee209bta/TSMC180PDK/Standard_Cells_and_IO/180_G_Standard_IO/Standard_IO/Standard_IO/tpd018nv_280a/TSMCHOME/digital/Front_End/timing_power_noise/NLDM/tpd018nv_280a/tpd018nvwc.lib)
[par] [Exec ...11/bin/innovus -nowin -common_...] Level.DEBUG: **WARN: (TECHLIB-302):	No function defined for cell 'PVSS2CDG'. The cell will only be used for analysis. (File /w/class.1/ee/ee209b/ee209bta/TSMC180PDK/Standard_Cells_and_IO/180_G_Standard_IO/Standard_IO/Standard_IO/tpd018nv_280a/TSMCHOME/digital/Front_End/timing_power_noise/NLDM/tpd018nv_280a/tpd018nvwc.lib)
[par] [Exec ...11/bin/innovus -nowin -common_...] Level.DEBUG: **WARN: (TECHLIB-302):	No function defined for cell 'PVSS2ANA'. The cell will only be used for analysis. (File /w/class.1/ee/ee209b/ee209bta/TSMC180PDK/Standard_Cells_and_IO/180_G_Standard_IO/Standard_IO/Standard_IO/tpd018nv_280a/TSMCHOME/digital/Front_End/timing_power_noise/NLDM/tpd018nv_280a/tpd018nvwc.lib)
[par] [Exec ...11/bin/innovus -nowin -common_...] Level.DEBUG: **WARN: (TECHLIB-302):	No function defined for cell 'PVSS1CDG'. The cell will only be used for analysis. (File /w/class.1/ee/ee209b/ee209bta/TSMC180PDK/Standard_Cells_and_IO/180_G_Standard_IO/Standard_IO/Standard_IO/tpd018nv_280a/TSMCHOME/digital/Front_End/timing_power_noise/NLDM/tpd018nv_280a/tpd018nvwc.lib)
[par] [Exec ...11/bin/innovus -nowin -common_...] Level.DEBUG: **WARN: (TECHLIB-302):	No function defined for cell 'PVSS1ANA'. The cell will only be used for analysis. (File /w/class.1/ee/ee209b/ee209bta/TSMC180PDK/Standard_Cells_and_IO/180_G_Standard_IO/Standard_IO/Standard_IO/tpd018nv_280a/TSMCHOME/digital/Front_End/timing_power_noise/NLDM/tpd018nv_280a/tpd018nvwc.lib)
[par] [Exec ...11/bin/innovus -nowin -common_...] Level.DEBUG: **WARN: (TECHLIB-302):	No function defined for cell 'PVDD2POC'. The cell will only be used for analysis. (File /w/class.1/ee/ee209b/ee209bta/TSMC180PDK/Standard_Cells_and_IO/180_G_Standard_IO/Standard_IO/Standard_IO/tpd018nv_280a/TSMCHOME/digital/Front_End/timing_power_noise/NLDM/tpd018nv_280a/tpd018nvwc.lib)
[par] [Exec ...11/bin/innovus -nowin -common_...] Level.DEBUG: **WARN: (TECHLIB-302):	No function defined for cell 'PVDD2CDG'. The cell will only be used for analysis. (File /w/class.1/ee/ee209b/ee209bta/TSMC180PDK/Standard_Cells_and_IO/180_G_Standard_IO/Standard_IO/Standard_IO/tpd018nv_280a/TSMCHOME/digital/Front_End/timing_power_noise/NLDM/tpd018nv_280a/tpd018nvwc.lib)
[par] [Exec ...11/bin/innovus -nowin -common_...] Level.DEBUG: **WARN: (TECHLIB-302):	No function defined for cell 'PVDD2ANA'. The cell will only be used for analysis. (File /w/class.1/ee/ee209b/ee209bta/TSMC180PDK/Standard_Cells_and_IO/180_G_Standard_IO/Standard_IO/Standard_IO/tpd018nv_280a/TSMCHOME/digital/Front_End/timing_power_noise/NLDM/tpd018nv_280a/tpd018nvwc.lib)
[par] [Exec ...11/bin/innovus -nowin -common_...] Level.DEBUG: **WARN: (TECHLIB-302):	No function defined for cell 'PVDD1CDG'. The cell will only be used for analysis. (File /w/class.1/ee/ee209b/ee209bta/TSMC180PDK/Standard_Cells_and_IO/180_G_Standard_IO/Standard_IO/Standard_IO/tpd018nv_280a/TSMCHOME/digital/Front_End/timing_power_noise/NLDM/tpd018nv_280a/tpd018nvwc.lib)
[par] [Exec ...11/bin/innovus -nowin -common_...] Level.DEBUG: **WARN: (TECHLIB-302):	No function defined for cell 'PVDD1ANA'. The cell will only be used for analysis. (File /w/class.1/ee/ee209b/ee209bta/TSMC180PDK/Standard_Cells_and_IO/180_G_Standard_IO/Standard_IO/Standard_IO/tpd018nv_280a/TSMCHOME/digital/Front_End/timing_power_noise/NLDM/tpd018nv_280a/tpd018nvwc.lib)
[par] [Exec ...11/bin/innovus -nowin -common_...] Level.DEBUG: **WARN: (TECHLIB-302):	No function defined for cell 'PRCUT'. The cell will only be used for analysis. (File /w/class.1/ee/ee209b/ee209bta/TSMC180PDK/Standard_Cells_and_IO/180_G_Standard_IO/Standard_IO/Standard_IO/tpd018nv_280a/TSMCHOME/digital/Front_End/timing_power_noise/NLDM/tpd018nv_280a/tpd018nvwc.lib)
[par] [Exec ...11/bin/innovus -nowin -common_...] Level.DEBUG: Read 45 cells in library tpd018nvwc.
[par] [Exec ...11/bin/innovus -nowin -common_...] Level.DEBUG: Library reading multithread flow ended.
[par] [Exec ...11/bin/innovus -nowin -common_...] Level.DEBUG: Starting library reading in 'Multi-threaded flow' (with '4' threads)
[par] [Exec ...11/bin/innovus -nowin -common_...] Level.DEBUG: 
[par] [Exec ...11/bin/innovus -nowin -common_...] Level.DEBUG: Threads Configured:4
[par] [Exec ...11/bin/innovus -nowin -common_...] Level.DEBUG: Reading BCCOM.hold_set timing library /w/class.1/ee/ee209b/ee209bta/TSMC180PDK/Standard_Cells_and_IO/180_G_Standard_Cell/core_cell_library/core_cell_library/7-track/tcb018gbwp7t_290a/TSMCHOME/digital/Front_End/timing_power_noise/CCS/tcb018gbwp7t_270a/tcb018gbwp7tlt_ccs.lib.
[par] [Exec ...11/bin/innovus -nowin -common_...] Level.DEBUG: Read 560 cells in library tcb018gbwp7tlt_ccs.
[par] [Exec ...11/bin/innovus -nowin -common_...] Level.DEBUG: Reading BCCOM.hold_set timing library /w/class.1/ee/ee209b/ee209bta/TSMC180PDK/Standard_Cells_and_IO/180_G_Standard_IO/Standard_IO/Standard_IO/tpd018nv_280a/TSMCHOME/digital/Front_End/timing_power_noise/NLDM/tpd018nv_280a/tpd018nvlt.lib.
[par] [Exec ...11/bin/innovus -nowin -common_...] Level.DEBUG: **WARN: (TECHLIB-302):	No function defined for cell 'PVSS3CDG'. The cell will only be used for analysis. (File /w/class.1/ee/ee209b/ee209bta/TSMC180PDK/Standard_Cells_and_IO/180_G_Standard_IO/Standard_IO/Standard_IO/tpd018nv_280a/TSMCHOME/digital/Front_End/timing_power_noise/NLDM/tpd018nv_280a/tpd018nvlt.lib)
[par] [Exec ...11/bin/innovus -nowin -common_...] Level.DEBUG: **WARN: (TECHLIB-302):	No function defined for cell 'PVSS2CDG'. The cell will only be used for analysis. (File /w/class.1/ee/ee209b/ee209bta/TSMC180PDK/Standard_Cells_and_IO/180_G_Standard_IO/Standard_IO/Standard_IO/tpd018nv_280a/TSMCHOME/digital/Front_End/timing_power_noise/NLDM/tpd018nv_280a/tpd018nvlt.lib)
[par] [Exec ...11/bin/innovus -nowin -common_...] Level.DEBUG: Message <TECHLIB-302> has exceeded the message display limit of '20'. Use 'set_message -no_limit -id list_of_msgIDs' to reset the message limit.
[par] [Exec ...11/bin/innovus -nowin -common_...] Level.DEBUG: Read 45 cells in library tpd018nvlt.
[par] [Exec ...11/bin/innovus -nowin -common_...] Level.DEBUG: Library reading multithread flow ended.
[par] [Exec ...11/bin/innovus -nowin -common_...] Level.DEBUG: @file 21: puts "read_netlist { /w/home.04/home/devlin11780/Desktop/ece209bs/Tapeout/conv_filter_chip/ee209-hammer-internal/build/syn-rundir/top.mapped.v } -top top"
[par] [Exec ...11/bin/innovus -nowin -common_...] Level.DEBUG: read_netlist { /w/home.04/home/devlin11780/Desktop/ece209bs/Tapeout/conv_filter_chip/ee209-hammer-internal/build/syn-rundir/top.mapped.v } -top top
[par] [Exec ...11/bin/innovus -nowin -common_...] Level.DEBUG: @@file 22: read_netlist { /w/home.04/home/devlin11780/Desktop/ece209bs/Tapeout/conv_filter_chip/ee209-hammer-internal/build/syn-rundir/top.mapped.v } -top top
[par] [Exec ...11/bin/innovus -nowin -common_...] Level.DEBUG: #% Begin Load netlist data ... (date=04/23 17:32:18, mem=909.8M)
[par] [Exec ...11/bin/innovus -nowin -common_...] Level.DEBUG: *** Begin netlist parsing (mem=1298.1M) ***
[par] [Exec ...11/bin/innovus -nowin -common_...] Level.DEBUG: **WARN: (IMPVL-159):	Pin 'VSS' of cell 'XOR4D2BWP7T' is defined in LEF but not in the timing library.
[par] [Exec ...11/bin/innovus -nowin -common_...] Level.DEBUG: Type 'man IMPVL-159' for more detail.
[par] [Exec ...11/bin/innovus -nowin -common_...] Level.DEBUG: **WARN: (IMPVL-159):	Pin 'VDD' of cell 'XOR4D2BWP7T' is defined in LEF but not in the timing library.
[par] [Exec ...11/bin/innovus -nowin -common_...] Level.DEBUG: Type 'man IMPVL-159' for more detail.
[par] [Exec ...11/bin/innovus -nowin -common_...] Level.DEBUG: **WARN: (IMPVL-159):	Pin 'VSS' of cell 'XOR4D1BWP7T' is defined in LEF but not in the timing library.
[par] [Exec ...11/bin/innovus -nowin -common_...] Level.DEBUG: Type 'man IMPVL-159' for more detail.
[par] [Exec ...11/bin/innovus -nowin -common_...] Level.DEBUG: **WARN: (IMPVL-159):	Pin 'VDD' of cell 'XOR4D1BWP7T' is defined in LEF but not in the timing library.
[par] [Exec ...11/bin/innovus -nowin -common_...] Level.DEBUG: Type 'man IMPVL-159' for more detail.
[par] [Exec ...11/bin/innovus -nowin -common_...] Level.DEBUG: **WARN: (IMPVL-159):	Pin 'VSS' of cell 'XOR4D0BWP7T' is defined in LEF but not in the timing library.
[par] [Exec ...11/bin/innovus -nowin -common_...] Level.DEBUG: Type 'man IMPVL-159' for more detail.
[par] [Exec ...11/bin/innovus -nowin -common_...] Level.DEBUG: **WARN: (IMPVL-159):	Pin 'VDD' of cell 'XOR4D0BWP7T' is defined in LEF but not in the timing library.
[par] [Exec ...11/bin/innovus -nowin -common_...] Level.DEBUG: Type 'man IMPVL-159' for more detail.
[par] [Exec ...11/bin/innovus -nowin -common_...] Level.DEBUG: **WARN: (IMPVL-159):	Pin 'VSS' of cell 'XOR3D2BWP7T' is defined in LEF but not in the timing library.
[par] [Exec ...11/bin/innovus -nowin -common_...] Level.DEBUG: Type 'man IMPVL-159' for more detail.
[par] [Exec ...11/bin/innovus -nowin -common_...] Level.DEBUG: **WARN: (IMPVL-159):	Pin 'VDD' of cell 'XOR3D2BWP7T' is defined in LEF but not in the timing library.
[par] [Exec ...11/bin/innovus -nowin -common_...] Level.DEBUG: Type 'man IMPVL-159' for more detail.
[par] [Exec ...11/bin/innovus -nowin -common_...] Level.DEBUG: **WARN: (IMPVL-159):	Pin 'VSS' of cell 'XOR3D1BWP7T' is defined in LEF but not in the timing library.
[par] [Exec ...11/bin/innovus -nowin -common_...] Level.DEBUG: Type 'man IMPVL-159' for more detail.
[par] [Exec ...11/bin/innovus -nowin -common_...] Level.DEBUG: **WARN: (IMPVL-159):	Pin 'VDD' of cell 'XOR3D1BWP7T' is defined in LEF but not in the timing library.
[par] [Exec ...11/bin/innovus -nowin -common_...] Level.DEBUG: Type 'man IMPVL-159' for more detail.
[par] [Exec ...11/bin/innovus -nowin -common_...] Level.DEBUG: **WARN: (IMPVL-159):	Pin 'VSS' of cell 'XOR3D0BWP7T' is defined in LEF but not in the timing library.
[par] [Exec ...11/bin/innovus -nowin -common_...] Level.DEBUG: Type 'man IMPVL-159' for more detail.
[par] [Exec ...11/bin/innovus -nowin -common_...] Level.DEBUG: **WARN: (IMPVL-159):	Pin 'VDD' of cell 'XOR3D0BWP7T' is defined in LEF but not in the timing library.
[par] [Exec ...11/bin/innovus -nowin -common_...] Level.DEBUG: Type 'man IMPVL-159' for more detail.
[par] [Exec ...11/bin/innovus -nowin -common_...] Level.DEBUG: **WARN: (IMPVL-159):	Pin 'VSS' of cell 'XOR2D2BWP7T' is defined in LEF but not in the timing library.
[par] [Exec ...11/bin/innovus -nowin -common_...] Level.DEBUG: Type 'man IMPVL-159' for more detail.
[par] [Exec ...11/bin/innovus -nowin -common_...] Level.DEBUG: **WARN: (IMPVL-159):	Pin 'VDD' of cell 'XOR2D2BWP7T' is defined in LEF but not in the timing library.
[par] [Exec ...11/bin/innovus -nowin -common_...] Level.DEBUG: Type 'man IMPVL-159' for more detail.
[par] [Exec ...11/bin/innovus -nowin -common_...] Level.DEBUG: **WARN: (IMPVL-159):	Pin 'VSS' of cell 'XOR2D1BWP7T' is defined in LEF but not in the timing library.
[par] [Exec ...11/bin/innovus -nowin -common_...] Level.DEBUG: Type 'man IMPVL-159' for more detail.
[par] [Exec ...11/bin/innovus -nowin -common_...] Level.DEBUG: **WARN: (IMPVL-159):	Pin 'VDD' of cell 'XOR2D1BWP7T' is defined in LEF but not in the timing library.
[par] [Exec ...11/bin/innovus -nowin -common_...] Level.DEBUG: Type 'man IMPVL-159' for more detail.
[par] [Exec ...11/bin/innovus -nowin -common_...] Level.DEBUG: **WARN: (IMPVL-159):	Pin 'VSS' of cell 'XOR2D0BWP7T' is defined in LEF but not in the timing library.
[par] [Exec ...11/bin/innovus -nowin -common_...] Level.DEBUG: Type 'man IMPVL-159' for more detail.
[par] [Exec ...11/bin/innovus -nowin -common_...] Level.DEBUG: **WARN: (IMPVL-159):	Pin 'VDD' of cell 'XOR2D0BWP7T' is defined in LEF but not in the timing library.
[par] [Exec ...11/bin/innovus -nowin -common_...] Level.DEBUG: Type 'man IMPVL-159' for more detail.
[par] [Exec ...11/bin/innovus -nowin -common_...] Level.DEBUG: **WARN: (IMPVL-159):	Pin 'VSS' of cell 'XNR4D2BWP7T' is defined in LEF but not in the timing library.
[par] [Exec ...11/bin/innovus -nowin -common_...] Level.DEBUG: Type 'man IMPVL-159' for more detail.
[par] [Exec ...11/bin/innovus -nowin -common_...] Level.DEBUG: **WARN: (IMPVL-159):	Pin 'VDD' of cell 'XNR4D2BWP7T' is defined in LEF but not in the timing library.
[par] [Exec ...11/bin/innovus -nowin -common_...] Level.DEBUG: Type 'man IMPVL-159' for more detail.
[par] [Exec ...11/bin/innovus -nowin -common_...] Level.DEBUG: **WARN: (EMS-27):	Message (IMPVL-159) has exceeded the current message display limit of 20.
[par] [Exec ...11/bin/innovus -nowin -common_...] Level.DEBUG: To increase the message display limit, refer to the product command reference manual.
[par] [Exec ...11/bin/innovus -nowin -common_...] Level.DEBUG: Pin 'VSS' of cell 'PVSS3CDG' is declared as power/ground in LEF but as signal in timing library.  Treat it as power/ground.
[par] [Exec ...11/bin/innovus -nowin -common_...] Level.DEBUG: Pin 'VSSPST' of cell 'PVSS2CDG' is declared as power/ground in LEF but as signal in timing library.  Treat it as power/ground.
[par] [Exec ...11/bin/innovus -nowin -common_...] Level.DEBUG: Pin 'VSS' of cell 'PVSS1CDG' is declared as power/ground in LEF but as signal in timing library.  Treat it as power/ground.
[par] [Exec ...11/bin/innovus -nowin -common_...] Level.DEBUG: Pin 'VDDPST' of cell 'PVDD2CDG' is declared as power/ground in LEF but as signal in timing library.  Treat it as power/ground.
[par] [Exec ...11/bin/innovus -nowin -common_...] Level.DEBUG: Pin 'VDD' of cell 'PVDD1CDG' is declared as power/ground in LEF but as signal in timing library.  Treat it as power/ground.
[par] [Exec ...11/bin/innovus -nowin -common_...] Level.DEBUG: Created 605 new cells from 4 timing libraries.
[par] [Exec ...11/bin/innovus -nowin -common_...] Level.DEBUG: Reading netlist ...
[par] [Exec ...11/bin/innovus -nowin -common_...] Level.DEBUG: Backslashed names will retain backslash and a trailing blank character.
[par] [Exec ...11/bin/innovus -nowin -common_...] Level.DEBUG: Reading verilog netlist '/w/home.04/home/devlin11780/Desktop/ece209bs/Tapeout/conv_filter_chip/ee209-hammer-internal/build/syn-rundir/top.mapped.v'
[par] [Exec ...11/bin/innovus -nowin -common_...] Level.DEBUG: 
[par] [Exec ...11/bin/innovus -nowin -common_...] Level.DEBUG: *** Memory Usage v#1 (Current mem = 1298.066M, initial mem = 495.004M) ***
[par] [Exec ...11/bin/innovus -nowin -common_...] Level.DEBUG: *** End netlist parsing (cpu=0:00:00.0, real=0:00:00.0, mem=1298.1M) ***
[par] [Exec ...11/bin/innovus -nowin -common_...] Level.DEBUG: #% End Load netlist data ... (date=04/23 17:32:18, total cpu=0:00:00.0, real=0:00:01.0, peak res=942.0M, current mem=942.0M)
[par] [Exec ...11/bin/innovus -nowin -common_...] Level.DEBUG: Set top cell to top.
[par] [Exec ...11/bin/innovus -nowin -common_...] Level.DEBUG: Hooked 1210 DB cells to tlib cells.
[par] [Exec ...11/bin/innovus -nowin -common_...] Level.DEBUG: Starting recursive module instantiation check.
[par] [Exec ...11/bin/innovus -nowin -common_...] Level.DEBUG: No recursion found.
[par] [Exec ...11/bin/innovus -nowin -common_...] Level.DEBUG: Building hierarchical netlist for Cell top ...
[par] [Exec ...11/bin/innovus -nowin -common_...] Level.DEBUG: *** Netlist is unique.
[par] [Exec ...11/bin/innovus -nowin -common_...] Level.DEBUG: ** info: there are 1247 modules.
[par] [Exec ...11/bin/innovus -nowin -common_...] Level.DEBUG: ** info: there are 60 stdCell insts.
[par] [Exec ...11/bin/innovus -nowin -common_...] Level.DEBUG: 
[par] [Exec ...11/bin/innovus -nowin -common_...] Level.DEBUG: *** Memory Usage v#1 (Current mem = 1315.480M, initial mem = 495.004M) ***
[par] [Exec ...11/bin/innovus -nowin -common_...] Level.DEBUG: @file 23: puts "init_design"
[par] [Exec ...11/bin/innovus -nowin -common_...] Level.DEBUG: init_design
[par] [Exec ...11/bin/innovus -nowin -common_...] Level.DEBUG: @@file 24: init_design
[par] [Exec ...11/bin/innovus -nowin -common_...] Level.DEBUG: **WARN: (IMPFP-3961):	The techSite 'corner' has no related standard cells in the LEF/OA library. The calculations for this site type cannot be made unless standard cell models of this type exist in the LEF/OA library. Ignore this warning if the SITE is not used by the library. Alternatively, remove the SITE definition for the LEF/OA library to avoid this message.
[par] [Exec ...11/bin/innovus -nowin -common_...] Level.DEBUG: Type 'man IMPFP-3961' for more detail.
[par] [Exec ...11/bin/innovus -nowin -common_...] Level.DEBUG: **WARN: (IMPFP-3961):	The techSite 'pad' has no related standard cells in the LEF/OA library. The calculations for this site type cannot be made unless standard cell models of this type exist in the LEF/OA library. Ignore this warning if the SITE is not used by the library. Alternatively, remove the SITE definition for the LEF/OA library to avoid this message.
[par] [Exec ...11/bin/innovus -nowin -common_...] Level.DEBUG: Type 'man IMPFP-3961' for more detail.
[par] [Exec ...11/bin/innovus -nowin -common_...] Level.DEBUG: **WARN: (IMPFP-3961):	The techSite 'dcore7T' has no related standard cells in the LEF/OA library. The calculations for this site type cannot be made unless standard cell models of this type exist in the LEF/OA library. Ignore this warning if the SITE is not used by the library. Alternatively, remove the SITE definition for the LEF/OA library to avoid this message.
[par] [Exec ...11/bin/innovus -nowin -common_...] Level.DEBUG: Type 'man IMPFP-3961' for more detail.
[par] [Exec ...11/bin/innovus -nowin -common_...] Level.DEBUG: **WARN: (IMPFP-3961):	The techSite 'ccore7T' has no related standard cells in the LEF/OA library. The calculations for this site type cannot be made unless standard cell models of this type exist in the LEF/OA library. Ignore this warning if the SITE is not used by the library. Alternatively, remove the SITE definition for the LEF/OA library to avoid this message.
[par] [Exec ...11/bin/innovus -nowin -common_...] Level.DEBUG: Type 'man IMPFP-3961' for more detail.
[par] [Exec ...11/bin/innovus -nowin -common_...] Level.DEBUG: **WARN: (IMPFP-3961):	The techSite 'bcoreExt7T' has no related standard cells in the LEF/OA library. The calculations for this site type cannot be made unless standard cell models of this type exist in the LEF/OA library. Ignore this warning if the SITE is not used by the library. Alternatively, remove the SITE definition for the LEF/OA library to avoid this message.
[par] [Exec ...11/bin/innovus -nowin -common_...] Level.DEBUG: Type 'man IMPFP-3961' for more detail.
[par] [Exec ...11/bin/innovus -nowin -common_...] Level.DEBUG: **WARN: (IMPFP-3961):	The techSite 'bcore7T' has no related standard cells in the LEF/OA library. The calculations for this site type cannot be made unless standard cell models of this type exist in the LEF/OA library. Ignore this warning if the SITE is not used by the library. Alternatively, remove the SITE definition for the LEF/OA library to avoid this message.
[par] [Exec ...11/bin/innovus -nowin -common_...] Level.DEBUG: Type 'man IMPFP-3961' for more detail.
[par] [Exec ...11/bin/innovus -nowin -common_...] Level.DEBUG: Start create_tracks
[par] [Exec ...11/bin/innovus -nowin -common_...] Level.DEBUG: Extraction setup Started
[par] [Exec ...11/bin/innovus -nowin -common_...] Level.DEBUG: Initializing multi-corner RC extraction with 3 active RC Corners ...
[par] [Exec ...11/bin/innovus -nowin -common_...] Level.DEBUG: **WARN: (IMPEXT-6202):	In addition to the technology file, the capacitance table file is specified for all the RC corners. If the technology file  is already specified for all the RC corners, the capacitance table file is not required for pre_route and post_route extraction. In a new session, the capacitance table files can be removed from the create_rc_corner command to enable the technology file to be used for pre_route and post_route (effort level medium/high/signoff) extraction engines.
[par] [Exec ...11/bin/innovus -nowin -common_...] Level.DEBUG: Type 'man IMPEXT-6202' for more detail.
[par] [Exec ...11/bin/innovus -nowin -common_...] Level.DEBUG: Reading Capacitance Table File /w/class.1/ee/ee209b/ee209bta/TSMC180PDK/Standard_Cells_and_IO/180_G_Standard_Cell/core_cell_library/core_cell_library/7-track/tcb018gbwp7t_290a/TSMCHOME/digital/Back_End/lef/tcb018gbwp7t_270a/techfiles/captable/t018lo_1p6m_typical.captable ...
[par] [Exec ...11/bin/innovus -nowin -common_...] Level.DEBUG: Reading Capacitance Table File /w/class.1/ee/ee209b/ee209bta/TSMC180PDK/Standard_Cells_and_IO/180_G_Standard_Cell/core_cell_library/core_cell_library/7-track/tcb018gbwp7t_290a/TSMCHOME/digital/Back_End/lef/tcb018gbwp7t_270a/techfiles/captable/t018lo_1p6m_typical.captable ...
[par] [Exec ...11/bin/innovus -nowin -common_...] Level.DEBUG: Reading Capacitance Table File /w/class.1/ee/ee209b/ee209bta/TSMC180PDK/Standard_Cells_and_IO/180_G_Standard_Cell/core_cell_library/core_cell_library/7-track/tcb018gbwp7t_290a/TSMCHOME/digital/Back_End/lef/tcb018gbwp7t_270a/techfiles/captable/t018lo_1p6m_typical.captable ...
[par] [Exec ...11/bin/innovus -nowin -common_...] Level.DEBUG: Importing multi-corner RC tables ...
[par] [Exec ...11/bin/innovus -nowin -common_...] Level.DEBUG: Summary of Active RC-Corners :
[par] [Exec ...11/bin/innovus -nowin -common_...] Level.DEBUG: 
[par] [Exec ...11/bin/innovus -nowin -common_...] Level.DEBUG:  Analysis View: WCCOM.setup_view
[par] [Exec ...11/bin/innovus -nowin -common_...] Level.DEBUG:     RC-Corner Name        : WCCOM.setup_rc
[par] [Exec ...11/bin/innovus -nowin -common_...] Level.DEBUG:     RC-Corner Index       : 0
[par] [Exec ...11/bin/innovus -nowin -common_...] Level.DEBUG:     RC-Corner Temperature : 125 Celsius
[par] [Exec ...11/bin/innovus -nowin -common_...] Level.DEBUG:     RC-Corner Cap Table   : '/w/class.1/ee/ee209b/ee209bta/TSMC180PDK/Standard_Cells_and_IO/180_G_Standard_Cell/core_cell_library/core_cell_library/7-track/tcb018gbwp7t_290a/TSMCHOME/digital/Back_End/lef/tcb018gbwp7t_270a/techfiles/captable/t018lo_1p6m_typical.captable'
[par] [Exec ...11/bin/innovus -nowin -common_...] Level.DEBUG:     RC-Corner PreRoute Res Factor         : 1
[par] [Exec ...11/bin/innovus -nowin -common_...] Level.DEBUG:     RC-Corner PreRoute Cap Factor         : 1
[par] [Exec ...11/bin/innovus -nowin -common_...] Level.DEBUG:     RC-Corner PostRoute Res Factor        : 1 {1 1 1}
[par] [Exec ...11/bin/innovus -nowin -common_...] Level.DEBUG:     RC-Corner PostRoute Cap Factor        : 1 {1 1 1}
[par] [Exec ...11/bin/innovus -nowin -common_...] Level.DEBUG:     RC-Corner PostRoute XCap Factor       : 1 {1 1 1}
[par] [Exec ...11/bin/innovus -nowin -common_...] Level.DEBUG:     RC-Corner PreRoute Clock Res Factor   : 1	[Derived from postRoute_res (effortLevel low)]
[par] [Exec ...11/bin/innovus -nowin -common_...] Level.DEBUG:     RC-Corner PreRoute Clock Cap Factor   : 1	[Derived from postRoute_cap (effortLevel low)]
[par] [Exec ...11/bin/innovus -nowin -common_...] Level.DEBUG:     RC-Corner PostRoute Clock Cap Factor  : 1 {1 1 1} 	[Derived from postRoute_cap (effortLevel low)]
[par] [Exec ...11/bin/innovus -nowin -common_...] Level.DEBUG:     RC-Corner PostRoute Clock Res Factor  : 1 {1 1 1} 	[Derived from postRoute_res (effortLevel low)]
[par] [Exec ...11/bin/innovus -nowin -common_...] Level.DEBUG:     RC-Corner PostRoute Clock coupling capacitance Factor : 1 {1 1 1}
[par] [Exec ...11/bin/innovus -nowin -common_...] Level.DEBUG:     RC-Corner Technology file: '/w/class.1/ee/ee209b/ee209bta/TSMC180PDK/EXTRAS/qrcTechFile'
[par] [Exec ...11/bin/innovus -nowin -common_...] Level.DEBUG: 
[par] [Exec ...11/bin/innovus -nowin -common_...] Level.DEBUG:  Analysis View: BCCOM.hold_view
[par] [Exec ...11/bin/innovus -nowin -common_...] Level.DEBUG:     RC-Corner Name        : BCCOM.hold_rc
[par] [Exec ...11/bin/innovus -nowin -common_...] Level.DEBUG:     RC-Corner Index       : 1
[par] [Exec ...11/bin/innovus -nowin -common_...] Level.DEBUG:     RC-Corner Temperature : -40 Celsius
[par] [Exec ...11/bin/innovus -nowin -common_...] Level.DEBUG:     RC-Corner Cap Table   : '/w/class.1/ee/ee209b/ee209bta/TSMC180PDK/Standard_Cells_and_IO/180_G_Standard_Cell/core_cell_library/core_cell_library/7-track/tcb018gbwp7t_290a/TSMCHOME/digital/Back_End/lef/tcb018gbwp7t_270a/techfiles/captable/t018lo_1p6m_typical.captable'
[par] [Exec ...11/bin/innovus -nowin -common_...] Level.DEBUG:     RC-Corner PreRoute Res Factor         : 1
[par] [Exec ...11/bin/innovus -nowin -common_...] Level.DEBUG:     RC-Corner PreRoute Cap Factor         : 1
[par] [Exec ...11/bin/innovus -nowin -common_...] Level.DEBUG:     RC-Corner PostRoute Res Factor        : 1 {1 1 1}
[par] [Exec ...11/bin/innovus -nowin -common_...] Level.DEBUG:     RC-Corner PostRoute Cap Factor        : 1 {1 1 1}
[par] [Exec ...11/bin/innovus -nowin -common_...] Level.DEBUG:     RC-Corner PostRoute XCap Factor       : 1 {1 1 1}
[par] [Exec ...11/bin/innovus -nowin -common_...] Level.DEBUG:     RC-Corner PreRoute Clock Res Factor   : 1	[Derived from postRoute_res (effortLevel low)]
[par] [Exec ...11/bin/innovus -nowin -common_...] Level.DEBUG:     RC-Corner PreRoute Clock Cap Factor   : 1	[Derived from postRoute_cap (effortLevel low)]
[par] [Exec ...11/bin/innovus -nowin -common_...] Level.DEBUG:     RC-Corner PostRoute Clock Cap Factor  : 1 {1 1 1} 	[Derived from postRoute_cap (effortLevel low)]
[par] [Exec ...11/bin/innovus -nowin -common_...] Level.DEBUG:     RC-Corner PostRoute Clock Res Factor  : 1 {1 1 1} 	[Derived from postRoute_res (effortLevel low)]
[par] [Exec ...11/bin/innovus -nowin -common_...] Level.DEBUG:     RC-Corner PostRoute Clock coupling capacitance Factor : 1 {1 1 1}
[par] [Exec ...11/bin/innovus -nowin -common_...] Level.DEBUG:     RC-Corner Technology file: '/w/class.1/ee/ee209b/ee209bta/TSMC180PDK/EXTRAS/qrcTechFile'
[par] [Exec ...11/bin/innovus -nowin -common_...] Level.DEBUG: 
[par] [Exec ...11/bin/innovus -nowin -common_...] Level.DEBUG:  Analysis View: NCCOM.extra_view
[par] [Exec ...11/bin/innovus -nowin -common_...] Level.DEBUG:     RC-Corner Name        : NCCOM.extra_rc
[par] [Exec ...11/bin/innovus -nowin -common_...] Level.DEBUG:     RC-Corner Index       : 2
[par] [Exec ...11/bin/innovus -nowin -common_...] Level.DEBUG:     RC-Corner Temperature : 25 Celsius
[par] [Exec ...11/bin/innovus -nowin -common_...] Level.DEBUG:     RC-Corner Cap Table   : '/w/class.1/ee/ee209b/ee209bta/TSMC180PDK/Standard_Cells_and_IO/180_G_Standard_Cell/core_cell_library/core_cell_library/7-track/tcb018gbwp7t_290a/TSMCHOME/digital/Back_End/lef/tcb018gbwp7t_270a/techfiles/captable/t018lo_1p6m_typical.captable'
[par] [Exec ...11/bin/innovus -nowin -common_...] Level.DEBUG:     RC-Corner PreRoute Res Factor         : 1
[par] [Exec ...11/bin/innovus -nowin -common_...] Level.DEBUG:     RC-Corner PreRoute Cap Factor         : 1
[par] [Exec ...11/bin/innovus -nowin -common_...] Level.DEBUG:     RC-Corner PostRoute Res Factor        : 1 {1 1 1}
[par] [Exec ...11/bin/innovus -nowin -common_...] Level.DEBUG:     RC-Corner PostRoute Cap Factor        : 1 {1 1 1}
[par] [Exec ...11/bin/innovus -nowin -common_...] Level.DEBUG:     RC-Corner PostRoute XCap Factor       : 1 {1 1 1}
[par] [Exec ...11/bin/innovus -nowin -common_...] Level.DEBUG:     RC-Corner PreRoute Clock Res Factor   : 1	[Derived from postRoute_res (effortLevel low)]
[par] [Exec ...11/bin/innovus -nowin -common_...] Level.DEBUG:     RC-Corner PreRoute Clock Cap Factor   : 1	[Derived from postRoute_cap (effortLevel low)]
[par] [Exec ...11/bin/innovus -nowin -common_...] Level.DEBUG:     RC-Corner PostRoute Clock Cap Factor  : 1 {1 1 1} 	[Derived from postRoute_cap (effortLevel low)]
[par] [Exec ...11/bin/innovus -nowin -common_...] Level.DEBUG:     RC-Corner PostRoute Clock Res Factor  : 1 {1 1 1} 	[Derived from postRoute_res (effortLevel low)]
[par] [Exec ...11/bin/innovus -nowin -common_...] Level.DEBUG:     RC-Corner PostRoute Clock coupling capacitance Factor : 1 {1 1 1}
[par] [Exec ...11/bin/innovus -nowin -common_...] Level.DEBUG:     RC-Corner Technology file: '/w/class.1/ee/ee209b/ee209bta/TSMC180PDK/EXTRAS/qrcTechFile'
[par] [Exec ...11/bin/innovus -nowin -common_...] Level.DEBUG: Updating RC grid for preRoute extraction ...
[par] [Exec ...11/bin/innovus -nowin -common_...] Level.DEBUG: Initializing multi-corner capacitance tables ...
[par] [Exec ...11/bin/innovus -nowin -common_...] Level.DEBUG: Initializing multi-corner resistance tables ...
[par] [Exec ...11/bin/innovus -nowin -common_...] Level.DEBUG: *Info: initialize multi-corner CTS.
[par] [Exec ...11/bin/innovus -nowin -common_...] Level.DEBUG: Starting library reading in 'Multi-threaded flow' (with '4' threads)
[par] [Exec ...11/bin/innovus -nowin -common_...] Level.DEBUG: 
[par] [Exec ...11/bin/innovus -nowin -common_...] Level.DEBUG: Threads Configured:4
[par] [Exec ...11/bin/innovus -nowin -common_...] Level.DEBUG: Reading NCCOM.extra_set timing library /w/class.1/ee/ee209b/ee209bta/TSMC180PDK/Standard_Cells_and_IO/180_G_Standard_Cell/core_cell_library/core_cell_library/7-track/tcb018gbwp7t_290a/TSMCHOME/digital/Front_End/timing_power_noise/CCS/tcb018gbwp7t_270a/tcb018gbwp7ttc_ccs.lib.
[par] [Exec ...11/bin/innovus -nowin -common_...] Level.DEBUG: Read 560 cells in library tcb018gbwp7ttc_ccs.
[par] [Exec ...11/bin/innovus -nowin -common_...] Level.DEBUG: Reading NCCOM.extra_set timing library /w/class.1/ee/ee209b/ee209bta/TSMC180PDK/Standard_Cells_and_IO/180_G_Standard_IO/Standard_IO/Standard_IO/tpd018nv_280a/TSMCHOME/digital/Front_End/timing_power_noise/NLDM/tpd018nv_280a/tpd018nvtc.lib.
[par] [Exec ...11/bin/innovus -nowin -common_...] Level.DEBUG: Read 45 cells in library tpd018nvtc.
[par] [Exec ...11/bin/innovus -nowin -common_...] Level.DEBUG: Library reading multithread flow ended.
[par] [Exec ...11/bin/innovus -nowin -common_...] Level.DEBUG: Reading timing constraints file '/w/home.04/home/devlin11780/Desktop/ece209bs/Tapeout/conv_filter_chip/ee209-hammer-internal/build/syn-rundir/top.mapped.sdc' ...
[par] [Exec ...11/bin/innovus -nowin -common_...] Level.DEBUG: Current (total cpu=0:01:15, real=0:00:55.0, peak res=1813.0M, current mem=1287.9M)
[par] [Exec ...11/bin/innovus -nowin -common_...] Level.DEBUG: **WARN: (TCLCMD-1461):	Skipped unsupported command: set_units (File /w/home.04/home/devlin11780/Desktop/ece209bs/Tapeout/conv_filter_chip/ee209-hammer-internal/build/syn-rundir/top.mapped.sdc, Line 9).
[par] [Exec ...11/bin/innovus -nowin -common_...] Level.DEBUG: 
[par] [Exec ...11/bin/innovus -nowin -common_...] Level.DEBUG: **WARN: (TCLCMD-1461):	Skipped unsupported command: set_units (File /w/home.04/home/devlin11780/Desktop/ece209bs/Tapeout/conv_filter_chip/ee209-hammer-internal/build/syn-rundir/top.mapped.sdc, Line 10).
[par] [Exec ...11/bin/innovus -nowin -common_...] Level.DEBUG: 
[par] [Exec ...11/bin/innovus -nowin -common_...] Level.DEBUG: top
[par] [Exec ...11/bin/innovus -nowin -common_...] Level.DEBUG: INFO (CTE): Reading of timing constraints file /w/home.04/home/devlin11780/Desktop/ece209bs/Tapeout/conv_filter_chip/ee209-hammer-internal/build/syn-rundir/top.mapped.sdc completed, with 2 WARNING
[par] [Exec ...11/bin/innovus -nowin -common_...] Level.DEBUG: Ending "Constraint file reading stats" (total cpu=0:00:00.1, real=0:00:00.0, peak res=1298.7M, current mem=1298.7M)
[par] [Exec ...11/bin/innovus -nowin -common_...] Level.DEBUG: Current (total cpu=0:01:16, real=0:00:55.0, peak res=1813.0M, current mem=1298.7M)
[par] [Exec ...11/bin/innovus -nowin -common_...] Level.DEBUG: Total number of combinational cells: 377
[par] [Exec ...11/bin/innovus -nowin -common_...] Level.DEBUG: Total number of sequential cells: 160
[par] [Exec ...11/bin/innovus -nowin -common_...] Level.DEBUG: Total number of tristate cells: 7
[par] [Exec ...11/bin/innovus -nowin -common_...] Level.DEBUG: Total number of level shifter cells: 0
[par] [Exec ...11/bin/innovus -nowin -common_...] Level.DEBUG: Total number of power gating cells: 0
[par] [Exec ...11/bin/innovus -nowin -common_...] Level.DEBUG: Total number of isolation cells: 0
[par] [Exec ...11/bin/innovus -nowin -common_...] Level.DEBUG: Total number of power switch cells: 0
[par] [Exec ...11/bin/innovus -nowin -common_...] Level.DEBUG: Total number of pulse generator cells: 0
[par] [Exec ...11/bin/innovus -nowin -common_...] Level.DEBUG: Total number of always on buffers: 0
[par] [Exec ...11/bin/innovus -nowin -common_...] Level.DEBUG: Total number of retention cells: 0
[par] [Exec ...11/bin/innovus -nowin -common_...] Level.DEBUG: Total number of physical cells: 16
[par] [Exec ...11/bin/innovus -nowin -common_...] Level.DEBUG: List of usable buffers: BUFFD0BWP7T BUFFD10BWP7T BUFFD12BWP7T BUFFD1BWP7T BUFFD1P5BWP7T BUFFD2BWP7T BUFFD2P5BWP7T CKBD0BWP7T BUFFD3BWP7T BUFFD4BWP7T BUFFD5BWP7T BUFFD6BWP7T BUFFD8BWP7T CKBD10BWP7T CKBD12BWP7T CKBD1BWP7T CKBD2BWP7T CKBD3BWP7T CKBD4BWP7T CKBD6BWP7T CKBD8BWP7T DEL015BWP7T DEL02BWP7T DEL01BWP7T
[par] [Exec ...11/bin/innovus -nowin -common_...] Level.DEBUG: Total number of usable buffers: 24
[par] [Exec ...11/bin/innovus -nowin -common_...] Level.DEBUG: List of unusable buffers: GBUFFD1BWP7T GBUFFD3BWP7T GBUFFD2BWP7T GBUFFD8BWP7T
[par] [Exec ...11/bin/innovus -nowin -common_...] Level.DEBUG: Total number of unusable buffers: 4
[par] [Exec ...11/bin/innovus -nowin -common_...] Level.DEBUG: List of usable inverters: CKND0BWP7T CKND10BWP7T CKND12BWP7T CKND1BWP7T CKND2BWP7T CKND3BWP7T CKND4BWP7T CKND6BWP7T CKND8BWP7T INVD0BWP7T INVD10BWP7T INVD12BWP7T INVD1BWP7T INVD2BWP7T INVD1P5BWP7T INVD2P5BWP7T INVD3BWP7T INVD4BWP7T INVD5BWP7T INVD6BWP7T INVD8BWP7T
[par] [Exec ...11/bin/innovus -nowin -common_...] Level.DEBUG: Total number of usable inverters: 21
[par] [Exec ...11/bin/innovus -nowin -common_...] Level.DEBUG: List of unusable inverters: GINVD2BWP7T GINVD1BWP7T GINVD3BWP7T GINVD8BWP7T
[par] [Exec ...11/bin/innovus -nowin -common_...] Level.DEBUG: Total number of unusable inverters: 4
[par] [Exec ...11/bin/innovus -nowin -common_...] Level.DEBUG: List of identified usable delay cells: DEL0BWP7T DEL1BWP7T DEL2BWP7T DEL3BWP7T DEL4BWP7T
[par] [Exec ...11/bin/innovus -nowin -common_...] Level.DEBUG: Total number of identified usable delay cells: 5
[par] [Exec ...11/bin/innovus -nowin -common_...] Level.DEBUG: List of identified unusable delay cells:
[par] [Exec ...11/bin/innovus -nowin -common_...] Level.DEBUG: Total number of identified unusable delay cells: 0
[par] [Exec ...11/bin/innovus -nowin -common_...] Level.DEBUG: @file 25: puts "read_power_intent -cpf /w/home.04/home/devlin11780/Desktop/ece209bs/Tapeout/conv_filter_chip/ee209-hammer-internal/build/par-rundir/power_spec.cpf"
[par] [Exec ...11/bin/innovus -nowin -common_...] Level.DEBUG: read_power_intent -cpf /w/home.04/home/devlin11780/Desktop/ece209bs/Tapeout/conv_filter_chip/ee209-hammer-internal/build/par-rundir/power_spec.cpf
[par] [Exec ...11/bin/innovus -nowin -common_...] Level.DEBUG: @@file 26: read_power_intent -cpf /w/home.04/home/devlin11780/Desktop/ece209bs/Tapeout/conv_filter_chip/ee209-hammer-internal/build/par-rundir/power_spec.cpf
[par] [Exec ...11/bin/innovus -nowin -common_...] Level.DEBUG: Loading CPF file /w/home.04/home/devlin11780/Desktop/ece209bs/Tapeout/conv_filter_chip/ee209-hammer-internal/build/par-rundir/power_spec.cpf ...
[par] [Exec ...11/bin/innovus -nowin -common_...] Level.DEBUG: INFO: processed 12 CPF commands in 12 lines from file /w/home.04/home/devlin11780/Desktop/ece209bs/Tapeout/conv_filter_chip/ee209-hammer-internal/build/par-rundir/power_spec.cpf, with 0 errors
[par] [Exec ...11/bin/innovus -nowin -common_...] Level.DEBUG: Checking CPF file ...
[par] [Exec ...11/bin/innovus -nowin -common_...] Level.DEBUG: INFO: The CPF has only one domain defined.
[par] [Exec ...11/bin/innovus -nowin -common_...] Level.DEBUG: Domain-based global connection will be applied to top cell. Other domain-related CPF commands will be ignored.
[par] [Exec ...11/bin/innovus -nowin -common_...] Level.DEBUG: @file 27: puts "commit_power_intent"
[par] [Exec ...11/bin/innovus -nowin -common_...] Level.DEBUG: commit_power_intent
[par] [Exec ...11/bin/innovus -nowin -common_...] Level.DEBUG: @@file 28: commit_power_intent
[par] [Exec ...11/bin/innovus -nowin -common_...] Level.DEBUG: CPF_RUNTIME: freeTimingGraph: cpu=0:00:00.16 real=0:00:00.00
[par] [Exec ...11/bin/innovus -nowin -common_...] Level.DEBUG: CPF_RUNTIME: clean_up_msv: cpu=0:00:00.01 real=0:00:00.00
[par] [Exec ...11/bin/innovus -nowin -common_...] Level.DEBUG: CPF_RUNTIME: commit_pg_nets: cpu=0:00:00.00 real=0:00:00.00
[par] [Exec ...11/bin/innovus -nowin -common_...] Level.DEBUG: CPF_RUNTIME: switchable_pg_nets: cpu=0:00:00.00 real=0:00:00.00
[par] [Exec ...11/bin/innovus -nowin -common_...] Level.DEBUG: CPF_RUNTIME: virtual_ports: cpu=0:00:00.00 real=0:00:00.00
[par] [Exec ...11/bin/innovus -nowin -common_...] Level.DEBUG: CPF_RUNTIME: make_secondary_pgconn: cpu=0:00:00.02 real=0:00:00.00
[par] [Exec ...11/bin/innovus -nowin -common_...] Level.DEBUG: Total 0 new pin(s) connected to net 'VDD'
[par] [Exec ...11/bin/innovus -nowin -common_...] Level.DEBUG: Total 0 new pin(s) connected to net 'VSS'
[par] [Exec ...11/bin/innovus -nowin -common_...] Level.DEBUG: **WARN: (IMPCPF-980):	Power domain AO is not bound to any library. Power domain library binding is through 'update_delay_corner -power_domain' in the MMMC file viewDefinition.tcl. Please make sure that 'update_delay_corner -power_domain AO' is specified for each delay corner in the MMMC file.
[par] [Exec ...11/bin/innovus -nowin -common_...] Level.DEBUG: CPF_RUNTIME: commit_power_domain: cpu=0:00:00.00 real=0:00:00.00
[par] [Exec ...11/bin/innovus -nowin -common_...] Level.DEBUG: CPF_RUNTIME: assignSNetVoltages: cpu=0:00:00.03 real=0:00:00.00
[par] [Exec ...11/bin/innovus -nowin -common_...] Level.DEBUG: CPF_RUNTIME: define_low_power_cells: cpu=0:00:00.00 real=0:00:00.00
[par] [Exec ...11/bin/innovus -nowin -common_...] Level.DEBUG: Current (total cpu=0:01:16, real=0:00:55.0, peak res=1813.0M, current mem=1402.4M)
[par] [Exec ...11/bin/innovus -nowin -common_...] Level.DEBUG: top
[par] [Exec ...11/bin/innovus -nowin -common_...] Level.DEBUG: Ending "Constraint file reading stats" (total cpu=0:00:00.0, real=0:00:01.0, peak res=1405.1M, current mem=1405.1M)
[par] [Exec ...11/bin/innovus -nowin -common_...] Level.DEBUG: Current (total cpu=0:01:16, real=0:00:56.0, peak res=1813.0M, current mem=1405.1M)
[par] [Exec ...11/bin/innovus -nowin -common_...] Level.DEBUG: CPF_RUNTIME: buildTimingGraph: cpu=0:00:00.21 real=0:00:01.00
[par] [Exec ...11/bin/innovus -nowin -common_...] Level.DEBUG: CPF_RUNTIME: commit_retention: cpu=0:00:00.00 real=0:00:00.00
[par] [Exec ...11/bin/innovus -nowin -common_...] Level.DEBUG: CPF_RUNTIME: applyDefaultGncRules: cpu=0:00:00.00 real=0:00:00.00
[par] [Exec ...11/bin/innovus -nowin -common_...] Level.DEBUG: CPF_RUNTIME: commit_global_connect: cpu=0:00:00.00 real=0:00:00.00
[par] [Exec ...11/bin/innovus -nowin -common_...] Level.DEBUG: CPF_RUNTIME: replaceWithAlwaysOnBuffer: cpu=0:00:00.00 real=0:00:00.00
[par] [Exec ...11/bin/innovus -nowin -common_...] Level.DEBUG: CPF_RUNTIME: commit_iso: cpu=0:00:00.01 real=0:00:00.00
[par] [Exec ...11/bin/innovus -nowin -common_...] Level.DEBUG: CPF_RUNTIME: commitEnbConn: cpu=0:00:00.00 real=0:00:00.00
[par] [Exec ...11/bin/innovus -nowin -common_...] Level.DEBUG: CPF_RUNTIME: commit_shifter: cpu=0:00:00.00 real=0:00:00.00
[par] [Exec ...11/bin/innovus -nowin -common_...] Level.DEBUG: CPF_RUNTIME: commit_pso: cpu=0:00:00.00 real=0:00:00.00
[par] [Exec ...11/bin/innovus -nowin -common_...] Level.DEBUG: Total number of combinational cells: 377
[par] [Exec ...11/bin/innovus -nowin -common_...] Level.DEBUG: Total number of sequential cells: 160
[par] [Exec ...11/bin/innovus -nowin -common_...] Level.DEBUG: Total number of tristate cells: 7
[par] [Exec ...11/bin/innovus -nowin -common_...] Level.DEBUG: Total number of level shifter cells: 0
[par] [Exec ...11/bin/innovus -nowin -common_...] Level.DEBUG: Total number of power gating cells: 0
[par] [Exec ...11/bin/innovus -nowin -common_...] Level.DEBUG: Total number of isolation cells: 0
[par] [Exec ...11/bin/innovus -nowin -common_...] Level.DEBUG: Total number of power switch cells: 0
[par] [Exec ...11/bin/innovus -nowin -common_...] Level.DEBUG: Total number of pulse generator cells: 0
[par] [Exec ...11/bin/innovus -nowin -common_...] Level.DEBUG: Total number of always on buffers: 0
[par] [Exec ...11/bin/innovus -nowin -common_...] Level.DEBUG: Total number of retention cells: 0
[par] [Exec ...11/bin/innovus -nowin -common_...] Level.DEBUG: Total number of physical cells: 16
[par] [Exec ...11/bin/innovus -nowin -common_...] Level.DEBUG: List of usable buffers: BUFFD0BWP7T BUFFD10BWP7T BUFFD12BWP7T BUFFD1BWP7T BUFFD1P5BWP7T BUFFD2BWP7T BUFFD2P5BWP7T CKBD0BWP7T BUFFD3BWP7T BUFFD4BWP7T BUFFD5BWP7T BUFFD6BWP7T BUFFD8BWP7T CKBD10BWP7T CKBD12BWP7T CKBD1BWP7T CKBD2BWP7T CKBD3BWP7T CKBD4BWP7T CKBD6BWP7T CKBD8BWP7T DEL015BWP7T DEL02BWP7T DEL01BWP7T
[par] [Exec ...11/bin/innovus -nowin -common_...] Level.DEBUG: Total number of usable buffers: 24
[par] [Exec ...11/bin/innovus -nowin -common_...] Level.DEBUG: List of unusable buffers: GBUFFD1BWP7T GBUFFD3BWP7T GBUFFD2BWP7T GBUFFD8BWP7T
[par] [Exec ...11/bin/innovus -nowin -common_...] Level.DEBUG: Total number of unusable buffers: 4
[par] [Exec ...11/bin/innovus -nowin -common_...] Level.DEBUG: List of usable inverters: CKND0BWP7T CKND10BWP7T CKND12BWP7T CKND1BWP7T CKND2BWP7T CKND3BWP7T CKND4BWP7T CKND6BWP7T CKND8BWP7T INVD0BWP7T INVD10BWP7T INVD12BWP7T INVD1BWP7T INVD2BWP7T INVD1P5BWP7T INVD2P5BWP7T INVD3BWP7T INVD4BWP7T INVD5BWP7T INVD6BWP7T INVD8BWP7T
[par] [Exec ...11/bin/innovus -nowin -common_...] Level.DEBUG: Total number of usable inverters: 21
[par] [Exec ...11/bin/innovus -nowin -common_...] Level.DEBUG: List of unusable inverters: GINVD2BWP7T GINVD1BWP7T GINVD3BWP7T GINVD8BWP7T
[par] [Exec ...11/bin/innovus -nowin -common_...] Level.DEBUG: Total number of unusable inverters: 4
[par] [Exec ...11/bin/innovus -nowin -common_...] Level.DEBUG: List of identified usable delay cells: DEL0BWP7T DEL1BWP7T DEL2BWP7T DEL3BWP7T DEL4BWP7T
[par] [Exec ...11/bin/innovus -nowin -common_...] Level.DEBUG: Total number of identified usable delay cells: 5
[par] [Exec ...11/bin/innovus -nowin -common_...] Level.DEBUG: List of identified unusable delay cells:
[par] [Exec ...11/bin/innovus -nowin -common_...] Level.DEBUG: Total number of identified unusable delay cells: 0
[par] [Exec ...11/bin/innovus -nowin -common_...] Level.DEBUG: No isolation cell in libraries.
[par] [Exec ...11/bin/innovus -nowin -common_...] Level.DEBUG: No level shifter cell in libraries.
[par] [Exec ...11/bin/innovus -nowin -common_...] Level.DEBUG: **WARN: (IMPFP-3961):	The techSite 'corner' has no related standard cells in the LEF/OA library. The calculations for this site type cannot be made unless standard cell models of this type exist in the LEF/OA library. Ignore this warning if the SITE is not used by the library. Alternatively, remove the SITE definition for the LEF/OA library to avoid this message.
[par] [Exec ...11/bin/innovus -nowin -common_...] Level.DEBUG: Type 'man IMPFP-3961' for more detail.
[par] [Exec ...11/bin/innovus -nowin -common_...] Level.DEBUG: **WARN: (IMPFP-3961):	The techSite 'pad' has no related standard cells in the LEF/OA library. The calculations for this site type cannot be made unless standard cell models of this type exist in the LEF/OA library. Ignore this warning if the SITE is not used by the library. Alternatively, remove the SITE definition for the LEF/OA library to avoid this message.
[par] [Exec ...11/bin/innovus -nowin -common_...] Level.DEBUG: Type 'man IMPFP-3961' for more detail.
[par] [Exec ...11/bin/innovus -nowin -common_...] Level.DEBUG: **WARN: (IMPFP-3961):	The techSite 'dcore7T' has no related standard cells in the LEF/OA library. The calculations for this site type cannot be made unless standard cell models of this type exist in the LEF/OA library. Ignore this warning if the SITE is not used by the library. Alternatively, remove the SITE definition for the LEF/OA library to avoid this message.
[par] [Exec ...11/bin/innovus -nowin -common_...] Level.DEBUG: Type 'man IMPFP-3961' for more detail.
[par] [Exec ...11/bin/innovus -nowin -common_...] Level.DEBUG: **WARN: (IMPFP-3961):	The techSite 'ccore7T' has no related standard cells in the LEF/OA library. The calculations for this site type cannot be made unless standard cell models of this type exist in the LEF/OA library. Ignore this warning if the SITE is not used by the library. Alternatively, remove the SITE definition for the LEF/OA library to avoid this message.
[par] [Exec ...11/bin/innovus -nowin -common_...] Level.DEBUG: Type 'man IMPFP-3961' for more detail.
[par] [Exec ...11/bin/innovus -nowin -common_...] Level.DEBUG: **WARN: (IMPFP-3961):	The techSite 'bcoreExt7T' has no related standard cells in the LEF/OA library. The calculations for this site type cannot be made unless standard cell models of this type exist in the LEF/OA library. Ignore this warning if the SITE is not used by the library. Alternatively, remove the SITE definition for the LEF/OA library to avoid this message.
[par] [Exec ...11/bin/innovus -nowin -common_...] Level.DEBUG: Type 'man IMPFP-3961' for more detail.
[par] [Exec ...11/bin/innovus -nowin -common_...] Level.DEBUG: **WARN: (IMPFP-3961):	The techSite 'bcore7T' has no related standard cells in the LEF/OA library. The calculations for this site type cannot be made unless standard cell models of this type exist in the LEF/OA library. Ignore this warning if the SITE is not used by the library. Alternatively, remove the SITE definition for the LEF/OA library to avoid this message.
[par] [Exec ...11/bin/innovus -nowin -common_...] Level.DEBUG: Type 'man IMPFP-3961' for more detail.
[par] [Exec ...11/bin/innovus -nowin -common_...] Level.DEBUG: **WARN: (IMPFP-3961):	The techSite 'corner' has no related standard cells in the LEF/OA library. The calculations for this site type cannot be made unless standard cell models of this type exist in the LEF/OA library. Ignore this warning if the SITE is not used by the library. Alternatively, remove the SITE definition for the LEF/OA library to avoid this message.
[par] [Exec ...11/bin/innovus -nowin -common_...] Level.DEBUG: Type 'man IMPFP-3961' for more detail.
[par] [Exec ...11/bin/innovus -nowin -common_...] Level.DEBUG: **WARN: (IMPFP-3961):	The techSite 'pad' has no related standard cells in the LEF/OA library. The calculations for this site type cannot be made unless standard cell models of this type exist in the LEF/OA library. Ignore this warning if the SITE is not used by the library. Alternatively, remove the SITE definition for the LEF/OA library to avoid this message.
[par] [Exec ...11/bin/innovus -nowin -common_...] Level.DEBUG: Type 'man IMPFP-3961' for more detail.
[par] [Exec ...11/bin/innovus -nowin -common_...] Level.DEBUG: **WARN: (IMPFP-3961):	The techSite 'dcore7T' has no related standard cells in the LEF/OA library. The calculations for this site type cannot be made unless standard cell models of this type exist in the LEF/OA library. Ignore this warning if the SITE is not used by the library. Alternatively, remove the SITE definition for the LEF/OA library to avoid this message.
[par] [Exec ...11/bin/innovus -nowin -common_...] Level.DEBUG: Type 'man IMPFP-3961' for more detail.
[par] [Exec ...11/bin/innovus -nowin -common_...] Level.DEBUG: **WARN: (IMPFP-3961):	The techSite 'ccore7T' has no related standard cells in the LEF/OA library. The calculations for this site type cannot be made unless standard cell models of this type exist in the LEF/OA library. Ignore this warning if the SITE is not used by the library. Alternatively, remove the SITE definition for the LEF/OA library to avoid this message.
[par] [Exec ...11/bin/innovus -nowin -common_...] Level.DEBUG: Type 'man IMPFP-3961' for more detail.
[par] [Exec ...11/bin/innovus -nowin -common_...] Level.DEBUG: **WARN: (IMPFP-3961):	The techSite 'bcoreExt7T' has no related standard cells in the LEF/OA library. The calculations for this site type cannot be made unless standard cell models of this type exist in the LEF/OA library. Ignore this warning if the SITE is not used by the library. Alternatively, remove the SITE definition for the LEF/OA library to avoid this message.
[par] [Exec ...11/bin/innovus -nowin -common_...] Level.DEBUG: Type 'man IMPFP-3961' for more detail.
[par] [Exec ...11/bin/innovus -nowin -common_...] Level.DEBUG: **WARN: (IMPFP-3961):	The techSite 'bcore7T' has no related standard cells in the LEF/OA library. The calculations for this site type cannot be made unless standard cell models of this type exist in the LEF/OA library. Ignore this warning if the SITE is not used by the library. Alternatively, remove the SITE definition for the LEF/OA library to avoid this message.
[par] [Exec ...11/bin/innovus -nowin -common_...] Level.DEBUG: Type 'man IMPFP-3961' for more detail.
[par] [Exec ...11/bin/innovus -nowin -common_...] Level.DEBUG: @file 29: puts "set_db design_flow_effort extreme"
[par] [Exec ...11/bin/innovus -nowin -common_...] Level.DEBUG: set_db design_flow_effort extreme
[par] [Exec ...11/bin/innovus -nowin -common_...] Level.DEBUG: @@file 30: set_db design_flow_effort extreme
[par] [Exec ...11/bin/innovus -nowin -common_...] Level.DEBUG: **INFO: setDesignMode -flowEffort extreme -> setting 'setOptMode -expExtremeHighEffOpt true'
[par] [Exec ...11/bin/innovus -nowin -common_...] Level.DEBUG: **ERROR: (IMPOPT-801):	Genus executable not found in PATH. Install Genus, add the path to the genus executable in the PATH variable and rerun Innovus.
[par] [Exec ...11/bin/innovus -nowin -common_...] Level.DEBUG: @file 31:
[par] [Exec ...11/bin/innovus -nowin -common_...] Level.DEBUG: @file 32: puts "set_dont_use \[get_db lib_cells */G*\]"
[par] [Exec ...11/bin/innovus -nowin -common_...] Level.DEBUG: set_dont_use [get_db lib_cells */G*]
[par] [Exec ...11/bin/innovus -nowin -common_...] Level.DEBUG: @file 33: if { [get_db lib_cells */G*] ne "" } {
[par] [Exec ...11/bin/innovus -nowin -common_...] Level.DEBUG: @@file 34: set_dont_use [get_db lib_cells */G*]
[par] [Exec ...11/bin/innovus -nowin -common_...] Level.DEBUG: @file 35: }
[par] [Exec ...11/bin/innovus -nowin -common_...] Level.DEBUG: @file 38:
[par] [Exec ...11/bin/innovus -nowin -common_...] Level.DEBUG: @file 39: puts "write_db pre_tsmc180_innovus_settings"
[par] [Exec ...11/bin/innovus -nowin -common_...] Level.DEBUG: write_db pre_tsmc180_innovus_settings
[par] [Exec ...11/bin/innovus -nowin -common_...] Level.DEBUG: @@file 40: write_db pre_tsmc180_innovus_settings
[par] [Exec ...11/bin/innovus -nowin -common_...] Level.DEBUG: #% Begin save design ... (date=04/23 17:32:32, mem=1417.7M)
[par] [Exec ...11/bin/innovus -nowin -common_...] Level.DEBUG: % Begin Save ccopt configuration ... (date=04/23 17:32:32, mem=1417.7M)
[par] [Exec ...11/bin/innovus -nowin -common_...] Level.DEBUG: % End Save ccopt configuration ... (date=04/23 17:32:32, total cpu=0:00:00.0, real=0:00:00.0, peak res=1419.0M, current mem=1419.0M)
[par] [Exec ...11/bin/innovus -nowin -common_...] Level.DEBUG: % Begin Save netlist data ... (date=04/23 17:32:32, mem=1419.6M)
[par] [Exec ...11/bin/innovus -nowin -common_...] Level.DEBUG: Writing Binary DB to pre_tsmc180_innovus_settings/vbin/top.v.bin in multi-threaded mode...
[par] [Exec ...11/bin/innovus -nowin -common_...] Level.DEBUG: % End Save netlist data ... (date=04/23 17:32:32, total cpu=0:00:00.0, real=0:00:00.0, peak res=1419.8M, current mem=1419.8M)
[par] [Exec ...11/bin/innovus -nowin -common_...] Level.DEBUG: Saving symbol-table file in separate thread ...
[par] [Exec ...11/bin/innovus -nowin -common_...] Level.DEBUG: Saving congestion map file in separate thread ...
[par] [Exec ...11/bin/innovus -nowin -common_...] Level.DEBUG: Saving congestion map file pre_tsmc180_innovus_settings/top.route.congmap.gz ...
[par] [Exec ...11/bin/innovus -nowin -common_...] Level.DEBUG: % Begin Save AAE data ... (date=04/23 17:32:32, mem=1420.9M)
[par] [Exec ...11/bin/innovus -nowin -common_...] Level.DEBUG: Saving AAE Data ...
[par] [Exec ...11/bin/innovus -nowin -common_...] Level.DEBUG: % End Save AAE data ... (date=04/23 17:32:32, total cpu=0:00:00.0, real=0:00:00.0, peak res=1420.9M, current mem=1420.9M)
[par] [Exec ...11/bin/innovus -nowin -common_...] Level.DEBUG: Saving preference file pre_tsmc180_innovus_settings/gui.pref.tcl ...
[par] [Exec ...11/bin/innovus -nowin -common_...] Level.DEBUG: Saving mode setting ...
[par] [Exec ...11/bin/innovus -nowin -common_...] Level.DEBUG: Saving root attributes to be loaded post write_db ...
[par] [Exec ...11/bin/innovus -nowin -common_...] Level.DEBUG: Saving global file ...
[par] [Exec ...11/bin/innovus -nowin -common_...] Level.DEBUG: Saving root attributes to be loaded previous write_db ...
[par] [Exec ...11/bin/innovus -nowin -common_...] Level.DEBUG: Saving Drc markers ...
[par] [Exec ...11/bin/innovus -nowin -common_...] Level.DEBUG: ... No Drc file written since there is no markers found.
[par] [Exec ...11/bin/innovus -nowin -common_...] Level.DEBUG: % Begin Save routing data ... (date=04/23 17:32:34, mem=1426.8M)
[par] [Exec ...11/bin/innovus -nowin -common_...] Level.DEBUG: Saving route file ...
[par] [Exec ...11/bin/innovus -nowin -common_...] Level.DEBUG: *** Completed saveRoute (cpu=0:00:00.0 real=0:00:00.0 mem=1697.1M) ***
[par] [Exec ...11/bin/innovus -nowin -common_...] Level.DEBUG: % End Save routing data ... (date=04/23 17:32:34, total cpu=0:00:00.0, real=0:00:00.0, peak res=1427.0M, current mem=1427.0M)
[par] [Exec ...11/bin/innovus -nowin -common_...] Level.DEBUG: Saving special route data file in separate thread ...
[par] [Exec ...11/bin/innovus -nowin -common_...] Level.DEBUG: Saving PG file in separate thread ...
[par] [Exec ...11/bin/innovus -nowin -common_...] Level.DEBUG: Saving placement file in separate thread ...
[par] [Exec ...11/bin/innovus -nowin -common_...] Level.DEBUG: Saving PG file pre_tsmc180_innovus_settings/top.pg.gz, version#2, (Created by Innovus v21.19-s058_1 on Thu Apr 23 17:32:34 2026)
[par] [Exec ...11/bin/innovus -nowin -common_...] Level.DEBUG: ** Saving stdCellPlacement_binary (version# 2) ...
[par] [Exec ...11/bin/innovus -nowin -common_...] Level.DEBUG: Save Adaptive View Pruning View Names to Binary file
[par] [Exec ...11/bin/innovus -nowin -common_...] Level.DEBUG: TAT_INFO: ::saveSpecialRoute REAL = 0 : CPU = 0 : MEM = 0.
[par] [Exec ...11/bin/innovus -nowin -common_...] Level.DEBUG: *** Completed savePGFile (cpu=0:00:00.0 real=0:00:00.0 mem=1711.1M) ***
[par] [Exec ...11/bin/innovus -nowin -common_...] Level.DEBUG: TAT_INFO: ::savePGFile REAL = 0 : CPU = 0 : MEM = 0.
[par] [Exec ...11/bin/innovus -nowin -common_...] Level.DEBUG: TAT_INFO: ::savePlace REAL = 0 : CPU = 0 : MEM = 0.
[par] [Exec ...11/bin/innovus -nowin -common_...] Level.DEBUG: Saving property file pre_tsmc180_innovus_settings/top.prop
[par] [Exec ...11/bin/innovus -nowin -common_...] Level.DEBUG: *** Completed saveProperty (cpu=0:00:00.0 real=0:00:00.0 mem=1711.1M) ***
[par] [Exec ...11/bin/innovus -nowin -common_...] Level.DEBUG: Saving CPF database ...
[par] [Exec ...11/bin/innovus -nowin -common_...] Level.DEBUG: *** End saving CPF database: cpu=0:00:00.00 real=0:00:00.00 ***
[par] [Exec ...11/bin/innovus -nowin -common_...] Level.DEBUG: TAT_INFO: ::db::saveSymbolTable REAL = 0 : CPU = 0 : MEM = 0.
[par] [Exec ...11/bin/innovus -nowin -common_...] Level.DEBUG: TAT_INFO: ::saveCongMap REAL = 0 : CPU = 0 : MEM = 0.
[par] [Exec ...11/bin/innovus -nowin -common_...] Level.DEBUG: % Begin Save power constraints data ... (date=04/23 17:32:34, mem=1431.8M)
[par] [Exec ...11/bin/innovus -nowin -common_...] Level.DEBUG: % End Save power constraints data ... (date=04/23 17:32:34, total cpu=0:00:00.0, real=0:00:00.0, peak res=1431.8M, current mem=1431.8M)
[par] [Exec ...11/bin/innovus -nowin -common_...] Level.DEBUG: Generated self-contained design pre_tsmc180_innovus_settings
[par] [Exec ...11/bin/innovus -nowin -common_...] Level.DEBUG: #% End save design ... (date=04/23 17:32:35, total cpu=0:00:01.8, real=0:00:03.0, peak res=1434.3M, current mem=1434.3M)
[par] [Exec ...11/bin/innovus -nowin -common_...] Level.DEBUG: *** Message Summary: 0 warning(s), 0 error(s)
[par] [Exec ...11/bin/innovus -nowin -common_...] Level.DEBUG: 
[par] [Exec ...11/bin/innovus -nowin -common_...] Level.DEBUG: @file 41: puts "ln -sfn pre_tsmc180_innovus_settings latest"
[par] [Exec ...11/bin/innovus -nowin -common_...] Level.DEBUG: ln -sfn pre_tsmc180_innovus_settings latest
[par] [Exec ...11/bin/innovus -nowin -common_...] Level.DEBUG: @file 42: ln -sfn pre_tsmc180_innovus_settings latest
[par] [Exec ...11/bin/innovus -nowin -common_...] Level.DEBUG: @file 43:
[par] [Exec ...11/bin/innovus -nowin -common_...] Level.DEBUG: @file 44:
[par] [Exec ...11/bin/innovus -nowin -common_...] Level.DEBUG: @file 45: ##########################################################
[par] [Exec ...11/bin/innovus -nowin -common_...] Level.DEBUG: @file 46: # Placement attributes  [get_db -category place]
[par] [Exec ...11/bin/innovus -nowin -common_...] Level.DEBUG: @file 47: ##########################################################
[par] [Exec ...11/bin/innovus -nowin -common_...] Level.DEBUG: @file 48: #-------------------------------------------------------------------------------
[par] [Exec ...11/bin/innovus -nowin -common_...] Level.DEBUG: @@file 49: set_db opt_honor_fences true
[par] [Exec ...11/bin/innovus -nowin -common_...] Level.DEBUG: @@file 50: set_db place_detail_dpt_flow true
[par] [Exec ...11/bin/innovus -nowin -common_...] Level.DEBUG: **WARN: (IMPSP-510):	There is no SAMEMASK rule defined in the libraries. The option '-place_detail_dpt_flow' is set to false
[par] [Exec ...11/bin/innovus -nowin -common_...] Level.DEBUG: @@file 51: set_db place_detail_color_aware_legal true
[par] [Exec ...11/bin/innovus -nowin -common_...] Level.DEBUG: **WARN: (IMPSP-510):	There is no SAMEMASK rule defined in the libraries. The option '-place_detail_color_aware_legal' is set to false
[par] [Exec ...11/bin/innovus -nowin -common_...] Level.DEBUG: @@file 52: set_db place_global_solver_effort high
[par] [Exec ...11/bin/innovus -nowin -common_...] Level.DEBUG: @@file 53: set_db place_detail_check_cut_spacing true
[par] [Exec ...11/bin/innovus -nowin -common_...] Level.DEBUG: @@file 54: set_db place_global_cong_effort high
[par] [Exec ...11/bin/innovus -nowin -common_...] Level.DEBUG: @file 55:
[par] [Exec ...11/bin/innovus -nowin -common_...] Level.DEBUG: @file 56: ##########################################################
[par] [Exec ...11/bin/innovus -nowin -common_...] Level.DEBUG: @file 57: # Optimization attributes  [get_db -category opt]
[par] [Exec ...11/bin/innovus -nowin -common_...] Level.DEBUG: @file 58: ##########################################################
[par] [Exec ...11/bin/innovus -nowin -common_...] Level.DEBUG: @file 59: #-------------------------------------------------------------------------------
[par] [Exec ...11/bin/innovus -nowin -common_...] Level.DEBUG: @file 60:
[par] [Exec ...11/bin/innovus -nowin -common_...] Level.DEBUG: @@file 61: set_db opt_fix_fanout_load true
[par] [Exec ...11/bin/innovus -nowin -common_...] Level.DEBUG: @@file 62: set_db opt_clock_gate_aware false
[par] [Exec ...11/bin/innovus -nowin -common_...] Level.DEBUG: @@file 63: set_db opt_area_recovery true
[par] [Exec ...11/bin/innovus -nowin -common_...] Level.DEBUG: @@file 64: set_db opt_post_route_area_reclaim setup_aware
[par] [Exec ...11/bin/innovus -nowin -common_...] Level.DEBUG: @@file 65: set_db opt_fix_hold_verbose true
[par] [Exec ...11/bin/innovus -nowin -common_...] Level.DEBUG: @file 66:
[par] [Exec ...11/bin/innovus -nowin -common_...] Level.DEBUG: @file 67: ##########################################################
[par] [Exec ...11/bin/innovus -nowin -common_...] Level.DEBUG: @file 68: # Clock attributes  [get_db -category cts]
[par] [Exec ...11/bin/innovus -nowin -common_...] Level.DEBUG: @file 69: ##########################################################
[par] [Exec ...11/bin/innovus -nowin -common_...] Level.DEBUG: @file 70: #-------------------------------------------------------------------------------
[par] [Exec ...11/bin/innovus -nowin -common_...] Level.DEBUG: @@file 71: set_db cts_target_skew 450ps
[par] [Exec ...11/bin/innovus -nowin -common_...] Level.DEBUG: @@file 72: set_db cts_max_fanout 10
[par] [Exec ...11/bin/innovus -nowin -common_...] Level.DEBUG: @@file 73: set_db cts_target_max_transition_time 400ps
[par] [Exec ...11/bin/innovus -nowin -common_...] Level.DEBUG: @@file 74: set_db opt_setup_target_slack 0.1
[par] [Exec ...11/bin/innovus -nowin -common_...] Level.DEBUG: @@file 75: set_db opt_hold_target_slack 0.1
[par] [Exec ...11/bin/innovus -nowin -common_...] Level.DEBUG: @@file 76: create_route_rule -name cts_spec_1w_2s_leaf -width {METAL1 0.23 METAL2 0.28 METAL3 0.28 METAL4 0.28 METAL5 0.28 METAL6 2.6} -spacing {METAL1 0.23 METAL2 0.28 METAL3 0.28 METAL4 0.28 METAL5 0.28 METAL6 2.5}
[par] [Exec ...11/bin/innovus -nowin -common_...] Level.DEBUG: @@file 77: create_route_type -name RT_LEAF_RULE -route_rule cts_spec_1w_2s_leaf -top_preferred_layer METAL6 -bottom_preferred_layer METAL2 -preferred_routing_layer_effort high
[par] [Exec ...11/bin/innovus -nowin -common_...] Level.DEBUG: @@file 78: create_route_rule -name cts_spec_2w_2s_shield -width {METAL1 0.46 METAL2 0.56 METAL3 0.56 METAL4 0.56 METAL5 0.56 METAL6 5.2} -spacing {METAL1 0.46 METAL2 0.56 METAL3 0.56 METAL4 0.56 METAL5 0.56 METAL6 5.0}
[par] [Exec ...11/bin/innovus -nowin -common_...] Level.DEBUG: @@file 79: create_route_type -name RT_TRUNK_RULE -route_rule cts_spec_2w_2s_shield -shield_net VSS -top_preferred_layer METAL4 -bottom_preferred_layer METAL3 -preferred_routing_layer_effort high
[par] [Exec ...11/bin/innovus -nowin -common_...] Level.DEBUG: @@file 80: set_db cts_route_type_top "default"
[par] [Exec ...11/bin/innovus -nowin -common_...] Level.DEBUG: @@file 81: set_db cts_route_type_trunk "RT_TRUNK_RULE"
[par] [Exec ...11/bin/innovus -nowin -common_...] Level.DEBUG: @@file 82: set_db cts_route_type_leaf "RT_LEAF_RULE"
[par] [Exec ...11/bin/innovus -nowin -common_...] Level.DEBUG: @@file 83: commit_clock_tree_route_attributes
[par] [Exec ...11/bin/innovus -nowin -common_...] Level.DEBUG: Creating clock tree spec for modes (timing configs): my_constraint_mode
[par] [Exec ...11/bin/innovus -nowin -common_...] Level.DEBUG: cts_spec_config_create_generator_skew_groups=true: create_clock_tree_spec will generate skew groups with a name prefix of "_clock_gen" to balance clock generator connected flops with the clock generator they drive.
[par] [Exec ...11/bin/innovus -nowin -common_...] Level.DEBUG: Reset timing graph...
[par] [Exec ...11/bin/innovus -nowin -common_...] Level.DEBUG: Ignoring AAE DB Resetting ...
[par] [Exec ...11/bin/innovus -nowin -common_...] Level.DEBUG: Reset timing graph done.
[par] [Exec ...11/bin/innovus -nowin -common_...] Level.DEBUG: Ignoring AAE DB Resetting ...
[par] [Exec ...11/bin/innovus -nowin -common_...] Level.DEBUG: Multithreaded Timing Analysis is initialized with 4 threads
[par] [Exec ...11/bin/innovus -nowin -common_...] Level.DEBUG: 
[par] [Exec ...11/bin/innovus -nowin -common_...] Level.DEBUG: Analyzing clock structure...
[par] [Exec ...11/bin/innovus -nowin -common_...] Level.DEBUG: Analyzing clock structure done.
[par] [Exec ...11/bin/innovus -nowin -common_...] Level.DEBUG: Reset timing graph...
[par] [Exec ...11/bin/innovus -nowin -common_...] Level.DEBUG: Ignoring AAE DB Resetting ...
[par] [Exec ...11/bin/innovus -nowin -common_...] Level.DEBUG: Reset timing graph done.
[par] [Exec ...11/bin/innovus -nowin -common_...] Level.DEBUG: Extracting original clock gating for clk...
[par] [Exec ...11/bin/innovus -nowin -common_...] Level.DEBUG:   clock_tree clk contains 16 sinks and 0 clock gates.
[par] [Exec ...11/bin/innovus -nowin -common_...] Level.DEBUG: Extracting original clock gating for clk done.
[par] [Exec ...11/bin/innovus -nowin -common_...] Level.DEBUG: The skew group clk/my_constraint_mode was created. It contains 16 sinks and 1 sources.
[par] [Exec ...11/bin/innovus -nowin -common_...] Level.DEBUG: Checking clock tree convergence...
[par] [Exec ...11/bin/innovus -nowin -common_...] Level.DEBUG: Checking clock tree convergence done.
[par] [Exec ...11/bin/innovus -nowin -common_...] Level.DEBUG: (commit_clock_tree_route_attributes): Committed routing attributes to 1 clock nets from 1 route_types.
[par] [Exec ...11/bin/innovus -nowin -common_...] Level.DEBUG: @file 84:
[par] [Exec ...11/bin/innovus -nowin -common_...] Level.DEBUG: @@file 85: set_db cts_primary_delay_corner WCCOM.setup_delay
[par] [Exec ...11/bin/innovus -nowin -common_...] Level.DEBUG: @@file 86: set_db cts_buffer_cells {{CKBD1BWP7T} {CKBD2BWP7T} {CKBD3BWP7T} {CKBD4BWP7T} {CKBD6BWP7T} {CKBD8BWP7T} {CKBD10BWP7T} {CKBD12BWP7T}}
[par] [Exec ...11/bin/innovus -nowin -common_...] Level.DEBUG: @@file 87: set_db cts_inverter_cells {{CKND0BWP7T} {CKND1BWP7T} {CKND2BWP7T} {CKND3BWP7T} {CKND4BWP7T} {CKND6BWP7T}{CKND8BWP7T} {CKND10BWP7T} {CKND12BWP7T}}
[par] [Exec ...11/bin/innovus -nowin -common_...] Level.DEBUG: @@file 88: set_db cts_logic_cells {{CKAN2D0BWP7T} {CKAN2D1BWP7T} {CKAN2D2BWP7T} {CKAN2D8BWP7T} {CKXOR2D0BWP7T} {CKXOR2D1BWP7T} {CKXOR2D2BWP7T} {CKXOR2D4BWP7T} {CKMUX2D0BWP7T} {CKMUX2D1BWP7T} {CKMUX2D2BWP7T} {CKND2D0BWP7T} {CKND2D1BWP7T} {CKND2D2BWP7T} {CKND2D3BWP7T} {CKND2D4BWP7T} {CKND2D8BWP7T}}
[par] [Exec ...11/bin/innovus -nowin -common_...] Level.DEBUG: @file 89:
[par] [Exec ...11/bin/innovus -nowin -common_...] Level.DEBUG: @@file 90: set_db route_design_antenna_diode_insertion true
[par] [Exec ...11/bin/innovus -nowin -common_...] Level.DEBUG: @@file 91: set_db route_design_antenna_cell_name ANTENNABWP7T
[par] [Exec ...11/bin/innovus -nowin -common_...] Level.DEBUG: @file 92:
[par] [Exec ...11/bin/innovus -nowin -common_...] Level.DEBUG: @@file 93: set_db extract_rc_engine post_route
[par] [Exec ...11/bin/innovus -nowin -common_...] Level.DEBUG: @@file 94: set_db extract_rc_effort_level high
[par] [Exec ...11/bin/innovus -nowin -common_...] Level.DEBUG: @@file 95: set_db extract_rc_coupled true
[par] [Exec ...11/bin/innovus -nowin -common_...] Level.DEBUG: @file 96:
[par] [Exec ...11/bin/innovus -nowin -common_...] Level.DEBUG: @file 97: puts "write_db pre_floorplan_design"
[par] [Exec ...11/bin/innovus -nowin -common_...] Level.DEBUG: write_db pre_floorplan_design
[par] [Exec ...11/bin/innovus -nowin -common_...] Level.DEBUG: @@file 98: write_db pre_floorplan_design
[par] [Exec ...11/bin/innovus -nowin -common_...] Level.DEBUG: #% Begin save design ... (date=04/23 17:32:35, mem=1498.9M)
[par] [Exec ...11/bin/innovus -nowin -common_...] Level.DEBUG: % Begin Save ccopt configuration ... (date=04/23 17:32:35, mem=1498.9M)
[par] [Exec ...11/bin/innovus -nowin -common_...] Level.DEBUG: % End Save ccopt configuration ... (date=04/23 17:32:35, total cpu=0:00:00.0, real=0:00:00.0, peak res=1499.0M, current mem=1499.0M)
[par] [Exec ...11/bin/innovus -nowin -common_...] Level.DEBUG: % Begin Save netlist data ... (date=04/23 17:32:35, mem=1499.1M)
[par] [Exec ...11/bin/innovus -nowin -common_...] Level.DEBUG: Writing Binary DB to pre_floorplan_design/vbin/top.v.bin in multi-threaded mode...
[par] [Exec ...11/bin/innovus -nowin -common_...] Level.DEBUG: % End Save netlist data ... (date=04/23 17:32:36, total cpu=0:00:00.0, real=0:00:00.0, peak res=1502.1M, current mem=1502.1M)
[par] [Exec ...11/bin/innovus -nowin -common_...] Level.DEBUG: Saving symbol-table file in separate thread ...
[par] [Exec ...11/bin/innovus -nowin -common_...] Level.DEBUG: Saving congestion map file in separate thread ...
[par] [Exec ...11/bin/innovus -nowin -common_...] Level.DEBUG: Saving congestion map file pre_floorplan_design/top.route.congmap.gz ...
[par] [Exec ...11/bin/innovus -nowin -common_...] Level.DEBUG: % Begin Save AAE data ... (date=04/23 17:32:36, mem=1502.2M)
[par] [Exec ...11/bin/innovus -nowin -common_...] Level.DEBUG: Saving AAE Data ...
[par] [Exec ...11/bin/innovus -nowin -common_...] Level.DEBUG: % End Save AAE data ... (date=04/23 17:32:36, total cpu=0:00:00.0, real=0:00:00.0, peak res=1502.2M, current mem=1502.2M)
[par] [Exec ...11/bin/innovus -nowin -common_...] Level.DEBUG: Saving preference file pre_floorplan_design/gui.pref.tcl ...
[par] [Exec ...11/bin/innovus -nowin -common_...] Level.DEBUG: Saving mode setting ...
[par] [Exec ...11/bin/innovus -nowin -common_...] Level.DEBUG: Saving root attributes to be loaded post write_db ...
[par] [Exec ...11/bin/innovus -nowin -common_...] Level.DEBUG: Saving global file ...
[par] [Exec ...11/bin/innovus -nowin -common_...] Level.DEBUG: Saving root attributes to be loaded previous write_db ...
[par] [Exec ...11/bin/innovus -nowin -common_...] Level.DEBUG: Saving Drc markers ...
[par] [Exec ...11/bin/innovus -nowin -common_...] Level.DEBUG: ... No Drc file written since there is no markers found.
[par] [Exec ...11/bin/innovus -nowin -common_...] Level.DEBUG: % Begin Save routing data ... (date=04/23 17:32:37, mem=1502.5M)
[par] [Exec ...11/bin/innovus -nowin -common_...] Level.DEBUG: Saving route file ...
[par] [Exec ...11/bin/innovus -nowin -common_...] Level.DEBUG: *** Completed saveRoute (cpu=0:00:00.0 real=0:00:01.0 mem=1846.8M) ***
[par] [Exec ...11/bin/innovus -nowin -common_...] Level.DEBUG: % End Save routing data ... (date=04/23 17:32:38, total cpu=0:00:00.0, real=0:00:01.0, peak res=1502.5M, current mem=1502.5M)
[par] [Exec ...11/bin/innovus -nowin -common_...] Level.DEBUG: Saving special route data file in separate thread ...
[par] [Exec ...11/bin/innovus -nowin -common_...] Level.DEBUG: Saving PG file in separate thread ...
[par] [Exec ...11/bin/innovus -nowin -common_...] Level.DEBUG: Saving placement file in separate thread ...
[par] [Exec ...11/bin/innovus -nowin -common_...] Level.DEBUG: Saving PG file pre_floorplan_design/top.pg.gz, version#2, (Created by Innovus v21.19-s058_1 on Thu Apr 23 17:32:38 2026)
[par] [Exec ...11/bin/innovus -nowin -common_...] Level.DEBUG: ** Saving stdCellPlacement_binary (version# 2) ...
[par] [Exec ...11/bin/innovus -nowin -common_...] Level.DEBUG: Save Adaptive View Pruning View Names to Binary file
[par] [Exec ...11/bin/innovus -nowin -common_...] Level.DEBUG: TAT_INFO: ::saveSpecialRoute REAL = 0 : CPU = 0 : MEM = 0.
[par] [Exec ...11/bin/innovus -nowin -common_...] Level.DEBUG: *** Completed savePGFile (cpu=0:00:00.0 real=0:00:00.0 mem=1860.8M) ***
[par] [Exec ...11/bin/innovus -nowin -common_...] Level.DEBUG: TAT_INFO: ::savePGFile REAL = 0 : CPU = 0 : MEM = 0.
[par] [Exec ...11/bin/innovus -nowin -common_...] Level.DEBUG: TAT_INFO: ::savePlace REAL = 0 : CPU = 0 : MEM = 0.
[par] [Exec ...11/bin/innovus -nowin -common_...] Level.DEBUG: Saving property file pre_floorplan_design/top.prop
[par] [Exec ...11/bin/innovus -nowin -common_...] Level.DEBUG: *** Completed saveProperty (cpu=0:00:00.0 real=0:00:00.0 mem=1860.8M) ***
[par] [Exec ...11/bin/innovus -nowin -common_...] Level.DEBUG: Saving CPF database ...
[par] [Exec ...11/bin/innovus -nowin -common_...] Level.DEBUG: *** End saving CPF database: cpu=0:00:00.00 real=0:00:00.00 ***
[par] [Exec ...11/bin/innovus -nowin -common_...] Level.DEBUG: TAT_INFO: ::db::saveSymbolTable REAL = 0 : CPU = 0 : MEM = 0.
[par] [Exec ...11/bin/innovus -nowin -common_...] Level.DEBUG: TAT_INFO: ::saveCongMap REAL = 0 : CPU = 0 : MEM = 0.
[par] [Exec ...11/bin/innovus -nowin -common_...] Level.DEBUG: % Begin Save power constraints data ... (date=04/23 17:32:38, mem=1503.4M)
[par] [Exec ...11/bin/innovus -nowin -common_...] Level.DEBUG: % End Save power constraints data ... (date=04/23 17:32:38, total cpu=0:00:00.0, real=0:00:00.0, peak res=1503.4M, current mem=1503.4M)
[par] [Exec ...11/bin/innovus -nowin -common_...] Level.DEBUG: Generated self-contained design pre_floorplan_design
[par] [Exec ...11/bin/innovus -nowin -common_...] Level.DEBUG: #% End save design ... (date=04/23 17:32:39, total cpu=0:00:01.9, real=0:00:04.0, peak res=1533.3M, current mem=1503.9M)
[par] [Exec ...11/bin/innovus -nowin -common_...] Level.DEBUG: *** Message Summary: 0 warning(s), 0 error(s)
[par] [Exec ...11/bin/innovus -nowin -common_...] Level.DEBUG: 
[par] [Exec ...11/bin/innovus -nowin -common_...] Level.DEBUG: @file 99: puts "ln -sfn pre_floorplan_design latest"
[par] [Exec ...11/bin/innovus -nowin -common_...] Level.DEBUG: ln -sfn pre_floorplan_design latest
[par] [Exec ...11/bin/innovus -nowin -common_...] Level.DEBUG: @file 100: ln -sfn pre_floorplan_design latest
[par] [Exec ...11/bin/innovus -nowin -common_...] Level.DEBUG: @file 101: puts "source -echo -verbose /w/home.04/home/devlin11780/Desktop/ece209bs/Tapeout/conv_filter_chip/ee209-hammer-internal/build/par-rundir/floorplan.tcl"
[par] [Exec ...11/bin/innovus -nowin -common_...] Level.DEBUG: source -echo -verbose /w/home.04/home/devlin11780/Desktop/ece209bs/Tapeout/conv_filter_chip/ee209-hammer-internal/build/par-rundir/floorplan.tcl
[par] [Exec ...11/bin/innovus -nowin -common_...] Level.DEBUG: @file 102: source -echo -verbose /w/home.04/home/devlin11780/Desktop/ece209bs/Tapeout/conv_filter_chip/ee209-hammer-internal/build/par-rundir/floorplan.tcl
[par] [Exec ...11/bin/innovus -nowin -common_...] Level.DEBUG: #@ Begin verbose source /w/home.04/home/devlin11780/Desktop/ece209bs/Tapeout/conv_filter_chip/ee209-hammer-internal/build/par-rundir/floorplan.tcl (pre)
[par] [Exec ...11/bin/innovus -nowin -common_...] Level.DEBUG: @@file 1: create_floorplan -core_margins_by die -flip f -die_size_by_io_height max -site core7T -die_size { 740 740 0 0 0 0 }
[par] [Exec ...11/bin/innovus -nowin -common_...] Level.DEBUG: Adjusting die size togrid(PlacementGrid): width :739.76 height : 739.76
[par] [Exec ...11/bin/innovus -nowin -common_...] Level.DEBUG: **WARN: (IMPFP-3961):	The techSite 'corner' has no related standard cells in the LEF/OA library. The calculations for this site type cannot be made unless standard cell models of this type exist in the LEF/OA library. Ignore this warning if the SITE is not used by the library. Alternatively, remove the SITE definition for the LEF/OA library to avoid this message.
[par] [Exec ...11/bin/innovus -nowin -common_...] Level.DEBUG: Type 'man IMPFP-3961' for more detail.
[par] [Exec ...11/bin/innovus -nowin -common_...] Level.DEBUG: **WARN: (IMPFP-3961):	The techSite 'pad' has no related standard cells in the LEF/OA library. The calculations for this site type cannot be made unless standard cell models of this type exist in the LEF/OA library. Ignore this warning if the SITE is not used by the library. Alternatively, remove the SITE definition for the LEF/OA library to avoid this message.
[par] [Exec ...11/bin/innovus -nowin -common_...] Level.DEBUG: Type 'man IMPFP-3961' for more detail.
[par] [Exec ...11/bin/innovus -nowin -common_...] Level.DEBUG: **WARN: (IMPFP-3961):	The techSite 'dcore7T' has no related standard cells in the LEF/OA library. The calculations for this site type cannot be made unless standard cell models of this type exist in the LEF/OA library. Ignore this warning if the SITE is not used by the library. Alternatively, remove the SITE definition for the LEF/OA library to avoid this message.
[par] [Exec ...11/bin/innovus -nowin -common_...] Level.DEBUG: Type 'man IMPFP-3961' for more detail.
[par] [Exec ...11/bin/innovus -nowin -common_...] Level.DEBUG: **WARN: (IMPFP-3961):	The techSite 'ccore7T' has no related standard cells in the LEF/OA library. The calculations for this site type cannot be made unless standard cell models of this type exist in the LEF/OA library. Ignore this warning if the SITE is not used by the library. Alternatively, remove the SITE definition for the LEF/OA library to avoid this message.
[par] [Exec ...11/bin/innovus -nowin -common_...] Level.DEBUG: Type 'man IMPFP-3961' for more detail.
[par] [Exec ...11/bin/innovus -nowin -common_...] Level.DEBUG: **WARN: (IMPFP-3961):	The techSite 'bcoreExt7T' has no related standard cells in the LEF/OA library. The calculations for this site type cannot be made unless standard cell models of this type exist in the LEF/OA library. Ignore this warning if the SITE is not used by the library. Alternatively, remove the SITE definition for the LEF/OA library to avoid this message.
[par] [Exec ...11/bin/innovus -nowin -common_...] Level.DEBUG: Type 'man IMPFP-3961' for more detail.
[par] [Exec ...11/bin/innovus -nowin -common_...] Level.DEBUG: **WARN: (IMPFP-3961):	The techSite 'bcore7T' has no related standard cells in the LEF/OA library. The calculations for this site type cannot be made unless standard cell models of this type exist in the LEF/OA library. Ignore this warning if the SITE is not used by the library. Alternatively, remove the SITE definition for the LEF/OA library to avoid this message.
[par] [Exec ...11/bin/innovus -nowin -common_...] Level.DEBUG: Type 'man IMPFP-3961' for more detail.
[par] [Exec ...11/bin/innovus -nowin -common_...] Level.DEBUG: Start create_tracks
[par] [Exec ...11/bin/innovus -nowin -common_...] Level.DEBUG: **WARN: (IMPFP-325):	Floorplan of the design is resized. All current create_floorplan objects are automatically derived based on specified new create_floorplan. This may change blocks, fixed standard cells, existing routes and blockages.
[par] [Exec ...11/bin/innovus -nowin -common_...] Level.DEBUG: #@ End verbose source /w/home.04/home/devlin11780/Desktop/ece209bs/Tapeout/conv_filter_chip/ee209-hammer-internal/build/par-rundir/floorplan.tcl
[par] [Exec ...11/bin/innovus -nowin -common_...] Level.DEBUG: @file 103: puts "write_db pre_place_bumps"
[par] [Exec ...11/bin/innovus -nowin -common_...] Level.DEBUG: write_db pre_place_bumps
[par] [Exec ...11/bin/innovus -nowin -common_...] Level.DEBUG: @@file 104: write_db pre_place_bumps
[par] [Exec ...11/bin/innovus -nowin -common_...] Level.DEBUG: #% Begin save design ... (date=04/23 17:32:39, mem=1504.1M)
[par] [Exec ...11/bin/innovus -nowin -common_...] Level.DEBUG: % Begin Save ccopt configuration ... (date=04/23 17:32:39, mem=1504.1M)
[par] [Exec ...11/bin/innovus -nowin -common_...] Level.DEBUG: % End Save ccopt configuration ... (date=04/23 17:32:39, total cpu=0:00:00.0, real=0:00:00.0, peak res=1504.1M, current mem=1504.1M)
[par] [Exec ...11/bin/innovus -nowin -common_...] Level.DEBUG: % Begin Save netlist data ... (date=04/23 17:32:39, mem=1504.1M)
[par] [Exec ...11/bin/innovus -nowin -common_...] Level.DEBUG: Writing Binary DB to pre_place_bumps/vbin/top.v.bin in multi-threaded mode...
[par] [Exec ...11/bin/innovus -nowin -common_...] Level.DEBUG: % End Save netlist data ... (date=04/23 17:32:39, total cpu=0:00:00.0, real=0:00:00.0, peak res=1504.1M, current mem=1504.1M)
[par] [Exec ...11/bin/innovus -nowin -common_...] Level.DEBUG: Saving symbol-table file in separate thread ...
[par] [Exec ...11/bin/innovus -nowin -common_...] Level.DEBUG: Saving congestion map file in separate thread ...
[par] [Exec ...11/bin/innovus -nowin -common_...] Level.DEBUG: Saving congestion map file pre_place_bumps/top.route.congmap.gz ...
[par] [Exec ...11/bin/innovus -nowin -common_...] Level.DEBUG: % Begin Save AAE data ... (date=04/23 17:32:39, mem=1504.1M)
[par] [Exec ...11/bin/innovus -nowin -common_...] Level.DEBUG: Saving AAE Data ...
[par] [Exec ...11/bin/innovus -nowin -common_...] Level.DEBUG: % End Save AAE data ... (date=04/23 17:32:39, total cpu=0:00:00.0, real=0:00:00.0, peak res=1504.1M, current mem=1504.1M)
[par] [Exec ...11/bin/innovus -nowin -common_...] Level.DEBUG: Saving preference file pre_place_bumps/gui.pref.tcl ...
[par] [Exec ...11/bin/innovus -nowin -common_...] Level.DEBUG: Saving mode setting ...
[par] [Exec ...11/bin/innovus -nowin -common_...] Level.DEBUG: Saving root attributes to be loaded post write_db ...
[par] [Exec ...11/bin/innovus -nowin -common_...] Level.DEBUG: Saving global file ...
[par] [Exec ...11/bin/innovus -nowin -common_...] Level.DEBUG: Saving root attributes to be loaded previous write_db ...
[par] [Exec ...11/bin/innovus -nowin -common_...] Level.DEBUG: Saving Drc markers ...
[par] [Exec ...11/bin/innovus -nowin -common_...] Level.DEBUG: ... No Drc file written since there is no markers found.
[par] [Exec ...11/bin/innovus -nowin -common_...] Level.DEBUG: % Begin Save routing data ... (date=04/23 17:32:41, mem=1504.4M)
[par] [Exec ...11/bin/innovus -nowin -common_...] Level.DEBUG: Saving route file ...
[par] [Exec ...11/bin/innovus -nowin -common_...] Level.DEBUG: *** Completed saveRoute (cpu=0:00:00.0 real=0:00:00.0 mem=1865.5M) ***
[par] [Exec ...11/bin/innovus -nowin -common_...] Level.DEBUG: % End Save routing data ... (date=04/23 17:32:41, total cpu=0:00:00.0, real=0:00:00.0, peak res=1504.4M, current mem=1504.4M)
[par] [Exec ...11/bin/innovus -nowin -common_...] Level.DEBUG: Saving special route data file in separate thread ...
[par] [Exec ...11/bin/innovus -nowin -common_...] Level.DEBUG: Saving PG file in separate thread ...
[par] [Exec ...11/bin/innovus -nowin -common_...] Level.DEBUG: Saving placement file in separate thread ...
[par] [Exec ...11/bin/innovus -nowin -common_...] Level.DEBUG: ** Saving stdCellPlacement_binary (version# 2) ...
[par] [Exec ...11/bin/innovus -nowin -common_...] Level.DEBUG: Save Adaptive View Pruning View Names to Binary file
[par] [Exec ...11/bin/innovus -nowin -common_...] Level.DEBUG: TAT_INFO: ::saveSpecialRoute REAL = 0 : CPU = 0 : MEM = 0.
[par] [Exec ...11/bin/innovus -nowin -common_...] Level.DEBUG: Saving PG file pre_place_bumps/top.pg.gz, version#2, (Created by Innovus v21.19-s058_1 on Thu Apr 23 17:32:41 2026)
[par] [Exec ...11/bin/innovus -nowin -common_...] Level.DEBUG: *** Completed savePGFile (cpu=0:00:00.0 real=0:00:00.0 mem=1879.5M) ***
[par] [Exec ...11/bin/innovus -nowin -common_...] Level.DEBUG: TAT_INFO: ::savePGFile REAL = 0 : CPU = 0 : MEM = 0.
[par] [Exec ...11/bin/innovus -nowin -common_...] Level.DEBUG: TAT_INFO: ::savePlace REAL = 0 : CPU = 0 : MEM = 0.
[par] [Exec ...11/bin/innovus -nowin -common_...] Level.DEBUG: Saving property file pre_place_bumps/top.prop
[par] [Exec ...11/bin/innovus -nowin -common_...] Level.DEBUG: *** Completed saveProperty (cpu=0:00:00.0 real=0:00:00.0 mem=1879.5M) ***
[par] [Exec ...11/bin/innovus -nowin -common_...] Level.DEBUG: Saving CPF database ...
[par] [Exec ...11/bin/innovus -nowin -common_...] Level.DEBUG: *** End saving CPF database: cpu=0:00:00.00 real=0:00:00.00 ***
[par] [Exec ...11/bin/innovus -nowin -common_...] Level.DEBUG: TAT_INFO: ::db::saveSymbolTable REAL = 0 : CPU = 0 : MEM = 0.
[par] [Exec ...11/bin/innovus -nowin -common_...] Level.DEBUG: TAT_INFO: ::saveCongMap REAL = 0 : CPU = 0 : MEM = 0.
[par] [Exec ...11/bin/innovus -nowin -common_...] Level.DEBUG: % Begin Save power constraints data ... (date=04/23 17:32:41, mem=1504.5M)
[par] [Exec ...11/bin/innovus -nowin -common_...] Level.DEBUG: % End Save power constraints data ... (date=04/23 17:32:41, total cpu=0:00:00.0, real=0:00:00.0, peak res=1504.5M, current mem=1504.5M)
[par] [Exec ...11/bin/innovus -nowin -common_...] Level.DEBUG: Generated self-contained design pre_place_bumps
[par] [Exec ...11/bin/innovus -nowin -common_...] Level.DEBUG: #% End save design ... (date=04/23 17:32:42, total cpu=0:00:01.8, real=0:00:03.0, peak res=1504.8M, current mem=1504.8M)
[par] [Exec ...11/bin/innovus -nowin -common_...] Level.DEBUG: *** Message Summary: 0 warning(s), 0 error(s)
[par] [Exec ...11/bin/innovus -nowin -common_...] Level.DEBUG: 
[par] [Exec ...11/bin/innovus -nowin -common_...] Level.DEBUG: @file 105: puts "ln -sfn pre_place_bumps latest"
[par] [Exec ...11/bin/innovus -nowin -common_...] Level.DEBUG: ln -sfn pre_place_bumps latest
[par] [Exec ...11/bin/innovus -nowin -common_...] Level.DEBUG: @file 106: ln -sfn pre_place_bumps latest
[par] [Exec ...11/bin/innovus -nowin -common_...] Level.DEBUG: @file 107: puts "write_db pre_tsmc180_add_endcaps"
[par] [Exec ...11/bin/innovus -nowin -common_...] Level.DEBUG: write_db pre_tsmc180_add_endcaps
[par] [Exec ...11/bin/innovus -nowin -common_...] Level.DEBUG: @@file 108: write_db pre_tsmc180_add_endcaps
[par] [Exec ...11/bin/innovus -nowin -common_...] Level.DEBUG: #% Begin save design ... (date=04/23 17:32:42, mem=1504.8M)
[par] [Exec ...11/bin/innovus -nowin -common_...] Level.DEBUG: % Begin Save ccopt configuration ... (date=04/23 17:32:42, mem=1504.8M)
[par] [Exec ...11/bin/innovus -nowin -common_...] Level.DEBUG: % End Save ccopt configuration ... (date=04/23 17:32:42, total cpu=0:00:00.0, real=0:00:00.0, peak res=1504.8M, current mem=1504.8M)
[par] [Exec ...11/bin/innovus -nowin -common_...] Level.DEBUG: % Begin Save netlist data ... (date=04/23 17:32:42, mem=1504.8M)
[par] [Exec ...11/bin/innovus -nowin -common_...] Level.DEBUG: Writing Binary DB to pre_tsmc180_add_endcaps/vbin/top.v.bin in multi-threaded mode...
[par] [Exec ...11/bin/innovus -nowin -common_...] Level.DEBUG: % End Save netlist data ... (date=04/23 17:32:42, total cpu=0:00:00.0, real=0:00:00.0, peak res=1504.8M, current mem=1504.8M)
[par] [Exec ...11/bin/innovus -nowin -common_...] Level.DEBUG: Saving symbol-table file in separate thread ...
[par] [Exec ...11/bin/innovus -nowin -common_...] Level.DEBUG: Saving congestion map file in separate thread ...
[par] [Exec ...11/bin/innovus -nowin -common_...] Level.DEBUG: Saving congestion map file pre_tsmc180_add_endcaps/top.route.congmap.gz ...
[par] [Exec ...11/bin/innovus -nowin -common_...] Level.DEBUG: % Begin Save AAE data ... (date=04/23 17:32:42, mem=1504.8M)
[par] [Exec ...11/bin/innovus -nowin -common_...] Level.DEBUG: Saving AAE Data ...
[par] [Exec ...11/bin/innovus -nowin -common_...] Level.DEBUG: % End Save AAE data ... (date=04/23 17:32:42, total cpu=0:00:00.0, real=0:00:00.0, peak res=1504.8M, current mem=1504.8M)
[par] [Exec ...11/bin/innovus -nowin -common_...] Level.DEBUG: Saving preference file pre_tsmc180_add_endcaps/gui.pref.tcl ...
[par] [Exec ...11/bin/innovus -nowin -common_...] Level.DEBUG: Saving mode setting ...
[par] [Exec ...11/bin/innovus -nowin -common_...] Level.DEBUG: Saving root attributes to be loaded post write_db ...
[par] [Exec ...11/bin/innovus -nowin -common_...] Level.DEBUG: Saving global file ...
[par] [Exec ...11/bin/innovus -nowin -common_...] Level.DEBUG: Saving root attributes to be loaded previous write_db ...
[par] [Exec ...11/bin/innovus -nowin -common_...] Level.DEBUG: Saving Drc markers ...
[par] [Exec ...11/bin/innovus -nowin -common_...] Level.DEBUG: ... No Drc file written since there is no markers found.
[par] [Exec ...11/bin/innovus -nowin -common_...] Level.DEBUG: % Begin Save routing data ... (date=04/23 17:32:45, mem=1504.8M)
[par] [Exec ...11/bin/innovus -nowin -common_...] Level.DEBUG: Saving route file ...
[par] [Exec ...11/bin/innovus -nowin -common_...] Level.DEBUG: *** Completed saveRoute (cpu=0:00:00.0 real=0:00:00.0 mem=1865.0M) ***
[par] [Exec ...11/bin/innovus -nowin -common_...] Level.DEBUG: % End Save routing data ... (date=04/23 17:32:45, total cpu=0:00:00.0, real=0:00:00.0, peak res=1504.8M, current mem=1504.8M)
[par] [Exec ...11/bin/innovus -nowin -common_...] Level.DEBUG: Saving special route data file in separate thread ...
[par] [Exec ...11/bin/innovus -nowin -common_...] Level.DEBUG: Saving PG file in separate thread ...
[par] [Exec ...11/bin/innovus -nowin -common_...] Level.DEBUG: Saving placement file in separate thread ...
[par] [Exec ...11/bin/innovus -nowin -common_...] Level.DEBUG: Saving PG file pre_tsmc180_add_endcaps/top.pg.gz, version#2, (Created by Innovus v21.19-s058_1 on Thu Apr 23 17:32:45 2026)
[par] [Exec ...11/bin/innovus -nowin -common_...] Level.DEBUG: ** Saving stdCellPlacement_binary (version# 2) ...
[par] [Exec ...11/bin/innovus -nowin -common_...] Level.DEBUG: Save Adaptive View Pruning View Names to Binary file
[par] [Exec ...11/bin/innovus -nowin -common_...] Level.DEBUG: TAT_INFO: ::saveSpecialRoute REAL = 0 : CPU = 0 : MEM = 0.
[par] [Exec ...11/bin/innovus -nowin -common_...] Level.DEBUG: *** Completed savePGFile (cpu=0:00:00.0 real=0:00:00.0 mem=1879.0M) ***
[par] [Exec ...11/bin/innovus -nowin -common_...] Level.DEBUG: TAT_INFO: ::savePGFile REAL = 0 : CPU = 0 : MEM = 0.
[par] [Exec ...11/bin/innovus -nowin -common_...] Level.DEBUG: TAT_INFO: ::savePlace REAL = 0 : CPU = 0 : MEM = 0.
[par] [Exec ...11/bin/innovus -nowin -common_...] Level.DEBUG: Saving property file pre_tsmc180_add_endcaps/top.prop
[par] [Exec ...11/bin/innovus -nowin -common_...] Level.DEBUG: *** Completed saveProperty (cpu=0:00:00.0 real=0:00:00.0 mem=1879.0M) ***
[par] [Exec ...11/bin/innovus -nowin -common_...] Level.DEBUG: Saving CPF database ...
[par] [Exec ...11/bin/innovus -nowin -common_...] Level.DEBUG: *** End saving CPF database: cpu=0:00:00.01 real=0:00:00.00 ***
[par] [Exec ...11/bin/innovus -nowin -common_...] Level.DEBUG: TAT_INFO: ::db::saveSymbolTable REAL = 1 : CPU = 0 : MEM = 0.
[par] [Exec ...11/bin/innovus -nowin -common_...] Level.DEBUG: TAT_INFO: ::saveCongMap REAL = 1 : CPU = 0 : MEM = 0.
[par] [Exec ...11/bin/innovus -nowin -common_...] Level.DEBUG: % Begin Save power constraints data ... (date=04/23 17:32:45, mem=1505.3M)
[par] [Exec ...11/bin/innovus -nowin -common_...] Level.DEBUG: % End Save power constraints data ... (date=04/23 17:32:45, total cpu=0:00:00.0, real=0:00:00.0, peak res=1505.3M, current mem=1505.3M)
[par] [Exec ...11/bin/innovus -nowin -common_...] Level.DEBUG: Generated self-contained design pre_tsmc180_add_endcaps
[par] [Exec ...11/bin/innovus -nowin -common_...] Level.DEBUG: #% End save design ... (date=04/23 17:32:46, total cpu=0:00:02.0, real=0:00:05.0, peak res=1505.5M, current mem=1505.5M)
[par] [Exec ...11/bin/innovus -nowin -common_...] Level.DEBUG: *** Message Summary: 0 warning(s), 0 error(s)
[par] [Exec ...11/bin/innovus -nowin -common_...] Level.DEBUG: 
[par] [Exec ...11/bin/innovus -nowin -common_...] Level.DEBUG: @file 109: puts "ln -sfn pre_tsmc180_add_endcaps latest"
[par] [Exec ...11/bin/innovus -nowin -common_...] Level.DEBUG: ln -sfn pre_tsmc180_add_endcaps latest
[par] [Exec ...11/bin/innovus -nowin -common_...] Level.DEBUG: @file 110: ln -sfn pre_tsmc180_add_endcaps latest
[par] [Exec ...11/bin/innovus -nowin -common_...] Level.DEBUG: @file 111:
[par] [Exec ...11/bin/innovus -nowin -common_...] Level.DEBUG: @@file 112: set_db add_endcaps_boundary_tap     true
[par] [Exec ...11/bin/innovus -nowin -common_...] Level.DEBUG: @@file 113: set_db add_endcaps_left_edge        FILL2BWP7T
[par] [Exec ...11/bin/innovus -nowin -common_...] Level.DEBUG: @@file 114: set_db add_endcaps_right_edge       FILL2BWP7T
[par] [Exec ...11/bin/innovus -nowin -common_...] Level.DEBUG: @@file 115: add_endcaps
[par] [Exec ...11/bin/innovus -nowin -common_...] Level.DEBUG: **WARN: (IMPSP-5534):	'add_endcaps_left_edge' and 'add_endcaps_right_edge' are using the same endcap cells
[par] [Exec ...11/bin/innovus -nowin -common_...] Level.DEBUG: **WARN: (IMPSP-5534):	'add_endcaps_left_bottom_corner' and 'add_endcaps_right_bottom_corner' are using the same endcap cells
[par] [Exec ...11/bin/innovus -nowin -common_...] Level.DEBUG: **WARN: (IMPSP-5534):	'add_endcaps_left_top_corner' and 'add_endcaps_right_top_corner' are using the same endcap cells
[par] [Exec ...11/bin/innovus -nowin -common_...] Level.DEBUG: Minimum row-size in sites for endcap insertion = 5.
[par] [Exec ...11/bin/innovus -nowin -common_...] Level.DEBUG: Minimum number of sites for row blockage       = 1.
[par] [Exec ...11/bin/innovus -nowin -common_...] Level.DEBUG: Inserted 188 pre-endcap <FILL2BWP7T> cells (prefix ENDCAP_AO).
[par] [Exec ...11/bin/innovus -nowin -common_...] Level.DEBUG: Inserted 188 post-endcap <FILL2BWP7T> cells (prefix ENDCAP_AO).
[par] [Exec ...11/bin/innovus -nowin -common_...] Level.DEBUG: For 376 new insts, @file 116:
[par] [Exec ...11/bin/innovus -nowin -common_...] Level.DEBUG: @file 117: puts "write_db pre_place_tap_cells"
[par] [Exec ...11/bin/innovus -nowin -common_...] Level.DEBUG: write_db pre_place_tap_cells
[par] [Exec ...11/bin/innovus -nowin -common_...] Level.DEBUG: @@file 118: write_db pre_place_tap_cells
[par] [Exec ...11/bin/innovus -nowin -common_...] Level.DEBUG: #% Begin save design ... (date=04/23 17:32:47, mem=1520.4M)
[par] [Exec ...11/bin/innovus -nowin -common_...] Level.DEBUG: % Begin Save ccopt configuration ... (date=04/23 17:32:47, mem=1520.4M)
[par] [Exec ...11/bin/innovus -nowin -common_...] Level.DEBUG: % End Save ccopt configuration ... (date=04/23 17:32:47, total cpu=0:00:00.0, real=0:00:00.0, peak res=1520.4M, current mem=1520.2M)
[par] [Exec ...11/bin/innovus -nowin -common_...] Level.DEBUG: % Begin Save netlist data ... (date=04/23 17:32:47, mem=1520.2M)
[par] [Exec ...11/bin/innovus -nowin -common_...] Level.DEBUG: Writing Binary DB to pre_place_tap_cells/vbin/top.v.bin in multi-threaded mode...
[par] [Exec ...11/bin/innovus -nowin -common_...] Level.DEBUG: % End Save netlist data ... (date=04/23 17:32:47, total cpu=0:00:00.0, real=0:00:00.0, peak res=1520.8M, current mem=1520.8M)
[par] [Exec ...11/bin/innovus -nowin -common_...] Level.DEBUG: Saving symbol-table file in separate thread ...
[par] [Exec ...11/bin/innovus -nowin -common_...] Level.DEBUG: Saving congestion map file in separate thread ...
[par] [Exec ...11/bin/innovus -nowin -common_...] Level.DEBUG: Saving congestion map file pre_place_tap_cells/top.route.congmap.gz ...
[par] [Exec ...11/bin/innovus -nowin -common_...] Level.DEBUG: % Begin Save AAE data ... (date=04/23 17:32:47, mem=1521.0M)
[par] [Exec ...11/bin/innovus -nowin -common_...] Level.DEBUG: Saving AAE Data ...
[par] [Exec ...11/bin/innovus -nowin -common_...] Level.DEBUG: % End Save AAE data ... (date=04/23 17:32:47, total cpu=0:00:00.0, real=0:00:00.0, peak res=1521.0M, current mem=1521.0M)
[par] [Exec ...11/bin/innovus -nowin -common_...] Level.DEBUG: Saving preference file pre_place_tap_cells/gui.pref.tcl ...
[par] [Exec ...11/bin/innovus -nowin -common_...] Level.DEBUG: Saving mode setting ...
[par] [Exec ...11/bin/innovus -nowin -common_...] Level.DEBUG: Saving root attributes to be loaded post write_db ...
[par] [Exec ...11/bin/innovus -nowin -common_...] Level.DEBUG: Saving global file ...
[par] [Exec ...11/bin/innovus -nowin -common_...] Level.DEBUG: Saving root attributes to be loaded previous write_db ...
[par] [Exec ...11/bin/innovus -nowin -common_...] Level.DEBUG: Saving Drc markers ...
[par] [Exec ...11/bin/innovus -nowin -common_...] Level.DEBUG: ... No Drc file written since there is no markers found.
[par] [Exec ...11/bin/innovus -nowin -common_...] Level.DEBUG: % Begin Save routing data ... (date=04/23 17:32:49, mem=1521.4M)
[par] [Exec ...11/bin/innovus -nowin -common_...] Level.DEBUG: Saving route file ...
[par] [Exec ...11/bin/innovus -nowin -common_...] Level.DEBUG: *** Completed saveRoute (cpu=0:00:00.0 real=0:00:00.0 mem=1998.6M) ***
[par] [Exec ...11/bin/innovus -nowin -common_...] Level.DEBUG: % End Save routing data ... (date=04/23 17:32:49, total cpu=0:00:00.0, real=0:00:00.0, peak res=1521.4M, current mem=1521.4M)
[par] [Exec ...11/bin/innovus -nowin -common_...] Level.DEBUG: Saving special route data file in separate thread ...
[par] [Exec ...11/bin/innovus -nowin -common_...] Level.DEBUG: Saving PG file in separate thread ...
[par] [Exec ...11/bin/innovus -nowin -common_...] Level.DEBUG: Saving placement file in separate thread ...
[par] [Exec ...11/bin/innovus -nowin -common_...] Level.DEBUG: ** Saving stdCellPlacement_binary (version# 2) ...
[par] [Exec ...11/bin/innovus -nowin -common_...] Level.DEBUG: Save Adaptive View Pruning View Names to Binary file
[par] [Exec ...11/bin/innovus -nowin -common_...] Level.DEBUG: Saving PG file pre_place_tap_cells/top.pg.gz, version#2, (Created by Innovus v21.19-s058_1 on Thu Apr 23 17:32:49 2026)
[par] [Exec ...11/bin/innovus -nowin -common_...] Level.DEBUG: TAT_INFO: ::saveSpecialRoute REAL = 0 : CPU = 0 : MEM = 0.
[par] [Exec ...11/bin/innovus -nowin -common_...] Level.DEBUG: *** Completed savePGFile (cpu=0:00:00.0 real=0:00:01.0 mem=2021.6M) ***
[par] [Exec ...11/bin/innovus -nowin -common_...] Level.DEBUG: TAT_INFO: ::savePGFile REAL = 1 : CPU = 0 : MEM = 0.
[par] [Exec ...11/bin/innovus -nowin -common_...] Level.DEBUG: TAT_INFO: ::savePlace REAL = 0 : CPU = 0 : MEM = 0.
[par] [Exec ...11/bin/innovus -nowin -common_...] Level.DEBUG: Saving property file pre_place_tap_cells/top.prop
[par] [Exec ...11/bin/innovus -nowin -common_...] Level.DEBUG: *** Completed saveProperty (cpu=0:00:00.0 real=0:00:00.0 mem=2021.6M) ***
[par] [Exec ...11/bin/innovus -nowin -common_...] Level.DEBUG: Saving CPF database ...
[par] [Exec ...11/bin/innovus -nowin -common_...] Level.DEBUG: *** End saving CPF database: cpu=0:00:00.00 real=0:00:00.00 ***
[par] [Exec ...11/bin/innovus -nowin -common_...] Level.DEBUG: TAT_INFO: ::db::saveSymbolTable REAL = 0 : CPU = 0 : MEM = 0.
[par] [Exec ...11/bin/innovus -nowin -common_...] Level.DEBUG: TAT_INFO: ::saveCongMap REAL = 0 : CPU = 0 : MEM = 0.
[par] [Exec ...11/bin/innovus -nowin -common_...] Level.DEBUG: % Begin Save power constraints data ... (date=04/23 17:32:50, mem=1522.3M)
[par] [Exec ...11/bin/innovus -nowin -common_...] Level.DEBUG: % End Save power constraints data ... (date=04/23 17:32:50, total cpu=0:00:00.0, real=0:00:00.0, peak res=1522.3M, current mem=1522.3M)
[par] [Exec ...11/bin/innovus -nowin -common_...] Level.DEBUG: Generated self-contained design pre_place_tap_cells
[par] [Exec ...11/bin/innovus -nowin -common_...] Level.DEBUG: #% End save design ... (date=04/23 17:32:51, total cpu=0:00:01.9, real=0:00:04.0, peak res=1523.0M, current mem=1523.0M)
[par] [Exec ...11/bin/innovus -nowin -common_...] Level.DEBUG: *** Message Summary: 0 warning(s), 0 error(s)
[par] [Exec ...11/bin/innovus -nowin -common_...] Level.DEBUG: 
[par] [Exec ...11/bin/innovus -nowin -common_...] Level.DEBUG: @file 119: puts "ln -sfn pre_place_tap_cells latest"
[par] [Exec ...11/bin/innovus -nowin -common_...] Level.DEBUG: ln -sfn pre_place_tap_cells latest
[par] [Exec ...11/bin/innovus -nowin -common_...] Level.DEBUG: @file 120: ln -sfn pre_place_tap_cells latest
[par] [Exec ...11/bin/innovus -nowin -common_...] Level.DEBUG: @@file 121: set_db add_well_taps_cell TAPCELLBWP7T
[par] [Exec ...11/bin/innovus -nowin -common_...] Level.DEBUG: @@file 122: add_well_taps -cell_interval 28 -in_row_offset 16
[par] [Exec ...11/bin/innovus -nowin -common_...] Level.DEBUG: **WARN: (IMPSP-5134):	Setting inRowOffset to 15.680 (microns) as a multiple of cell TAPCELLBWP7T's techSite 'core7T' width of 0.560 microns
[par] [Exec ...11/bin/innovus -nowin -common_...] Level.DEBUG: Type 'man IMPSP-5134' for more detail.
[par] [Exec ...11/bin/innovus -nowin -common_...] Level.DEBUG: For 5076 new insts, Inserted 5076 well-taps <TAPCELLBWP7T> cells (prefix WELLTAP_AO).
[par] [Exec ...11/bin/innovus -nowin -common_...] Level.DEBUG: @file 123: puts "write_db pre_power_straps"
[par] [Exec ...11/bin/innovus -nowin -common_...] Level.DEBUG: write_db pre_power_straps
[par] [Exec ...11/bin/innovus -nowin -common_...] Level.DEBUG: @@file 124: write_db pre_power_straps
[par] [Exec ...11/bin/innovus -nowin -common_...] Level.DEBUG: #% Begin save design ... (date=04/23 17:32:51, mem=1522.6M)
[par] [Exec ...11/bin/innovus -nowin -common_...] Level.DEBUG: % Begin Save ccopt configuration ... (date=04/23 17:32:51, mem=1522.6M)
[par] [Exec ...11/bin/innovus -nowin -common_...] Level.DEBUG: % End Save ccopt configuration ... (date=04/23 17:32:51, total cpu=0:00:00.0, real=0:00:00.0, peak res=1522.6M, current mem=1522.5M)
[par] [Exec ...11/bin/innovus -nowin -common_...] Level.DEBUG: % Begin Save netlist data ... (date=04/23 17:32:51, mem=1522.5M)
[par] [Exec ...11/bin/innovus -nowin -common_...] Level.DEBUG: Writing Binary DB to pre_power_straps/vbin/top.v.bin in multi-threaded mode...
[par] [Exec ...11/bin/innovus -nowin -common_...] Level.DEBUG: % End Save netlist data ... (date=04/23 17:32:51, total cpu=0:00:00.0, real=0:00:00.0, peak res=1523.2M, current mem=1523.2M)
[par] [Exec ...11/bin/innovus -nowin -common_...] Level.DEBUG: Saving symbol-table file in separate thread ...
[par] [Exec ...11/bin/innovus -nowin -common_...] Level.DEBUG: Saving congestion map file in separate thread ...
[par] [Exec ...11/bin/innovus -nowin -common_...] Level.DEBUG: Saving congestion map file pre_power_straps/top.route.congmap.gz ...
[par] [Exec ...11/bin/innovus -nowin -common_...] Level.DEBUG: % Begin Save AAE data ... (date=04/23 17:32:51, mem=1523.4M)
[par] [Exec ...11/bin/innovus -nowin -common_...] Level.DEBUG: Saving AAE Data ...
[par] [Exec ...11/bin/innovus -nowin -common_...] Level.DEBUG: % End Save AAE data ... (date=04/23 17:32:51, total cpu=0:00:00.0, real=0:00:00.0, peak res=1523.4M, current mem=1523.4M)
[par] [Exec ...11/bin/innovus -nowin -common_...] Level.DEBUG: Saving preference file pre_power_straps/gui.pref.tcl ...
[par] [Exec ...11/bin/innovus -nowin -common_...] Level.DEBUG: Saving mode setting ...
[par] [Exec ...11/bin/innovus -nowin -common_...] Level.DEBUG: Saving root attributes to be loaded post write_db ...
[par] [Exec ...11/bin/innovus -nowin -common_...] Level.DEBUG: Saving global file ...
[par] [Exec ...11/bin/innovus -nowin -common_...] Level.DEBUG: Saving root attributes to be loaded previous write_db ...
[par] [Exec ...11/bin/innovus -nowin -common_...] Level.DEBUG: Saving Drc markers ...
[par] [Exec ...11/bin/innovus -nowin -common_...] Level.DEBUG: ... No Drc file written since there is no markers found.
[par] [Exec ...11/bin/innovus -nowin -common_...] Level.DEBUG: % Begin Save routing data ... (date=04/23 17:32:53, mem=1524.0M)
[par] [Exec ...11/bin/innovus -nowin -common_...] Level.DEBUG: Saving route file ...
[par] [Exec ...11/bin/innovus -nowin -common_...] Level.DEBUG: *** Completed saveRoute (cpu=0:00:00.0 real=0:00:01.0 mem=2001.2M) ***
[par] [Exec ...11/bin/innovus -nowin -common_...] Level.DEBUG: % End Save routing data ... (date=04/23 17:32:54, total cpu=0:00:00.0, real=0:00:01.0, peak res=1524.0M, current mem=1524.0M)
[par] [Exec ...11/bin/innovus -nowin -common_...] Level.DEBUG: Saving special route data file in separate thread ...
[par] [Exec ...11/bin/innovus -nowin -common_...] Level.DEBUG: Saving PG file in separate thread ...
[par] [Exec ...11/bin/innovus -nowin -common_...] Level.DEBUG: Saving placement file in separate thread ...
[par] [Exec ...11/bin/innovus -nowin -common_...] Level.DEBUG: TAT_INFO: ::saveSpecialRoute REAL = 0 : CPU = 0 : MEM = 0.
[par] [Exec ...11/bin/innovus -nowin -common_...] Level.DEBUG: Saving PG file pre_power_straps/top.pg.gz, version#2, (Created by Innovus v21.19-s058_1 on Thu Apr 23 17:32:54 2026)
[par] [Exec ...11/bin/innovus -nowin -common_...] Level.DEBUG: ** Saving stdCellPlacement_binary (version# 2) ...
[par] [Exec ...11/bin/innovus -nowin -common_...] Level.DEBUG: Save Adaptive View Pruning View Names to Binary file
[par] [Exec ...11/bin/innovus -nowin -common_...] Level.DEBUG: *** Completed savePGFile (cpu=0:00:00.0 real=0:00:00.0 mem=2020.2M) ***
[par] [Exec ...11/bin/innovus -nowin -common_...] Level.DEBUG: TAT_INFO: ::savePGFile REAL = 0 : CPU = 0 : MEM = 0.
[par] [Exec ...11/bin/innovus -nowin -common_...] Level.DEBUG: TAT_INFO: ::savePlace REAL = 0 : CPU = 0 : MEM = 0.
[par] [Exec ...11/bin/innovus -nowin -common_...] Level.DEBUG: Saving property file pre_power_straps/top.prop
[par] [Exec ...11/bin/innovus -nowin -common_...] Level.DEBUG: *** Completed saveProperty (cpu=0:00:00.0 real=0:00:00.0 mem=2020.2M) ***
[par] [Exec ...11/bin/innovus -nowin -common_...] Level.DEBUG: Saving CPF database ...
[par] [Exec ...11/bin/innovus -nowin -common_...] Level.DEBUG: *** End saving CPF database: cpu=0:00:00.00 real=0:00:00.00 ***
[par] [Exec ...11/bin/innovus -nowin -common_...] Level.DEBUG: TAT_INFO: ::db::saveSymbolTable REAL = 0 : CPU = 0 : MEM = 0.
[par] [Exec ...11/bin/innovus -nowin -common_...] Level.DEBUG: TAT_INFO: ::saveCongMap REAL = 0 : CPU = 0 : MEM = 0.
[par] [Exec ...11/bin/innovus -nowin -common_...] Level.DEBUG: % Begin Save power constraints data ... (date=04/23 17:32:54, mem=1525.1M)
[par] [Exec ...11/bin/innovus -nowin -common_...] Level.DEBUG: % End Save power constraints data ... (date=04/23 17:32:54, total cpu=0:00:00.0, real=0:00:00.0, peak res=1525.1M, current mem=1525.1M)
[par] [Exec ...11/bin/innovus -nowin -common_...] Level.DEBUG: Generated self-contained design pre_power_straps
[par] [Exec ...11/bin/innovus -nowin -common_...] Level.DEBUG: #% End save design ... (date=04/23 17:32:55, total cpu=0:00:02.0, real=0:00:04.0, peak res=1525.8M, current mem=1525.8M)
[par] [Exec ...11/bin/innovus -nowin -common_...] Level.DEBUG: *** Message Summary: 0 warning(s), 0 error(s)
[par] [Exec ...11/bin/innovus -nowin -common_...] Level.DEBUG: 
[par] [Exec ...11/bin/innovus -nowin -common_...] Level.DEBUG: @file 125: puts "ln -sfn pre_power_straps latest"
[par] [Exec ...11/bin/innovus -nowin -common_...] Level.DEBUG: ln -sfn pre_power_straps latest
[par] [Exec ...11/bin/innovus -nowin -common_...] Level.DEBUG: @file 126: ln -sfn pre_power_straps latest
[par] [Exec ...11/bin/innovus -nowin -common_...] Level.DEBUG: @file 127: puts "source -echo -verbose /w/home.04/home/devlin11780/Desktop/ece209bs/Tapeout/conv_filter_chip/ee209-hammer-internal/build/par-rundir/power_straps.tcl"
[par] [Exec ...11/bin/innovus -nowin -common_...] Level.DEBUG: source -echo -verbose /w/home.04/home/devlin11780/Desktop/ece209bs/Tapeout/conv_filter_chip/ee209-hammer-internal/build/par-rundir/power_straps.tcl
[par] [Exec ...11/bin/innovus -nowin -common_...] Level.DEBUG: @file 128: source -echo -verbose /w/home.04/home/devlin11780/Desktop/ece209bs/Tapeout/conv_filter_chip/ee209-hammer-internal/build/par-rundir/power_straps.tcl
[par] [Exec ...11/bin/innovus -nowin -common_...] Level.DEBUG: #@ Begin verbose source /w/home.04/home/devlin11780/Desktop/ece209bs/Tapeout/conv_filter_chip/ee209-hammer-internal/build/par-rundir/power_straps.tcl (pre)
[par] [Exec ...11/bin/innovus -nowin -common_...] Level.DEBUG: @file 1: # Power strap definition for layer METAL1 (rails):
[par] [Exec ...11/bin/innovus -nowin -common_...] Level.DEBUG: @file 2:
[par] [Exec ...11/bin/innovus -nowin -common_...] Level.DEBUG: @@file 3: reset_db -category add_stripes
[par] [Exec ...11/bin/innovus -nowin -common_...] Level.DEBUG: @@file 4: set_db add_stripes_stacked_via_bottom_layer METAL1
[par] [Exec ...11/bin/innovus -nowin -common_...] Level.DEBUG: @@file 5: set_db add_stripes_stacked_via_top_layer METAL1
[par] [Exec ...11/bin/innovus -nowin -common_...] Level.DEBUG: @@file 6: set_db add_stripes_spacing_from_block 2.000
[par] [Exec ...11/bin/innovus -nowin -common_...] Level.DEBUG: Global stripes will break 2.000000 user units from obstructed blocks.
[par] [Exec ...11/bin/innovus -nowin -common_...] Level.DEBUG: @@file 7: add_stripes -pin_layer METAL1 -layer METAL1 -over_pins 1 -master "FILL2BWP7T" -block_ring_bottom_layer_limit METAL1 -block_ring_top_layer_limit METAL1 -pad_core_ring_bottom_layer_limit METAL1 -pad_core_ring_top_layer_limit METAL1 -direction horizontal -width pin_width -nets { VSS VDD }
[par] [Exec ...11/bin/innovus -nowin -common_...] Level.DEBUG: #% Begin add_stripes (date=04/23 17:32:55, mem=1525.8M)
[par] [Exec ...11/bin/innovus -nowin -common_...] Level.DEBUG: 
[par] [Exec ...11/bin/innovus -nowin -common_...] Level.DEBUG: viaInitial starts at Thu Apr 23 17:32:55 2026
[par] [Exec ...11/bin/innovus -nowin -common_...] Level.DEBUG: viaInitial ends at Thu Apr 23 17:32:55 2026
[par] [Exec ...11/bin/innovus -nowin -common_...] Level.DEBUG: 
[par] [Exec ...11/bin/innovus -nowin -common_...] Level.DEBUG: Initialize fgc environment(mem: 2002.2M) ...  fail and won't use fgc to check drc(cpu: 0:00:00.0, real: 0:00:00.0, peak mem: 2002.2M)
[par] [Exec ...11/bin/innovus -nowin -common_...] Level.DEBUG: **WARN: (IMPPP-133):	The block boundary of the 'ENDCAP_AO_1' instance was increased to (0.000000 0.000000) (1.120000 4.155000) because the VSS pin (0.000000 3.685000) (1.120000 4.155000) on layer METAL1 was outside the original block boundary.
[par] [Exec ...11/bin/innovus -nowin -common_...] Level.DEBUG: Type 'man IMPPP-133' for more detail.
[par] [Exec ...11/bin/innovus -nowin -common_...] Level.DEBUG: **WARN: (IMPPP-133):	The block boundary of the 'ENDCAP_AO_2' instance was increased to (738.640015 0.000000) (739.760010 4.155000) because the VSS pin (738.640015 3.685000) (739.760010 4.155000) on layer METAL1 was outside the original block boundary.
[par] [Exec ...11/bin/innovus -nowin -common_...] Level.DEBUG: Type 'man IMPPP-133' for more detail.
[par] [Exec ...11/bin/innovus -nowin -common_...] Level.DEBUG: **WARN: (IMPPP-133):	The block boundary of the 'ENDCAP_AO_3' instance was increased to (0.000000 3.920000) (1.120000 8.075000) because the VDD pin (0.000000 7.605000) (1.120000 8.075000) on layer METAL1 was outside the original block boundary.
[par] [Exec ...11/bin/innovus -nowin -common_...] Level.DEBUG: Type 'man IMPPP-133' for more detail.
[par] [Exec ...11/bin/innovus -nowin -common_...] Level.DEBUG: **WARN: (IMPPP-133):	The block boundary of the 'ENDCAP_AO_4' instance was increased to (738.640015 3.920000) (739.760010 8.075000) because the VDD pin (738.640015 7.605000) (739.760010 8.075000) on layer METAL1 was outside the original block boundary.
[par] [Exec ...11/bin/innovus -nowin -common_...] Level.DEBUG: Type 'man IMPPP-133' for more detail.
[par] [Exec ...11/bin/innovus -nowin -common_...] Level.DEBUG: **WARN: (IMPPP-133):	The block boundary of the 'ENDCAP_AO_5' instance was increased to (0.000000 7.840000) (1.120000 11.995000) because the VSS pin (0.000000 11.525000) (1.120000 11.995000) on layer METAL1 was outside the original block boundary.
[par] [Exec ...11/bin/innovus -nowin -common_...] Level.DEBUG: Type 'man IMPPP-133' for more detail.
[par] [Exec ...11/bin/innovus -nowin -common_...] Level.DEBUG: **WARN: (IMPPP-133):	The block boundary of the 'ENDCAP_AO_6' instance was increased to (738.640015 7.840000) (739.760010 11.995000) because the VSS pin (738.640015 11.525000) (739.760010 11.995000) on layer METAL1 was outside the original block boundary.
[par] [Exec ...11/bin/innovus -nowin -common_...] Level.DEBUG: Type 'man IMPPP-133' for more detail.
[par] [Exec ...11/bin/innovus -nowin -common_...] Level.DEBUG: **WARN: (IMPPP-133):	The block boundary of the 'ENDCAP_AO_7' instance was increased to (0.000000 11.760000) (1.120000 15.915000) because the VDD pin (0.000000 15.445000) (1.120000 15.915000) on layer METAL1 was outside the original block boundary.
[par] [Exec ...11/bin/innovus -nowin -common_...] Level.DEBUG: Type 'man IMPPP-133' for more detail.
[par] [Exec ...11/bin/innovus -nowin -common_...] Level.DEBUG: **WARN: (IMPPP-133):	The block boundary of the 'ENDCAP_AO_8' instance was increased to (738.640015 11.760000) (739.760010 15.915000) because the VDD pin (738.640015 15.445000) (739.760010 15.915000) on layer METAL1 was outside the original block boundary.
[par] [Exec ...11/bin/innovus -nowin -common_...] Level.DEBUG: Type 'man IMPPP-133' for more detail.
[par] [Exec ...11/bin/innovus -nowin -common_...] Level.DEBUG: **WARN: (IMPPP-133):	The block boundary of the 'ENDCAP_AO_9' instance was increased to (0.000000 15.680000) (1.120000 19.834999) because the VSS pin (0.000000 19.365000) (1.120000 19.834999) on layer METAL1 was outside the original block boundary.
[par] [Exec ...11/bin/innovus -nowin -common_...] Level.DEBUG: Type 'man IMPPP-133' for more detail.
[par] [Exec ...11/bin/innovus -nowin -common_...] Level.DEBUG: **WARN: (IMPPP-133):	The block boundary of the 'ENDCAP_AO_10' instance was increased to (738.640015 15.680000) (739.760010 19.834999) because the VSS pin (738.640015 19.365000) (739.760010 19.834999) on layer METAL1 was outside the original block boundary.
[par] [Exec ...11/bin/innovus -nowin -common_...] Level.DEBUG: Type 'man IMPPP-133' for more detail.
[par] [Exec ...11/bin/innovus -nowin -common_...] Level.DEBUG: **WARN: (IMPPP-133):	The block boundary of the 'ENDCAP_AO_11' instance was increased to (0.000000 19.600000) (1.120000 23.754999) because the VDD pin (0.000000 23.285000) (1.120000 23.754999) on layer METAL1 was outside the original block boundary.
[par] [Exec ...11/bin/innovus -nowin -common_...] Level.DEBUG: Type 'man IMPPP-133' for more detail.
[par] [Exec ...11/bin/innovus -nowin -common_...] Level.DEBUG: **WARN: (IMPPP-133):	The block boundary of the 'ENDCAP_AO_12' instance was increased to (738.640015 19.600000) (739.760010 23.754999) because the VDD pin (738.640015 23.285000) (739.760010 23.754999) on layer METAL1 was outside the original block boundary.
[par] [Exec ...11/bin/innovus -nowin -common_...] Level.DEBUG: Type 'man IMPPP-133' for more detail.
[par] [Exec ...11/bin/innovus -nowin -common_...] Level.DEBUG: **WARN: (IMPPP-133):	The block boundary of the 'ENDCAP_AO_13' instance was increased to (0.000000 23.520000) (1.120000 27.674999) because the VSS pin (0.000000 27.205000) (1.120000 27.674999) on layer METAL1 was outside the original block boundary.
[par] [Exec ...11/bin/innovus -nowin -common_...] Level.DEBUG: Type 'man IMPPP-133' for more detail.
[par] [Exec ...11/bin/innovus -nowin -common_...] Level.DEBUG: **WARN: (IMPPP-133):	The block boundary of the 'ENDCAP_AO_14' instance was increased to (738.640015 23.520000) (739.760010 27.674999) because the VSS pin (738.640015 27.205000) (739.760010 27.674999) on layer METAL1 was outside the original block boundary.
[par] [Exec ...11/bin/innovus -nowin -common_...] Level.DEBUG: Type 'man IMPPP-133' for more detail.
[par] [Exec ...11/bin/innovus -nowin -common_...] Level.DEBUG: **WARN: (IMPPP-133):	The block boundary of the 'ENDCAP_AO_15' instance was increased to (0.000000 27.440001) (1.120000 31.594999) because the VDD pin (0.000000 31.125000) (1.120000 31.594999) on layer METAL1 was outside the original block boundary.
[par] [Exec ...11/bin/innovus -nowin -common_...] Level.DEBUG: Type 'man IMPPP-133' for more detail.
[par] [Exec ...11/bin/innovus -nowin -common_...] Level.DEBUG: **WARN: (IMPPP-133):	The block boundary of the 'ENDCAP_AO_16' instance was increased to (738.640015 27.440001) (739.760010 31.594999) because the VDD pin (738.640015 31.125000) (739.760010 31.594999) on layer METAL1 was outside the original block boundary.
[par] [Exec ...11/bin/innovus -nowin -common_...] Level.DEBUG: Type 'man IMPPP-133' for more detail.
[par] [Exec ...11/bin/innovus -nowin -common_...] Level.DEBUG: **WARN: (IMPPP-133):	The block boundary of the 'ENDCAP_AO_17' instance was increased to (0.000000 31.360001) (1.120000 35.514999) because the VSS pin (0.000000 35.044998) (1.120000 35.514999) on layer METAL1 was outside the original block boundary.
[par] [Exec ...11/bin/innovus -nowin -common_...] Level.DEBUG: Type 'man IMPPP-133' for more detail.
[par] [Exec ...11/bin/innovus -nowin -common_...] Level.DEBUG: **WARN: (IMPPP-133):	The block boundary of the 'ENDCAP_AO_18' instance was increased to (738.640015 31.360001) (739.760010 35.514999) because the VSS pin (738.640015 35.044998) (739.760010 35.514999) on layer METAL1 was outside the original block boundary.
[par] [Exec ...11/bin/innovus -nowin -common_...] Level.DEBUG: Type 'man IMPPP-133' for more detail.
[par] [Exec ...11/bin/innovus -nowin -common_...] Level.DEBUG: **WARN: (IMPPP-133):	The block boundary of the 'ENDCAP_AO_19' instance was increased to (0.000000 35.279999) (1.120000 39.435001) because the VDD pin (0.000000 38.965000) (1.120000 39.435001) on layer METAL1 was outside the original block boundary.
[par] [Exec ...11/bin/innovus -nowin -common_...] Level.DEBUG: Type 'man IMPPP-133' for more detail.
[par] [Exec ...11/bin/innovus -nowin -common_...] Level.DEBUG: **WARN: (IMPPP-133):	The block boundary of the 'ENDCAP_AO_20' instance was increased to (738.640015 35.279999) (739.760010 39.435001) because the VDD pin (738.640015 38.965000) (739.760010 39.435001) on layer METAL1 was outside the original block boundary.
[par] [Exec ...11/bin/innovus -nowin -common_...] Level.DEBUG: Type 'man IMPPP-133' for more detail.
[par] [Exec ...11/bin/innovus -nowin -common_...] Level.DEBUG: **WARN: (EMS-27):	Message (IMPPP-133) has exceeded the current message display limit of 20.
[par] [Exec ...11/bin/innovus -nowin -common_...] Level.DEBUG: To increase the message display limit, refer to the product command reference manual.
[par] [Exec ...11/bin/innovus -nowin -common_...] Level.DEBUG: Loading cell geometries (cpu: 0:00:00.0, real: 0:00:00.0, peak mem: 2002.2M)
[par] [Exec ...11/bin/innovus -nowin -common_...] Level.DEBUG: Loading wires (cpu: 0:00:00.0, real: 0:00:00.0, peak mem: 2002.2M)
[par] [Exec ...11/bin/innovus -nowin -common_...] Level.DEBUG: Loading via instances (cpu: 0:00:00.0, real: 0:00:00.0, peak mem: 2002.2M)
[par] [Exec ...11/bin/innovus -nowin -common_...] Level.DEBUG: Starting stripe generation ...
[par] [Exec ...11/bin/innovus -nowin -common_...] Level.DEBUG: Non-Default Mode Option Settings :
[par] [Exec ...11/bin/innovus -nowin -common_...] Level.DEBUG:   -spacing_from_block  2.00
[par] [Exec ...11/bin/innovus -nowin -common_...] Level.DEBUG: The core ring for VSS is incomplete. The core ring will not be used as a boundary for stripes. In this situation, the power planner will generate stripes only within the core area.
[par] [Exec ...11/bin/innovus -nowin -common_...] Level.DEBUG: The core ring for VDD is incomplete. The core ring will not be used as a boundary for stripes. In this situation, the power planner will generate stripes only within the core area.
[par] [Exec ...11/bin/innovus -nowin -common_...] Level.DEBUG: Stripe generation is complete.
[par] [Exec ...11/bin/innovus -nowin -common_...] Level.DEBUG: add_stripes created 189 wires.
[par] [Exec ...11/bin/innovus -nowin -common_...] Level.DEBUG: ViaGen created 0 via, deleted 0 via to avoid violation.
[par] [Exec ...11/bin/innovus -nowin -common_...] Level.DEBUG: +--------+----------------+----------------+
[par] [Exec ...11/bin/innovus -nowin -common_...] Level.DEBUG: |  Layer |     Created    |     Deleted    |
[par] [Exec ...11/bin/innovus -nowin -common_...] Level.DEBUG: +--------+----------------+----------------+
[par] [Exec ...11/bin/innovus -nowin -common_...] Level.DEBUG: | METAL1 |       189      |       NA       |
[par] [Exec ...11/bin/innovus -nowin -common_...] Level.DEBUG: +--------+----------------+----------------+
[par] [Exec ...11/bin/innovus -nowin -common_...] Level.DEBUG: #% End add_stripes (date=04/23 17:32:55, total cpu=0:00:00.1, real=0:00:00.0, peak res=1528.8M, current mem=1528.8M)
[par] [Exec ...11/bin/innovus -nowin -common_...] Level.DEBUG: @file 8:
[par] [Exec ...11/bin/innovus -nowin -common_...] Level.DEBUG: @file 9: # Power strap definition for layer METAL2:
[par] [Exec ...11/bin/innovus -nowin -common_...] Level.DEBUG: @file 10:
[par] [Exec ...11/bin/innovus -nowin -common_...] Level.DEBUG: @@file 11: reset_db -category add_stripes
[par] [Exec ...11/bin/innovus -nowin -common_...] Level.DEBUG: @@file 12: set_db add_stripes_stacked_via_top_layer METAL2
[par] [Exec ...11/bin/innovus -nowin -common_...] Level.DEBUG: @@file 13: set_db add_stripes_stacked_via_bottom_layer METAL1
[par] [Exec ...11/bin/innovus -nowin -common_...] Level.DEBUG: @@file 14: set_db add_stripes_trim_antenna_back_to_shape {stripe}
[par] [Exec ...11/bin/innovus -nowin -common_...] Level.DEBUG: The power planner will set stripe antenna targets to stripe.
[par] [Exec ...11/bin/innovus -nowin -common_...] Level.DEBUG: @@file 15: set_db add_stripes_spacing_from_block 2.000
[par] [Exec ...11/bin/innovus -nowin -common_...] Level.DEBUG: Global stripes will break 2.000000 user units from obstructed blocks.
[par] [Exec ...11/bin/innovus -nowin -common_...] Level.DEBUG: @@file 16: add_stripes -create_pins 0 -block_ring_bottom_layer_limit METAL2 -block_ring_top_layer_limit METAL1 -direction vertical -layer METAL2 -nets {VSS VDD} -pad_core_ring_bottom_layer_limit METAL1 -set_to_set_distance 28.000 -spacing 0.280 -switch_layer_over_obs 0 -width 0.280 -area [get_db designs .core_bbox] -start [expr [lindex [lindex [get_db designs .core_bbox] 0] 0] + 15.820]
[par] [Exec ...11/bin/innovus -nowin -common_...] Level.DEBUG: #% Begin add_stripes (date=04/23 17:32:55, mem=1528.8M)
[par] [Exec ...11/bin/innovus -nowin -common_...] Level.DEBUG: 
[par] [Exec ...11/bin/innovus -nowin -common_...] Level.DEBUG: Initialize fgc environment(mem: 2002.2M) ...  fail and won't use fgc to check drc(cpu: 0:00:00.0, real: 0:00:00.0, peak mem: 2002.2M)
[par] [Exec ...11/bin/innovus -nowin -common_...] Level.DEBUG: **WARN: (IMPPP-133):	The block boundary of the 'WELLTAP_AO_2565' instance was increased to (737.520020 368.480011) (738.640015 372.635010) because the VSS pin (737.520020 372.165009) (737.890015 372.635010) on layer METAL1 was outside the original block boundary.
[par] [Exec ...11/bin/innovus -nowin -common_...] Level.DEBUG: Type 'man IMPPP-133' for more detail.
[par] [Exec ...11/bin/innovus -nowin -common_...] Level.DEBUG: **WARN: (IMPPP-133):	The block boundary of the 'WELLTAP_AO_2564' instance was increased to (715.679993 368.480011) (716.799988 372.635010) because the VSS pin (715.679993 372.165009) (716.049988 372.635010) on layer METAL1 was outside the original block boundary.
[par] [Exec ...11/bin/innovus -nowin -common_...] Level.DEBUG: Type 'man IMPPP-133' for more detail.
[par] [Exec ...11/bin/innovus -nowin -common_...] Level.DEBUG: **WARN: (IMPPP-133):	The block boundary of the 'WELLTAP_AO_2563' instance was increased to (687.679993 368.480011) (688.799988 372.635010) because the VSS pin (687.679993 372.165009) (688.049988 372.635010) on layer METAL1 was outside the original block boundary.
[par] [Exec ...11/bin/innovus -nowin -common_...] Level.DEBUG: Type 'man IMPPP-133' for more detail.
[par] [Exec ...11/bin/innovus -nowin -common_...] Level.DEBUG: **WARN: (IMPPP-133):	The block boundary of the 'WELLTAP_AO_2562' instance was increased to (659.679993 368.480011) (660.799988 372.635010) because the VSS pin (659.679993 372.165009) (660.049988 372.635010) on layer METAL1 was outside the original block boundary.
[par] [Exec ...11/bin/innovus -nowin -common_...] Level.DEBUG: Type 'man IMPPP-133' for more detail.
[par] [Exec ...11/bin/innovus -nowin -common_...] Level.DEBUG: **WARN: (IMPPP-133):	The block boundary of the 'WELLTAP_AO_2561' instance was increased to (631.679993 368.480011) (632.799988 372.635010) because the VSS pin (631.679993 372.165009) (632.049988 372.635010) on layer METAL1 was outside the original block boundary.
[par] [Exec ...11/bin/innovus -nowin -common_...] Level.DEBUG: Type 'man IMPPP-133' for more detail.
[par] [Exec ...11/bin/innovus -nowin -common_...] Level.DEBUG: **WARN: (IMPPP-133):	The block boundary of the 'WELLTAP_AO_2560' instance was increased to (603.679993 368.480011) (604.799988 372.635010) because the VSS pin (603.679993 372.165009) (604.049988 372.635010) on layer METAL1 was outside the original block boundary.
[par] [Exec ...11/bin/innovus -nowin -common_...] Level.DEBUG: Type 'man IMPPP-133' for more detail.
[par] [Exec ...11/bin/innovus -nowin -common_...] Level.DEBUG: **WARN: (IMPPP-133):	The block boundary of the 'WELLTAP_AO_2559' instance was increased to (575.679993 368.480011) (576.799988 372.635010) because the VSS pin (575.679993 372.165009) (576.049988 372.635010) on layer METAL1 was outside the original block boundary.
[par] [Exec ...11/bin/innovus -nowin -common_...] Level.DEBUG: Type 'man IMPPP-133' for more detail.
[par] [Exec ...11/bin/innovus -nowin -common_...] Level.DEBUG: **WARN: (IMPPP-133):	The block boundary of the 'WELLTAP_AO_2558' instance was increased to (547.679993 368.480011) (548.799988 372.635010) because the VSS pin (547.679993 372.165009) (548.049988 372.635010) on layer METAL1 was outside the original block boundary.
[par] [Exec ...11/bin/innovus -nowin -common_...] Level.DEBUG: Type 'man IMPPP-133' for more detail.
[par] [Exec ...11/bin/innovus -nowin -common_...] Level.DEBUG: **WARN: (IMPPP-133):	The block boundary of the 'WELLTAP_AO_2557' instance was increased to (519.679993 368.480011) (520.799988 372.635010) because the VSS pin (519.679993 372.165009) (520.049988 372.635010) on layer METAL1 was outside the original block boundary.
[par] [Exec ...11/bin/innovus -nowin -common_...] Level.DEBUG: Type 'man IMPPP-133' for more detail.
[par] [Exec ...11/bin/innovus -nowin -common_...] Level.DEBUG: **WARN: (IMPPP-133):	The block boundary of the 'WELLTAP_AO_2556' instance was increased to (491.679993 368.480011) (492.799988 372.635010) because the VSS pin (491.679993 372.165009) (492.049988 372.635010) on layer METAL1 was outside the original block boundary.
[par] [Exec ...11/bin/innovus -nowin -common_...] Level.DEBUG: Type 'man IMPPP-133' for more detail.
[par] [Exec ...11/bin/innovus -nowin -common_...] Level.DEBUG: **WARN: (IMPPP-133):	The block boundary of the 'WELLTAP_AO_2555' instance was increased to (463.679993 368.480011) (464.799988 372.635010) because the VSS pin (463.679993 372.165009) (464.049988 372.635010) on layer METAL1 was outside the original block boundary.
[par] [Exec ...11/bin/innovus -nowin -common_...] Level.DEBUG: Type 'man IMPPP-133' for more detail.
[par] [Exec ...11/bin/innovus -nowin -common_...] Level.DEBUG: **WARN: (IMPPP-133):	The block boundary of the 'WELLTAP_AO_2554' instance was increased to (435.679993 368.480011) (436.799988 372.635010) because the VSS pin (435.679993 372.165009) (436.049988 372.635010) on layer METAL1 was outside the original block boundary.
[par] [Exec ...11/bin/innovus -nowin -common_...] Level.DEBUG: Type 'man IMPPP-133' for more detail.
[par] [Exec ...11/bin/innovus -nowin -common_...] Level.DEBUG: **WARN: (IMPPP-133):	The block boundary of the 'WELLTAP_AO_2553' instance was increased to (407.679993 368.480011) (408.799988 372.635010) because the VSS pin (407.679993 372.165009) (408.049988 372.635010) on layer METAL1 was outside the original block boundary.
[par] [Exec ...11/bin/innovus -nowin -common_...] Level.DEBUG: Type 'man IMPPP-133' for more detail.
[par] [Exec ...11/bin/innovus -nowin -common_...] Level.DEBUG: **WARN: (IMPPP-133):	The block boundary of the 'WELLTAP_AO_2552' instance was increased to (379.679993 368.480011) (380.799988 372.635010) because the VSS pin (379.679993 372.165009) (380.049988 372.635010) on layer METAL1 was outside the original block boundary.
[par] [Exec ...11/bin/innovus -nowin -common_...] Level.DEBUG: Type 'man IMPPP-133' for more detail.
[par] [Exec ...11/bin/innovus -nowin -common_...] Level.DEBUG: **WARN: (IMPPP-133):	The block boundary of the 'WELLTAP_AO_2551' instance was increased to (351.679993 368.480011) (352.799988 372.635010) because the VSS pin (351.679993 372.165009) (352.049988 372.635010) on layer METAL1 was outside the original block boundary.
[par] [Exec ...11/bin/innovus -nowin -common_...] Level.DEBUG: Type 'man IMPPP-133' for more detail.
[par] [Exec ...11/bin/innovus -nowin -common_...] Level.DEBUG: **WARN: (IMPPP-133):	The block boundary of the 'WELLTAP_AO_2550' instance was increased to (323.679993 368.480011) (324.799988 372.635010) because the VSS pin (323.679993 372.165009) (324.049988 372.635010) on layer METAL1 was outside the original block boundary.
[par] [Exec ...11/bin/innovus -nowin -common_...] Level.DEBUG: Type 'man IMPPP-133' for more detail.
[par] [Exec ...11/bin/innovus -nowin -common_...] Level.DEBUG: **WARN: (IMPPP-133):	The block boundary of the 'WELLTAP_AO_2549' instance was increased to (295.679993 368.480011) (296.799988 372.635010) because the VSS pin (295.679993 372.165009) (296.049988 372.635010) on layer METAL1 was outside the original block boundary.
[par] [Exec ...11/bin/innovus -nowin -common_...] Level.DEBUG: Type 'man IMPPP-133' for more detail.
[par] [Exec ...11/bin/innovus -nowin -common_...] Level.DEBUG: **WARN: (IMPPP-133):	The block boundary of the 'WELLTAP_AO_2548' instance was increased to (267.679993 368.480011) (268.799988 372.635010) because the VSS pin (267.679993 372.165009) (268.049988 372.635010) on layer METAL1 was outside the original block boundary.
[par] [Exec ...11/bin/innovus -nowin -common_...] Level.DEBUG: Type 'man IMPPP-133' for more detail.
[par] [Exec ...11/bin/innovus -nowin -common_...] Level.DEBUG: **WARN: (IMPPP-133):	The block boundary of the 'WELLTAP_AO_2547' instance was increased to (239.679993 368.480011) (240.800003 372.635010) because the VSS pin (239.679993 372.165009) (240.050003 372.635010) on layer METAL1 was outside the original block boundary.
[par] [Exec ...11/bin/innovus -nowin -common_...] Level.DEBUG: Type 'man IMPPP-133' for more detail.
[par] [Exec ...11/bin/innovus -nowin -common_...] Level.DEBUG: **WARN: (IMPPP-133):	The block boundary of the 'WELLTAP_AO_2546' instance was increased to (211.679993 368.480011) (212.800003 372.635010) because the VSS pin (211.679993 372.165009) (212.050003 372.635010) on layer METAL1 was outside the original block boundary.
[par] [Exec ...11/bin/innovus -nowin -common_...] Level.DEBUG: Type 'man IMPPP-133' for more detail.
[par] [Exec ...11/bin/innovus -nowin -common_...] Level.DEBUG: **WARN: (EMS-27):	Message (IMPPP-133) has exceeded the current message display limit of 20.
[par] [Exec ...11/bin/innovus -nowin -common_...] Level.DEBUG: To increase the message display limit, refer to the product command reference manual.
[par] [Exec ...11/bin/innovus -nowin -common_...] Level.DEBUG: Loading cell geometries (cpu: 0:00:00.0, real: 0:00:00.0, peak mem: 2002.2M)
[par] [Exec ...11/bin/innovus -nowin -common_...] Level.DEBUG: Loading wires (cpu: 0:00:00.0, real: 0:00:00.0, peak mem: 2002.2M)
[par] [Exec ...11/bin/innovus -nowin -common_...] Level.DEBUG: Loading via instances (cpu: 0:00:00.0, real: 0:00:00.0, peak mem: 2002.2M)
[par] [Exec ...11/bin/innovus -nowin -common_...] Level.DEBUG: Starting stripe generation ...
[par] [Exec ...11/bin/innovus -nowin -common_...] Level.DEBUG: **WARN: (IMPPP-358):	The left edge of the area you specified is out of design boundary and only stripes in design boundary will be generated.
[par] [Exec ...11/bin/innovus -nowin -common_...] Level.DEBUG:   Use option add_stripes_extend_to_closest_target {area_boundary} if stripes must be generated in specified area.
[par] [Exec ...11/bin/innovus -nowin -common_...] Level.DEBUG: **WARN: (IMPPP-358):	The right edge of the area you specified is out of design boundary and only stripes in design boundary will be generated.
[par] [Exec ...11/bin/innovus -nowin -common_...] Level.DEBUG:   Use option add_stripes_extend_to_closest_target {area_boundary} if stripes must be generated in specified area.
[par] [Exec ...11/bin/innovus -nowin -common_...] Level.DEBUG: **WARN: (IMPPP-358):	The bottom edge of the area you specified is out of design boundary and only stripes in design boundary will be generated.
[par] [Exec ...11/bin/innovus -nowin -common_...] Level.DEBUG:   Use option add_stripes_extend_to_closest_target {area_boundary} if stripes must be generated in specified area.
[par] [Exec ...11/bin/innovus -nowin -common_...] Level.DEBUG: **WARN: (IMPPP-358):	The top edge of the area you specified is out of design boundary and only stripes in design boundary will be generated.
[par] [Exec ...11/bin/innovus -nowin -common_...] Level.DEBUG:   Use option add_stripes_extend_to_closest_target {area_boundary} if stripes must be generated in specified area.
[par] [Exec ...11/bin/innovus -nowin -common_...] Level.DEBUG: Non-Default Mode Option Settings :
[par] [Exec ...11/bin/innovus -nowin -common_...] Level.DEBUG:   -spacing_from_block  2.00
[par] [Exec ...11/bin/innovus -nowin -common_...] Level.DEBUG:   -trim_antenna_back_to_shape  stripe
[par] [Exec ...11/bin/innovus -nowin -common_...] Level.DEBUG: Multi-CPU acceleration using 4 CPU(s).
[par] [Exec ...11/bin/innovus -nowin -common_...] Level.DEBUG: Stripe generation is complete.
[par] [Exec ...11/bin/innovus -nowin -common_...] Level.DEBUG: vias are now being generated.
[par] [Exec ...11/bin/innovus -nowin -common_...] Level.DEBUG: Multi-CPU acceleration using 3 CPU(s).
[par] [Exec ...11/bin/innovus -nowin -common_...] Level.DEBUG: Multi-CPU acceleration using 3 CPU(s).
[par] [Exec ...11/bin/innovus -nowin -common_...] Level.DEBUG: Multi-CPU acceleration using 3 CPU(s).
[par] [Exec ...11/bin/innovus -nowin -common_...] Level.DEBUG: Multi-CPU acceleration using 3 CPU(s).
[par] [Exec ...11/bin/innovus -nowin -common_...] Level.DEBUG: add_stripes created 52 wires.
[par] [Exec ...11/bin/innovus -nowin -common_...] Level.DEBUG: ViaGen created 4914 vias, deleted 0 via to avoid violation.
[par] [Exec ...11/bin/innovus -nowin -common_...] Level.DEBUG: +--------+----------------+----------------+
[par] [Exec ...11/bin/innovus -nowin -common_...] Level.DEBUG: |  Layer |     Created    |     Deleted    |
[par] [Exec ...11/bin/innovus -nowin -common_...] Level.DEBUG: +--------+----------------+----------------+
[par] [Exec ...11/bin/innovus -nowin -common_...] Level.DEBUG: |  VIA12 |      4914      |        0       |
[par] [Exec ...11/bin/innovus -nowin -common_...] Level.DEBUG: | METAL2 |       52       |       NA       |
[par] [Exec ...11/bin/innovus -nowin -common_...] Level.DEBUG: +--------+----------------+----------------+
[par] [Exec ...11/bin/innovus -nowin -common_...] Level.DEBUG: #% End add_stripes (date=04/23 17:32:56, total cpu=0:00:00.5, real=0:00:01.0, peak res=1531.3M, current mem=1531.3M)
[par] [Exec ...11/bin/innovus -nowin -common_...] Level.DEBUG: @file 17:
[par] [Exec ...11/bin/innovus -nowin -common_...] Level.DEBUG: @file 18: # Power strap definition for layer METAL3:
[par] [Exec ...11/bin/innovus -nowin -common_...] Level.DEBUG: @file 19:
[par] [Exec ...11/bin/innovus -nowin -common_...] Level.DEBUG: @@file 20: reset_db -category add_stripes
[par] [Exec ...11/bin/innovus -nowin -common_...] Level.DEBUG: @@file 21: set_db add_stripes_stacked_via_top_layer METAL3
[par] [Exec ...11/bin/innovus -nowin -common_...] Level.DEBUG: @@file 22: set_db add_stripes_stacked_via_bottom_layer METAL2
[par] [Exec ...11/bin/innovus -nowin -common_...] Level.DEBUG: @@file 23: set_db add_stripes_trim_antenna_back_to_shape {stripe}
[par] [Exec ...11/bin/innovus -nowin -common_...] Level.DEBUG: The power planner will set stripe antenna targets to stripe.
[par] [Exec ...11/bin/innovus -nowin -common_...] Level.DEBUG: @@file 24: set_db add_stripes_spacing_from_block 2.000
[par] [Exec ...11/bin/innovus -nowin -common_...] Level.DEBUG: Global stripes will break 2.000000 user units from obstructed blocks.
[par] [Exec ...11/bin/innovus -nowin -common_...] Level.DEBUG: @@file 25: add_stripes -create_pins 0 -block_ring_bottom_layer_limit METAL3 -block_ring_top_layer_limit METAL2 -direction horizontal -layer METAL3 -nets {VSS VDD} -pad_core_ring_bottom_layer_limit METAL2 -set_to_set_distance 9.520 -spacing 0.840 -switch_layer_over_obs 0 -width 0.840 -area [get_db designs .core_bbox] -start [expr [lindex [lindex [get_db designs .core_bbox] 0] 1] + 6.300]
[par] [Exec ...11/bin/innovus -nowin -common_...] Level.DEBUG: #% Begin add_stripes (date=04/23 17:32:56, mem=1531.3M)
[par] [Exec ...11/bin/innovus -nowin -common_...] Level.DEBUG: 
[par] [Exec ...11/bin/innovus -nowin -common_...] Level.DEBUG: Initialize fgc environment(mem: 2005.2M) ...  fail and won't use fgc to check drc(cpu: 0:00:00.0, real: 0:00:00.0, peak mem: 2005.2M)
[par] [Exec ...11/bin/innovus -nowin -common_...] Level.DEBUG: Loading cell geometries (cpu: 0:00:00.0, real: 0:00:00.0, peak mem: 2005.2M)
[par] [Exec ...11/bin/innovus -nowin -common_...] Level.DEBUG: Loading wires (cpu: 0:00:00.0, real: 0:00:00.0, peak mem: 2005.2M)
[par] [Exec ...11/bin/innovus -nowin -common_...] Level.DEBUG: Loading via instances (cpu: 0:00:00.0, real: 0:00:00.0, peak mem: 2005.2M)
[par] [Exec ...11/bin/innovus -nowin -common_...] Level.DEBUG: Starting stripe generation ...
[par] [Exec ...11/bin/innovus -nowin -common_...] Level.DEBUG: **WARN: (IMPPP-358):	The left edge of the area you specified is out of design boundary and only stripes in design boundary will be generated.
[par] [Exec ...11/bin/innovus -nowin -common_...] Level.DEBUG:   Use option add_stripes_extend_to_closest_target {area_boundary} if stripes must be generated in specified area.
[par] [Exec ...11/bin/innovus -nowin -common_...] Level.DEBUG: **WARN: (IMPPP-358):	The right edge of the area you specified is out of design boundary and only stripes in design boundary will be generated.
[par] [Exec ...11/bin/innovus -nowin -common_...] Level.DEBUG:   Use option add_stripes_extend_to_closest_target {area_boundary} if stripes must be generated in specified area.
[par] [Exec ...11/bin/innovus -nowin -common_...] Level.DEBUG: **WARN: (IMPPP-358):	The bottom edge of the area you specified is out of design boundary and only stripes in design boundary will be generated.
[par] [Exec ...11/bin/innovus -nowin -common_...] Level.DEBUG:   Use option add_stripes_extend_to_closest_target {area_boundary} if stripes must be generated in specified area.
[par] [Exec ...11/bin/innovus -nowin -common_...] Level.DEBUG: **WARN: (IMPPP-358):	The top edge of the area you specified is out of design boundary and only stripes in design boundary will be generated.
[par] [Exec ...11/bin/innovus -nowin -common_...] Level.DEBUG:   Use option add_stripes_extend_to_closest_target {area_boundary} if stripes must be generated in specified area.
[par] [Exec ...11/bin/innovus -nowin -common_...] Level.DEBUG: Non-Default Mode Option Settings :
[par] [Exec ...11/bin/innovus -nowin -common_...] Level.DEBUG:   -spacing_from_block  2.00
[par] [Exec ...11/bin/innovus -nowin -common_...] Level.DEBUG:   -trim_antenna_back_to_shape  stripe
[par] [Exec ...11/bin/innovus -nowin -common_...] Level.DEBUG: Multi-CPU acceleration using 4 CPU(s).
[par] [Exec ...11/bin/innovus -nowin -common_...] Level.DEBUG: Stripe generation is complete.
[par] [Exec ...11/bin/innovus -nowin -common_...] Level.DEBUG: vias are now being generated.
[par] [Exec ...11/bin/innovus -nowin -common_...] Level.DEBUG: Multi-CPU acceleration using 3 CPU(s).
[par] [Exec ...11/bin/innovus -nowin -common_...] Level.DEBUG: Multi-CPU acceleration using 3 CPU(s).
[par] [Exec ...11/bin/innovus -nowin -common_...] Level.DEBUG: Multi-CPU acceleration using 3 CPU(s).
[par] [Exec ...11/bin/innovus -nowin -common_...] Level.DEBUG: Multi-CPU acceleration using 3 CPU(s).
[par] [Exec ...11/bin/innovus -nowin -common_...] Level.DEBUG: add_stripes created 154 wires.
[par] [Exec ...11/bin/innovus -nowin -common_...] Level.DEBUG: ViaGen created 4004 vias, deleted 0 via to avoid violation.
[par] [Exec ...11/bin/innovus -nowin -common_...] Level.DEBUG: +--------+----------------+----------------+
[par] [Exec ...11/bin/innovus -nowin -common_...] Level.DEBUG: |  Layer |     Created    |     Deleted    |
[par] [Exec ...11/bin/innovus -nowin -common_...] Level.DEBUG: +--------+----------------+----------------+
[par] [Exec ...11/bin/innovus -nowin -common_...] Level.DEBUG: |  VIA23 |      4004      |        0       |
[par] [Exec ...11/bin/innovus -nowin -common_...] Level.DEBUG: | METAL3 |       154      |       NA       |
[par] [Exec ...11/bin/innovus -nowin -common_...] Level.DEBUG: +--------+----------------+----------------+
[par] [Exec ...11/bin/innovus -nowin -common_...] Level.DEBUG: #% End add_stripes (date=04/23 17:32:57, total cpu=0:00:00.4, real=0:00:01.0, peak res=1531.3M, current mem=1531.3M)
[par] [Exec ...11/bin/innovus -nowin -common_...] Level.DEBUG: @file 26:
[par] [Exec ...11/bin/innovus -nowin -common_...] Level.DEBUG: @file 27: # Power strap definition for layer METAL4:
[par] [Exec ...11/bin/innovus -nowin -common_...] Level.DEBUG: @file 28:
[par] [Exec ...11/bin/innovus -nowin -common_...] Level.DEBUG: @@file 29: reset_db -category add_stripes
[par] [Exec ...11/bin/innovus -nowin -common_...] Level.DEBUG: @@file 30: set_db add_stripes_stacked_via_top_layer METAL4
[par] [Exec ...11/bin/innovus -nowin -common_...] Level.DEBUG: @@file 31: set_db add_stripes_stacked_via_bottom_layer METAL3
[par] [Exec ...11/bin/innovus -nowin -common_...] Level.DEBUG: @@file 32: set_db add_stripes_trim_antenna_back_to_shape {stripe}
[par] [Exec ...11/bin/innovus -nowin -common_...] Level.DEBUG: The power planner will set stripe antenna targets to stripe.
[par] [Exec ...11/bin/innovus -nowin -common_...] Level.DEBUG: @@file 33: set_db add_stripes_spacing_from_block 2.000
[par] [Exec ...11/bin/innovus -nowin -common_...] Level.DEBUG: Global stripes will break 2.000000 user units from obstructed blocks.
[par] [Exec ...11/bin/innovus -nowin -common_...] Level.DEBUG: @@file 34: add_stripes -create_pins 0 -block_ring_bottom_layer_limit METAL4 -block_ring_top_layer_limit METAL3 -direction vertical -layer METAL4 -nets {VSS VDD} -pad_core_ring_bottom_layer_limit METAL3 -set_to_set_distance 18.480 -spacing 0.840 -switch_layer_over_obs 0 -width 0.840 -area [get_db designs .core_bbox] -start [expr [lindex [lindex [get_db designs .core_bbox] 0] 0] + 6.300]
[par] [Exec ...11/bin/innovus -nowin -common_...] Level.DEBUG: #% Begin add_stripes (date=04/23 17:32:57, mem=1531.3M)
[par] [Exec ...11/bin/innovus -nowin -common_...] Level.DEBUG: 
[par] [Exec ...11/bin/innovus -nowin -common_...] Level.DEBUG: Initialize fgc environment(mem: 2005.2M) ...  fail and won't use fgc to check drc(cpu: 0:00:00.0, real: 0:00:00.0, peak mem: 2005.2M)
[par] [Exec ...11/bin/innovus -nowin -common_...] Level.DEBUG: Loading cell geometries (cpu: 0:00:00.0, real: 0:00:00.0, peak mem: 2005.2M)
[par] [Exec ...11/bin/innovus -nowin -common_...] Level.DEBUG: Loading wires (cpu: 0:00:00.0, real: 0:00:00.0, peak mem: 2005.2M)
[par] [Exec ...11/bin/innovus -nowin -common_...] Level.DEBUG: Loading via instances (cpu: 0:00:00.0, real: 0:00:00.0, peak mem: 2005.2M)
[par] [Exec ...11/bin/innovus -nowin -common_...] Level.DEBUG: Starting stripe generation ...
[par] [Exec ...11/bin/innovus -nowin -common_...] Level.DEBUG: **WARN: (IMPPP-358):	The left edge of the area you specified is out of design boundary and only stripes in design boundary will be generated.
[par] [Exec ...11/bin/innovus -nowin -common_...] Level.DEBUG:   Use option add_stripes_extend_to_closest_target {area_boundary} if stripes must be generated in specified area.
[par] [Exec ...11/bin/innovus -nowin -common_...] Level.DEBUG: **WARN: (IMPPP-358):	The right edge of the area you specified is out of design boundary and only stripes in design boundary will be generated.
[par] [Exec ...11/bin/innovus -nowin -common_...] Level.DEBUG:   Use option add_stripes_extend_to_closest_target {area_boundary} if stripes must be generated in specified area.
[par] [Exec ...11/bin/innovus -nowin -common_...] Level.DEBUG: **WARN: (IMPPP-358):	The bottom edge of the area you specified is out of design boundary and only stripes in design boundary will be generated.
[par] [Exec ...11/bin/innovus -nowin -common_...] Level.DEBUG:   Use option add_stripes_extend_to_closest_target {area_boundary} if stripes must be generated in specified area.
[par] [Exec ...11/bin/innovus -nowin -common_...] Level.DEBUG: **WARN: (IMPPP-358):	The top edge of the area you specified is out of design boundary and only stripes in design boundary will be generated.
[par] [Exec ...11/bin/innovus -nowin -common_...] Level.DEBUG:   Use option add_stripes_extend_to_closest_target {area_boundary} if stripes must be generated in specified area.
[par] [Exec ...11/bin/innovus -nowin -common_...] Level.DEBUG: Non-Default Mode Option Settings :
[par] [Exec ...11/bin/innovus -nowin -common_...] Level.DEBUG:   -spacing_from_block  2.00
[par] [Exec ...11/bin/innovus -nowin -common_...] Level.DEBUG:   -trim_antenna_back_to_shape  stripe
[par] [Exec ...11/bin/innovus -nowin -common_...] Level.DEBUG: Multi-CPU acceleration using 4 CPU(s).
[par] [Exec ...11/bin/innovus -nowin -common_...] Level.DEBUG: Stripe generation is complete.
[par] [Exec ...11/bin/innovus -nowin -common_...] Level.DEBUG: vias are now being generated.
[par] [Exec ...11/bin/innovus -nowin -common_...] Level.DEBUG: Multi-CPU acceleration using 3 CPU(s).
[par] [Exec ...11/bin/innovus -nowin -common_...] Level.DEBUG: Multi-CPU acceleration using 3 CPU(s).
[par] [Exec ...11/bin/innovus -nowin -common_...] Level.DEBUG: Multi-CPU acceleration using 3 CPU(s).
[par] [Exec ...11/bin/innovus -nowin -common_...] Level.DEBUG: Multi-CPU acceleration using 3 CPU(s).
[par] [Exec ...11/bin/innovus -nowin -common_...] Level.DEBUG: add_stripes created 80 wires.
[par] [Exec ...11/bin/innovus -nowin -common_...] Level.DEBUG: ViaGen created 6160 vias, deleted 0 via to avoid violation.
[par] [Exec ...11/bin/innovus -nowin -common_...] Level.DEBUG: +--------+----------------+----------------+
[par] [Exec ...11/bin/innovus -nowin -common_...] Level.DEBUG: |  Layer |     Created    |     Deleted    |
[par] [Exec ...11/bin/innovus -nowin -common_...] Level.DEBUG: +--------+----------------+----------------+
[par] [Exec ...11/bin/innovus -nowin -common_...] Level.DEBUG: |  VIA34 |      6160      |        0       |
[par] [Exec ...11/bin/innovus -nowin -common_...] Level.DEBUG: | METAL4 |       80       |       NA       |
[par] [Exec ...11/bin/innovus -nowin -common_...] Level.DEBUG: +--------+----------------+----------------+
[par] [Exec ...11/bin/innovus -nowin -common_...] Level.DEBUG: #% End add_stripes (date=04/23 17:32:59, total cpu=0:00:00.4, real=0:00:01.0, peak res=1531.4M, current mem=1531.4M)
[par] [Exec ...11/bin/innovus -nowin -common_...] Level.DEBUG: @file 35:
[par] [Exec ...11/bin/innovus -nowin -common_...] Level.DEBUG: @file 36: # Power strap definition for layer METAL5:
[par] [Exec ...11/bin/innovus -nowin -common_...] Level.DEBUG: @file 37:
[par] [Exec ...11/bin/innovus -nowin -common_...] Level.DEBUG: @@file 38: reset_db -category add_stripes
[par] [Exec ...11/bin/innovus -nowin -common_...] Level.DEBUG: @@file 39: set_db add_stripes_stacked_via_top_layer METAL5
[par] [Exec ...11/bin/innovus -nowin -common_...] Level.DEBUG: @@file 40: set_db add_stripes_stacked_via_bottom_layer METAL4
[par] [Exec ...11/bin/innovus -nowin -common_...] Level.DEBUG: @@file 41: set_db add_stripes_trim_antenna_back_to_shape {stripe}
[par] [Exec ...11/bin/innovus -nowin -common_...] Level.DEBUG: The power planner will set stripe antenna targets to stripe.
[par] [Exec ...11/bin/innovus -nowin -common_...] Level.DEBUG: @@file 42: set_db add_stripes_spacing_from_block 2.000
[par] [Exec ...11/bin/innovus -nowin -common_...] Level.DEBUG: Global stripes will break 2.000000 user units from obstructed blocks.
[par] [Exec ...11/bin/innovus -nowin -common_...] Level.DEBUG: @@file 43: add_stripes -create_pins 0 -block_ring_bottom_layer_limit METAL5 -block_ring_top_layer_limit METAL4 -direction horizontal -layer METAL5 -nets {VSS VDD} -pad_core_ring_bottom_layer_limit METAL4 -set_to_set_distance 5.600 -spacing 0.840 -switch_layer_over_obs 0 -width 0.840 -area [get_db designs .core_bbox] -start [expr [lindex [lindex [get_db designs .core_bbox] 0] 1] + 1.260]
[par] [Exec ...11/bin/innovus -nowin -common_...] Level.DEBUG: #% Begin add_stripes (date=04/23 17:32:59, mem=1531.4M)
[par] [Exec ...11/bin/innovus -nowin -common_...] Level.DEBUG: 
[par] [Exec ...11/bin/innovus -nowin -common_...] Level.DEBUG: Initialize fgc environment(mem: 2005.2M) ...  fail and won't use fgc to check drc(cpu: 0:00:00.0, real: 0:00:00.0, peak mem: 2005.2M)
[par] [Exec ...11/bin/innovus -nowin -common_...] Level.DEBUG: Loading cell geometries (cpu: 0:00:00.0, real: 0:00:00.0, peak mem: 2005.2M)
[par] [Exec ...11/bin/innovus -nowin -common_...] Level.DEBUG: Loading wires (cpu: 0:00:00.0, real: 0:00:00.0, peak mem: 2005.2M)
[par] [Exec ...11/bin/innovus -nowin -common_...] Level.DEBUG: Loading via instances (cpu: 0:00:00.0, real: 0:00:00.0, peak mem: 2005.2M)
[par] [Exec ...11/bin/innovus -nowin -common_...] Level.DEBUG: Starting stripe generation ...
[par] [Exec ...11/bin/innovus -nowin -common_...] Level.DEBUG: **WARN: (IMPPP-358):	The left edge of the area you specified is out of design boundary and only stripes in design boundary will be generated.
[par] [Exec ...11/bin/innovus -nowin -common_...] Level.DEBUG:   Use option add_stripes_extend_to_closest_target {area_boundary} if stripes must be generated in specified area.
[par] [Exec ...11/bin/innovus -nowin -common_...] Level.DEBUG: **WARN: (IMPPP-358):	The right edge of the area you specified is out of design boundary and only stripes in design boundary will be generated.
[par] [Exec ...11/bin/innovus -nowin -common_...] Level.DEBUG:   Use option add_stripes_extend_to_closest_target {area_boundary} if stripes must be generated in specified area.
[par] [Exec ...11/bin/innovus -nowin -common_...] Level.DEBUG: **WARN: (IMPPP-358):	The bottom edge of the area you specified is out of design boundary and only stripes in design boundary will be generated.
[par] [Exec ...11/bin/innovus -nowin -common_...] Level.DEBUG:   Use option add_stripes_extend_to_closest_target {area_boundary} if stripes must be generated in specified area.
[par] [Exec ...11/bin/innovus -nowin -common_...] Level.DEBUG: **WARN: (IMPPP-358):	The top edge of the area you specified is out of design boundary and only stripes in design boundary will be generated.
[par] [Exec ...11/bin/innovus -nowin -common_...] Level.DEBUG:   Use option add_stripes_extend_to_closest_target {area_boundary} if stripes must be generated in specified area.
[par] [Exec ...11/bin/innovus -nowin -common_...] Level.DEBUG: Non-Default Mode Option Settings :
[par] [Exec ...11/bin/innovus -nowin -common_...] Level.DEBUG:   -spacing_from_block  2.00
[par] [Exec ...11/bin/innovus -nowin -common_...] Level.DEBUG:   -trim_antenna_back_to_shape  stripe
[par] [Exec ...11/bin/innovus -nowin -common_...] Level.DEBUG: Multi-CPU acceleration using 4 CPU(s).
[par] [Exec ...11/bin/innovus -nowin -common_...] Level.DEBUG: Stripe generation is complete.
[par] [Exec ...11/bin/innovus -nowin -common_...] Level.DEBUG: vias are now being generated.
[par] [Exec ...11/bin/innovus -nowin -common_...] Level.DEBUG: Multi-CPU acceleration using 3 CPU(s).
[par] [Exec ...11/bin/innovus -nowin -common_...] Level.DEBUG: Multi-CPU acceleration using 3 CPU(s).
[par] [Exec ...11/bin/innovus -nowin -common_...] Level.DEBUG: Multi-CPU acceleration using 3 CPU(s).
[par] [Exec ...11/bin/innovus -nowin -common_...] Level.DEBUG: Multi-CPU acceleration using 3 CPU(s).
[par] [Exec ...11/bin/innovus -nowin -common_...] Level.DEBUG: add_stripes created 264 wires.
[par] [Exec ...11/bin/innovus -nowin -common_...] Level.DEBUG: ViaGen created 10560 vias, deleted 0 via to avoid violation.
[par] [Exec ...11/bin/innovus -nowin -common_...] Level.DEBUG: +--------+----------------+----------------+
[par] [Exec ...11/bin/innovus -nowin -common_...] Level.DEBUG: |  Layer |     Created    |     Deleted    |
[par] [Exec ...11/bin/innovus -nowin -common_...] Level.DEBUG: +--------+----------------+----------------+
[par] [Exec ...11/bin/innovus -nowin -common_...] Level.DEBUG: |  VIA45 |      10560     |        0       |
[par] [Exec ...11/bin/innovus -nowin -common_...] Level.DEBUG: | METAL5 |       264      |       NA       |
[par] [Exec ...11/bin/innovus -nowin -common_...] Level.DEBUG: +--------+----------------+----------------+
[par] [Exec ...11/bin/innovus -nowin -common_...] Level.DEBUG: #% End add_stripes (date=04/23 17:33:01, total cpu=0:00:00.5, real=0:00:02.0, peak res=1532.4M, current mem=1532.4M)
[par] [Exec ...11/bin/innovus -nowin -common_...] Level.DEBUG: @file 44:
[par] [Exec ...11/bin/innovus -nowin -common_...] Level.DEBUG: @file 45: # Power strap definition for layer METAL6:
[par] [Exec ...11/bin/innovus -nowin -common_...] Level.DEBUG: @file 46:
[par] [Exec ...11/bin/innovus -nowin -common_...] Level.DEBUG: @@file 47: reset_db -category add_stripes
[par] [Exec ...11/bin/innovus -nowin -common_...] Level.DEBUG: @@file 48: set_db add_stripes_stacked_via_top_layer METAL6
[par] [Exec ...11/bin/innovus -nowin -common_...] Level.DEBUG: @@file 49: set_db add_stripes_stacked_via_bottom_layer METAL5
[par] [Exec ...11/bin/innovus -nowin -common_...] Level.DEBUG: @@file 50: set_db add_stripes_trim_antenna_back_to_shape {stripe}
[par] [Exec ...11/bin/innovus -nowin -common_...] Level.DEBUG: The power planner will set stripe antenna targets to stripe.
[par] [Exec ...11/bin/innovus -nowin -common_...] Level.DEBUG: @@file 51: set_db add_stripes_spacing_from_block 2.000
[par] [Exec ...11/bin/innovus -nowin -common_...] Level.DEBUG: Global stripes will break 2.000000 user units from obstructed blocks.
[par] [Exec ...11/bin/innovus -nowin -common_...] Level.DEBUG: @@file 52: add_stripes -create_pins 1 -block_ring_bottom_layer_limit METAL6 -block_ring_top_layer_limit METAL5 -direction vertical -layer METAL6 -nets {VSS VDD} -pad_core_ring_bottom_layer_limit METAL5 -set_to_set_distance 86.700 -spacing 7.600 -switch_layer_over_obs 0 -width 7.700 -area [get_db designs .core_bbox] -start [expr [lindex [lindex [get_db designs .core_bbox] 0] 0] + 55.080]
[par] [Exec ...11/bin/innovus -nowin -common_...] Level.DEBUG: #% Begin add_stripes (date=04/23 17:33:01, mem=1532.4M)
[par] [Exec ...11/bin/innovus -nowin -common_...] Level.DEBUG: 
[par] [Exec ...11/bin/innovus -nowin -common_...] Level.DEBUG: Initialize fgc environment(mem: 2005.2M) ...  fail and won't use fgc to check drc(cpu: 0:00:00.0, real: 0:00:00.0, peak mem: 2005.2M)
[par] [Exec ...11/bin/innovus -nowin -common_...] Level.DEBUG: Loading cell geometries (cpu: 0:00:00.0, real: 0:00:00.0, peak mem: 2005.2M)
[par] [Exec ...11/bin/innovus -nowin -common_...] Level.DEBUG: Loading wires (cpu: 0:00:00.0, real: 0:00:00.0, peak mem: 2005.2M)
[par] [Exec ...11/bin/innovus -nowin -common_...] Level.DEBUG: Loading via instances (cpu: 0:00:00.0, real: 0:00:00.0, peak mem: 2006.2M)
[par] [Exec ...11/bin/innovus -nowin -common_...] Level.DEBUG: Starting stripe generation ...
[par] [Exec ...11/bin/innovus -nowin -common_...] Level.DEBUG: **WARN: (IMPPP-358):	The left edge of the area you specified is out of design boundary and only stripes in design boundary will be generated.
[par] [Exec ...11/bin/innovus -nowin -common_...] Level.DEBUG:   Use option add_stripes_extend_to_closest_target {area_boundary} if stripes must be generated in specified area.
[par] [Exec ...11/bin/innovus -nowin -common_...] Level.DEBUG: **WARN: (IMPPP-358):	The right edge of the area you specified is out of design boundary and only stripes in design boundary will be generated.
[par] [Exec ...11/bin/innovus -nowin -common_...] Level.DEBUG:   Use option add_stripes_extend_to_closest_target {area_boundary} if stripes must be generated in specified area.
[par] [Exec ...11/bin/innovus -nowin -common_...] Level.DEBUG: **WARN: (IMPPP-358):	The bottom edge of the area you specified is out of design boundary and only stripes in design boundary will be generated.
[par] [Exec ...11/bin/innovus -nowin -common_...] Level.DEBUG:   Use option add_stripes_extend_to_closest_target {area_boundary} if stripes must be generated in specified area.
[par] [Exec ...11/bin/innovus -nowin -common_...] Level.DEBUG: **WARN: (IMPPP-358):	The top edge of the area you specified is out of design boundary and only stripes in design boundary will be generated.
[par] [Exec ...11/bin/innovus -nowin -common_...] Level.DEBUG:   Use option add_stripes_extend_to_closest_target {area_boundary} if stripes must be generated in specified area.
[par] [Exec ...11/bin/innovus -nowin -common_...] Level.DEBUG: Non-Default Mode Option Settings :
[par] [Exec ...11/bin/innovus -nowin -common_...] Level.DEBUG:   -spacing_from_block  2.00
[par] [Exec ...11/bin/innovus -nowin -common_...] Level.DEBUG:   -trim_antenna_back_to_shape  stripe
[par] [Exec ...11/bin/innovus -nowin -common_...] Level.DEBUG: Multi-CPU acceleration using 4 CPU(s).
[par] [Exec ...11/bin/innovus -nowin -common_...] Level.DEBUG: Stripe generation is complete.
[par] [Exec ...11/bin/innovus -nowin -common_...] Level.DEBUG: vias are now being generated.
[par] [Exec ...11/bin/innovus -nowin -common_...] Level.DEBUG: Multi-CPU acceleration using 3 CPU(s).
[par] [Exec ...11/bin/innovus -nowin -common_...] Level.DEBUG: Multi-CPU acceleration using 3 CPU(s).
[par] [Exec ...11/bin/innovus -nowin -common_...] Level.DEBUG: Multi-CPU acceleration using 3 CPU(s).
[par] [Exec ...11/bin/innovus -nowin -common_...] Level.DEBUG: Multi-CPU acceleration using 3 CPU(s).
[par] [Exec ...11/bin/innovus -nowin -common_...] Level.DEBUG: add_stripes created 16 wires.
[par] [Exec ...11/bin/innovus -nowin -common_...] Level.DEBUG: ViaGen created 2112 vias, deleted 0 via to avoid violation.
[par] [Exec ...11/bin/innovus -nowin -common_...] Level.DEBUG: +--------+----------------+----------------+
[par] [Exec ...11/bin/innovus -nowin -common_...] Level.DEBUG: |  Layer |     Created    |     Deleted    |
[par] [Exec ...11/bin/innovus -nowin -common_...] Level.DEBUG: +--------+----------------+----------------+
[par] [Exec ...11/bin/innovus -nowin -common_...] Level.DEBUG: |  VIA56 |      2112      |        0       |
[par] [Exec ...11/bin/innovus -nowin -common_...] Level.DEBUG: | METAL6 |       16       |       NA       |
[par] [Exec ...11/bin/innovus -nowin -common_...] Level.DEBUG: +--------+----------------+----------------+
[par] [Exec ...11/bin/innovus -nowin -common_...] Level.DEBUG: #% End add_stripes (date=04/23 17:33:02, total cpu=0:00:00.5, real=0:00:01.0, peak res=1534.4M, current mem=1534.4M)
[par] [Exec ...11/bin/innovus -nowin -common_...] Level.DEBUG: #@ End verbose source /w/home.04/home/devlin11780/Desktop/ece209bs/Tapeout/conv_filter_chip/ee209-hammer-internal/build/par-rundir/power_straps.tcl
[par] [Exec ...11/bin/innovus -nowin -common_...] Level.DEBUG: @file 129: puts "write_db pre_place_pins"
[par] [Exec ...11/bin/innovus -nowin -common_...] Level.DEBUG: write_db pre_place_pins
[par] [Exec ...11/bin/innovus -nowin -common_...] Level.DEBUG: @@file 130: write_db pre_place_pins
[par] [Exec ...11/bin/innovus -nowin -common_...] Level.DEBUG: #% Begin save design ... (date=04/23 17:33:02, mem=1534.4M)
[par] [Exec ...11/bin/innovus -nowin -common_...] Level.DEBUG: % Begin Save ccopt configuration ... (date=04/23 17:33:02, mem=1534.4M)
[par] [Exec ...11/bin/innovus -nowin -common_...] Level.DEBUG: % End Save ccopt configuration ... (date=04/23 17:33:02, total cpu=0:00:00.0, real=0:00:00.0, peak res=1534.7M, current mem=1534.7M)
[par] [Exec ...11/bin/innovus -nowin -common_...] Level.DEBUG: % Begin Save netlist data ... (date=04/23 17:33:02, mem=1534.7M)
[par] [Exec ...11/bin/innovus -nowin -common_...] Level.DEBUG: Writing Binary DB to pre_place_pins/vbin/top.v.bin in multi-threaded mode...
[par] [Exec ...11/bin/innovus -nowin -common_...] Level.DEBUG: % End Save netlist data ... (date=04/23 17:33:02, total cpu=0:00:00.0, real=0:00:00.0, peak res=1534.7M, current mem=1534.7M)
[par] [Exec ...11/bin/innovus -nowin -common_...] Level.DEBUG: Saving symbol-table file in separate thread ...
[par] [Exec ...11/bin/innovus -nowin -common_...] Level.DEBUG: Saving congestion map file in separate thread ...
[par] [Exec ...11/bin/innovus -nowin -common_...] Level.DEBUG: Saving congestion map file pre_place_pins/top.route.congmap.gz ...
[par] [Exec ...11/bin/innovus -nowin -common_...] Level.DEBUG: % Begin Save AAE data ... (date=04/23 17:33:02, mem=1534.9M)
[par] [Exec ...11/bin/innovus -nowin -common_...] Level.DEBUG: Saving AAE Data ...
[par] [Exec ...11/bin/innovus -nowin -common_...] Level.DEBUG: % End Save AAE data ... (date=04/23 17:33:02, total cpu=0:00:00.0, real=0:00:00.0, peak res=1534.9M, current mem=1534.9M)
[par] [Exec ...11/bin/innovus -nowin -common_...] Level.DEBUG: Saving preference file pre_place_pins/gui.pref.tcl ...
[par] [Exec ...11/bin/innovus -nowin -common_...] Level.DEBUG: Saving mode setting ...
[par] [Exec ...11/bin/innovus -nowin -common_...] Level.DEBUG: Saving root attributes to be loaded post write_db ...
[par] [Exec ...11/bin/innovus -nowin -common_...] Level.DEBUG: Saving global file ...
[par] [Exec ...11/bin/innovus -nowin -common_...] Level.DEBUG: Saving root attributes to be loaded previous write_db ...
[par] [Exec ...11/bin/innovus -nowin -common_...] Level.DEBUG: Saving Drc markers ...
[par] [Exec ...11/bin/innovus -nowin -common_...] Level.DEBUG: ... No Drc file written since there is no markers found.
[par] [Exec ...11/bin/innovus -nowin -common_...] Level.DEBUG: % Begin Save routing data ... (date=04/23 17:33:04, mem=1535.5M)
[par] [Exec ...11/bin/innovus -nowin -common_...] Level.DEBUG: Saving route file ...
[par] [Exec ...11/bin/innovus -nowin -common_...] Level.DEBUG: *** Completed saveRoute (cpu=0:00:00.0 real=0:00:01.0 mem=2008.7M) ***
[par] [Exec ...11/bin/innovus -nowin -common_...] Level.DEBUG: % End Save routing data ... (date=04/23 17:33:05, total cpu=0:00:00.0, real=0:00:01.0, peak res=1535.5M, current mem=1535.5M)
[par] [Exec ...11/bin/innovus -nowin -common_...] Level.DEBUG: Saving special route data file in separate thread ...
[par] [Exec ...11/bin/innovus -nowin -common_...] Level.DEBUG: Saving PG file in separate thread ...
[par] [Exec ...11/bin/innovus -nowin -common_...] Level.DEBUG: Saving placement file in separate thread ...
[par] [Exec ...11/bin/innovus -nowin -common_...] Level.DEBUG: Saving PG file pre_place_pins/top.pg.gz, version#2, (Created by Innovus v21.19-s058_1 on Thu Apr 23 17:33:05 2026)
[par] [Exec ...11/bin/innovus -nowin -common_...] Level.DEBUG: ** Saving stdCellPlacement_binary (version# 2) ...
[par] [Exec ...11/bin/innovus -nowin -common_...] Level.DEBUG: Save Adaptive View Pruning View Names to Binary file
[par] [Exec ...11/bin/innovus -nowin -common_...] Level.DEBUG: TAT_INFO: ::saveSpecialRoute REAL = 0 : CPU = 0 : MEM = 0.
[par] [Exec ...11/bin/innovus -nowin -common_...] Level.DEBUG: *** Completed savePGFile (cpu=0:00:00.0 real=0:00:00.0 mem=2048.8M) ***
[par] [Exec ...11/bin/innovus -nowin -common_...] Level.DEBUG: TAT_INFO: ::savePGFile REAL = 0 : CPU = 0 : MEM = 0.
[par] [Exec ...11/bin/innovus -nowin -common_...] Level.DEBUG: TAT_INFO: ::savePlace REAL = 0 : CPU = 0 : MEM = 0.
[par] [Exec ...11/bin/innovus -nowin -common_...] Level.DEBUG: Saving property file pre_place_pins/top.prop
[par] [Exec ...11/bin/innovus -nowin -common_...] Level.DEBUG: *** Completed saveProperty (cpu=0:00:00.0 real=0:00:00.0 mem=2032.8M) ***
[par] [Exec ...11/bin/innovus -nowin -common_...] Level.DEBUG: Saving CPF database ...
[par] [Exec ...11/bin/innovus -nowin -common_...] Level.DEBUG: *** End saving CPF database: cpu=0:00:00.00 real=0:00:00.00 ***
[par] [Exec ...11/bin/innovus -nowin -common_...] Level.DEBUG: TAT_INFO: ::db::saveSymbolTable REAL = 0 : CPU = 0 : MEM = 0.
[par] [Exec ...11/bin/innovus -nowin -common_...] Level.DEBUG: TAT_INFO: ::saveCongMap REAL = 0 : CPU = 0 : MEM = 0.
[par] [Exec ...11/bin/innovus -nowin -common_...] Level.DEBUG: % Begin Save power constraints data ... (date=04/23 17:33:05, mem=1537.1M)
[par] [Exec ...11/bin/innovus -nowin -common_...] Level.DEBUG: % End Save power constraints data ... (date=04/23 17:33:05, total cpu=0:00:00.0, real=0:00:00.0, peak res=1537.1M, current mem=1537.1M)
[par] [Exec ...11/bin/innovus -nowin -common_...] Level.DEBUG: Generated self-contained design pre_place_pins
[par] [Exec ...11/bin/innovus -nowin -common_...] Level.DEBUG: #% End save design ... (date=04/23 17:33:06, total cpu=0:00:02.0, real=0:00:04.0, peak res=1537.7M, current mem=1537.7M)
[par] [Exec ...11/bin/innovus -nowin -common_...] Level.DEBUG: *** Message Summary: 0 warning(s), 0 error(s)
[par] [Exec ...11/bin/innovus -nowin -common_...] Level.DEBUG: 
[par] [Exec ...11/bin/innovus -nowin -common_...] Level.DEBUG: @file 131: puts "ln -sfn pre_place_pins latest"
[par] [Exec ...11/bin/innovus -nowin -common_...] Level.DEBUG: ln -sfn pre_place_pins latest
[par] [Exec ...11/bin/innovus -nowin -common_...] Level.DEBUG: @file 132: ln -sfn pre_place_pins latest
[par] [Exec ...11/bin/innovus -nowin -common_...] Level.DEBUG: @file 133: puts "set_db assign_pins_edit_in_batch true"
[par] [Exec ...11/bin/innovus -nowin -common_...] Level.DEBUG: set_db assign_pins_edit_in_batch true
[par] [Exec ...11/bin/innovus -nowin -common_...] Level.DEBUG: @@file 134: set_db assign_pins_edit_in_batch true
[par] [Exec ...11/bin/innovus -nowin -common_...] Level.DEBUG: @file 135: puts "edit_pin -fixed_pin -pin * -hinst top -pattern fill_optimised -layer { METAL2 METAL4 } -side bottom -start { 740 0 } -end { 0 0 }   "
[par] [Exec ...11/bin/innovus -nowin -common_...] Level.DEBUG: edit_pin -fixed_pin -pin * -hinst top -pattern fill_optimised -layer { METAL2 METAL4 } -side bottom -start { 740 0 } -end { 0 0 }
[par] [Exec ...11/bin/innovus -nowin -common_...] Level.DEBUG: @@file 136: edit_pin -fixed_pin -pin * -hinst top -pattern fill_optimised -layer { METAL2 METAL4 } -side bottom -start { 740 0 } -end { 0 0 }
[par] [Exec ...11/bin/innovus -nowin -common_...] Level.DEBUG: Successfully spread [18] pins.
[par] [Exec ...11/bin/innovus -nowin -common_...] Level.DEBUG: editPin : finished (cpu = 0:00:00.1 real = 0:00:00.0, mem = 2023.8M).
[par] [Exec ...11/bin/innovus -nowin -common_...] Level.DEBUG: @file 137: puts "source ../../tcl/place_pins.tcl"
[par] [Exec ...11/bin/innovus -nowin -common_...] Level.DEBUG: source ../../tcl/place_pins.tcl
[par] [Exec ...11/bin/innovus -nowin -common_...] Level.DEBUG: @file 138: source ../../tcl/place_pins.tcl
[par] [Exec ...11/bin/innovus -nowin -common_...] Level.DEBUG: #@ Begin verbose source ../../tcl/place_pins.tcl (pre)
[par] [Exec ...11/bin/innovus -nowin -common_...] Level.DEBUG: @file 1: # ============================================================
[par] [Exec ...11/bin/innovus -nowin -common_...] Level.DEBUG: @file 2: # Exact pin placement to match pad frame coordinates
[par] [Exec ...11/bin/innovus -nowin -common_...] Level.DEBUG: @file 3: # ============================================================
[par] [Exec ...11/bin/innovus -nowin -common_...] Level.DEBUG: @file 4:
[par] [Exec ...11/bin/innovus -nowin -common_...] Level.DEBUG: @file 5: # Batch mode (good â keep this)
[par] [Exec ...11/bin/innovus -nowin -common_...] Level.DEBUG: @@file 6: set_db assign_pins_edit_in_batch true
[par] [Exec ...11/bin/innovus -nowin -common_...] Level.DEBUG: @file 7:
[par] [Exec ...11/bin/innovus -nowin -common_...] Level.DEBUG: @file 8: # Clock / Reset (LEFT side)
[par] [Exec ...11/bin/innovus -nowin -common_...] Level.DEBUG: @@file 9: edit_pin -pin clk -assign {19.14 350.855} -layer METAL6 -side left -fixed_pin
[par] [Exec ...11/bin/innovus -nowin -common_...] Level.DEBUG: editPin : finished (cpu = 0:00:00.0 real = 0:00:00.0, mem = 2023.8M).
[par] [Exec ...11/bin/innovus -nowin -common_...] Level.DEBUG: @@file 10: edit_pin -pin rst -assign {19.14 433.62}  -layer METAL6 -side left -fixed_pin
[par] [Exec ...11/bin/innovus -nowin -common_...] Level.DEBUG: editPin : finished (cpu = 0:00:00.0 real = 0:00:00.0, mem = 2023.8M).
[par] [Exec ...11/bin/innovus -nowin -common_...] Level.DEBUG: @file 11:
[par] [Exec ...11/bin/innovus -nowin -common_...] Level.DEBUG: @file 12: # a[3:0] (TOP side)
[par] [Exec ...11/bin/innovus -nowin -common_...] Level.DEBUG: @@file 13: edit_pin -pin {a[3]} -assign {268.09 930.86}   -layer METAL6 -side top -fixed_pin
[par] [Exec ...11/bin/innovus -nowin -common_...] Level.DEBUG: editPin : finished (cpu = 0:00:00.0 real = 0:00:00.0, mem = 2023.8M).
[par] [Exec ...11/bin/innovus -nowin -common_...] Level.DEBUG: @@file 14: edit_pin -pin {a[2]} -assign {350.855 930.86}  -layer METAL6 -side top -fixed_pin
[par] [Exec ...11/bin/innovus -nowin -common_...] Level.DEBUG: editPin : finished (cpu = 0:00:00.0 real = 0:00:00.0, mem = 2023.8M).
[par] [Exec ...11/bin/innovus -nowin -common_...] Level.DEBUG: @@file 15: edit_pin -pin {a[1]} -assign {433.62 930.86}   -layer METAL6 -side top -fixed_pin
[par] [Exec ...11/bin/innovus -nowin -common_...] Level.DEBUG: editPin : finished (cpu = 0:00:00.0 real = 0:00:00.0, mem = 2023.8M).
[par] [Exec ...11/bin/innovus -nowin -common_...] Level.DEBUG: @@file 16: edit_pin -pin {a[0]} -assign {516.38 930.86}   -layer METAL6 -side top -fixed_pin
[par] [Exec ...11/bin/innovus -nowin -common_...] Level.DEBUG: editPin : finished (cpu = 0:00:00.0 real = 0:00:00.0, mem = 2023.8M).
[par] [Exec ...11/bin/innovus -nowin -common_...] Level.DEBUG: @file 17:
[par] [Exec ...11/bin/innovus -nowin -common_...] Level.DEBUG: @file 18: # b[3:0] (BOTTOM side)
[par] [Exec ...11/bin/innovus -nowin -common_...] Level.DEBUG: @@file 19: edit_pin -pin {b[3]} -assign {185.325 19.14}   -layer METAL6 -side bottom -fixed_pin
[par] [Exec ...11/bin/innovus -nowin -common_...] Level.DEBUG: editPin : finished (cpu = 0:00:00.0 real = 0:00:00.0, mem = 2023.8M).
[par] [Exec ...11/bin/innovus -nowin -common_...] Level.DEBUG: @@file 20: edit_pin -pin {b[2]} -assign {268.09 19.14}    -layer METAL6 -side bottom -fixed_pin
[par] [Exec ...11/bin/innovus -nowin -common_...] Level.DEBUG: editPin : finished (cpu = 0:00:00.0 real = 0:00:00.0, mem = 2023.8M).
[par] [Exec ...11/bin/innovus -nowin -common_...] Level.DEBUG: @@file 21: edit_pin -pin {b[1]} -assign {350.855 19.14}   -layer METAL6 -side bottom -fixed_pin
[par] [Exec ...11/bin/innovus -nowin -common_...] Level.DEBUG: editPin : finished (cpu = 0:00:00.0 real = 0:00:00.0, mem = 2023.8M).
[par] [Exec ...11/bin/innovus -nowin -common_...] Level.DEBUG: @@file 22: edit_pin -pin {b[0]} -assign {433.62 19.14}    -layer METAL6 -side bottom -fixed_pin
[par] [Exec ...11/bin/innovus -nowin -common_...] Level.DEBUG: editPin : finished (cpu = 0:00:00.0 real = 0:00:00.0, mem = 2023.8M).
[par] [Exec ...11/bin/innovus -nowin -common_...] Level.DEBUG: @file 23:
[par] [Exec ...11/bin/innovus -nowin -common_...] Level.DEBUG: @file 24: # out[7:0]
[par] [Exec ...11/bin/innovus -nowin -common_...] Level.DEBUG: @file 25:
[par] [Exec ...11/bin/innovus -nowin -common_...] Level.DEBUG: @file 26: # TOP
[par] [Exec ...11/bin/innovus -nowin -common_...] Level.DEBUG: @@file 27: edit_pin -pin {out[7]} -assign {681.91 930.86}   -layer METAL6 -side top -fixed_pin
[par] [Exec ...11/bin/innovus -nowin -common_...] Level.DEBUG: **WARN: (IMPPTN-1520):	Pin 'out[7]' of partition 'top' cannot be placed at the constrained location [681.91 930.86] due to a blocked pin slot close to the location. Placing the pin at location [688.78 739.76].
[par] [Exec ...11/bin/innovus -nowin -common_...] Level.DEBUG: Type 'man IMPPTN-1520' for more detail.
[par] [Exec ...11/bin/innovus -nowin -common_...] Level.DEBUG: editPin : finished (cpu = 0:00:00.0 real = 0:00:00.0, mem = 2023.8M).
[par] [Exec ...11/bin/innovus -nowin -common_...] Level.DEBUG: @@file 28: edit_pin -pin {out[6]} -assign {764.675 930.86}  -layer METAL6 -side top -fixed_pin
[par] [Exec ...11/bin/innovus -nowin -common_...] Level.DEBUG: **WARN: (IMPPTN-1520):	Pin 'out[6]' of partition 'top' cannot be placed at the constrained location [764.68 930.86] due to a blocked pin slot close to the location. Placing the pin at location [5.38 739.76].
[par] [Exec ...11/bin/innovus -nowin -common_...] Level.DEBUG: Type 'man IMPPTN-1520' for more detail.
[par] [Exec ...11/bin/innovus -nowin -common_...] Level.DEBUG: editPin : finished (cpu = 0:00:00.0 real = 0:00:00.0, mem = 2023.8M).
[par] [Exec ...11/bin/innovus -nowin -common_...] Level.DEBUG: @file 29:
[par] [Exec ...11/bin/innovus -nowin -common_...] Level.DEBUG: @file 30: # RIGHT
[par] [Exec ...11/bin/innovus -nowin -common_...] Level.DEBUG: @@file 31: edit_pin -pin {out[5]} -assign {930.86 599.145}  -layer METAL6 -side right -fixed_pin
[par] [Exec ...11/bin/innovus -nowin -common_...] Level.DEBUG: editPin : finished (cpu = 0:00:00.0 real = 0:00:00.0, mem = 2023.8M).
[par] [Exec ...11/bin/innovus -nowin -common_...] Level.DEBUG: @@file 32: edit_pin -pin {out[4]} -assign {930.86 516.38}   -layer METAL6 -side right -fixed_pin
[par] [Exec ...11/bin/innovus -nowin -common_...] Level.DEBUG: editPin : finished (cpu = 0:00:00.0 real = 0:00:00.0, mem = 2023.8M).
[par] [Exec ...11/bin/innovus -nowin -common_...] Level.DEBUG: @@file 33: edit_pin -pin {out[3]} -assign {930.86 433.62}   -layer METAL6 -side right -fixed_pin
[par] [Exec ...11/bin/innovus -nowin -common_...] Level.DEBUG: editPin : finished (cpu = 0:00:00.0 real = 0:00:00.0, mem = 2023.8M).
[par] [Exec ...11/bin/innovus -nowin -common_...] Level.DEBUG: @@file 34: edit_pin -pin {out[2]} -assign {930.86 350.855}  -layer METAL6 -side right -fixed_pin
[par] [Exec ...11/bin/innovus -nowin -common_...] Level.DEBUG: editPin : finished (cpu = 0:00:00.0 real = 0:00:00.0, mem = 2023.8M).
[par] [Exec ...11/bin/innovus -nowin -common_...] Level.DEBUG: @@file 35: edit_pin -pin {out[1]} -assign {930.86 268.09}   -layer METAL6 -side right -fixed_pin
[par] [Exec ...11/bin/innovus -nowin -common_...] Level.DEBUG: editPin : finished (cpu = 0:00:00.0 real = 0:00:00.0, mem = 2023.8M).
[par] [Exec ...11/bin/innovus -nowin -common_...] Level.DEBUG: @@file 36: edit_pin -pin {out[0]} -assign {930.86 185.325}  -layer METAL6 -side right -fixed_pin
[par] [Exec ...11/bin/innovus -nowin -common_...] Level.DEBUG: editPin : finished (cpu = 0:00:00.0 real = 0:00:00.0, mem = 2023.8M).
[par] [Exec ...11/bin/innovus -nowin -common_...] Level.DEBUG: @file 37:
[par] [Exec ...11/bin/innovus -nowin -common_...] Level.DEBUG: @file 38: # End batch mode
[par] [Exec ...11/bin/innovus -nowin -common_...] Level.DEBUG: @@file 39: set_db assign_pins_edit_in_batch false
[par] [Exec ...11/bin/innovus -nowin -common_...] Level.DEBUG: #@ End verbose source ../../tcl/place_pins.tcl
[par] [Exec ...11/bin/innovus -nowin -common_...] Level.DEBUG: @file 139: puts "set_db assign_pins_edit_in_batch false"
[par] [Exec ...11/bin/innovus -nowin -common_...] Level.DEBUG: set_db assign_pins_edit_in_batch false
[par] [Exec ...11/bin/innovus -nowin -common_...] Level.DEBUG: @@file 140: set_db assign_pins_edit_in_batch false
[par] [Exec ...11/bin/innovus -nowin -common_...] Level.DEBUG: @file 141: puts "write_db pre_place_opt_design"
[par] [Exec ...11/bin/innovus -nowin -common_...] Level.DEBUG: write_db pre_place_opt_design
[par] [Exec ...11/bin/innovus -nowin -common_...] Level.DEBUG: @@file 142: write_db pre_place_opt_design
[par] [Exec ...11/bin/innovus -nowin -common_...] Level.DEBUG: #% Begin save design ... (date=04/23 17:33:06, mem=1547.3M)
[par] [Exec ...11/bin/innovus -nowin -common_...] Level.DEBUG: % Begin Save ccopt configuration ... (date=04/23 17:33:06, mem=1547.3M)
[par] [Exec ...11/bin/innovus -nowin -common_...] Level.DEBUG: % End Save ccopt configuration ... (date=04/23 17:33:06, total cpu=0:00:00.0, real=0:00:00.0, peak res=1547.5M, current mem=1547.5M)
[par] [Exec ...11/bin/innovus -nowin -common_...] Level.DEBUG: % Begin Save netlist data ... (date=04/23 17:33:06, mem=1547.5M)
[par] [Exec ...11/bin/innovus -nowin -common_...] Level.DEBUG: Writing Binary DB to pre_place_opt_design/vbin/top.v.bin in multi-threaded mode...
[par] [Exec ...11/bin/innovus -nowin -common_...] Level.DEBUG: % End Save netlist data ... (date=04/23 17:33:06, total cpu=0:00:00.0, real=0:00:00.0, peak res=1550.1M, current mem=1550.1M)
[par] [Exec ...11/bin/innovus -nowin -common_...] Level.DEBUG: Saving symbol-table file in separate thread ...
[par] [Exec ...11/bin/innovus -nowin -common_...] Level.DEBUG: Saving congestion map file in separate thread ...
[par] [Exec ...11/bin/innovus -nowin -common_...] Level.DEBUG: Saving congestion map file pre_place_opt_design/top.route.congmap.gz ...
[par] [Exec ...11/bin/innovus -nowin -common_...] Level.DEBUG: % Begin Save AAE data ... (date=04/23 17:33:06, mem=1550.1M)
[par] [Exec ...11/bin/innovus -nowin -common_...] Level.DEBUG: Saving AAE Data ...
[par] [Exec ...11/bin/innovus -nowin -common_...] Level.DEBUG: % End Save AAE data ... (date=04/23 17:33:06, total cpu=0:00:00.0, real=0:00:00.0, peak res=1550.1M, current mem=1550.1M)
[par] [Exec ...11/bin/innovus -nowin -common_...] Level.DEBUG: Saving preference file pre_place_opt_design/gui.pref.tcl ...
[par] [Exec ...11/bin/innovus -nowin -common_...] Level.DEBUG: Saving mode setting ...
[par] [Exec ...11/bin/innovus -nowin -common_...] Level.DEBUG: Saving root attributes to be loaded post write_db ...
[par] [Exec ...11/bin/innovus -nowin -common_...] Level.DEBUG: Saving global file ...
[par] [Exec ...11/bin/innovus -nowin -common_...] Level.DEBUG: Saving root attributes to be loaded previous write_db ...
[par] [Exec ...11/bin/innovus -nowin -common_...] Level.DEBUG: Saving Drc markers ...
[par] [Exec ...11/bin/innovus -nowin -common_...] Level.DEBUG: ... No Drc file written since there is no markers found.
[par] [Exec ...11/bin/innovus -nowin -common_...] Level.DEBUG: % Begin Save routing data ... (date=04/23 17:33:08, mem=1552.2M)
[par] [Exec ...11/bin/innovus -nowin -common_...] Level.DEBUG: Saving route file ...
[par] [Exec ...11/bin/innovus -nowin -common_...] Level.DEBUG: *** Completed saveRoute (cpu=0:00:00.0 real=0:00:01.0 mem=2055.3M) ***
[par] [Exec ...11/bin/innovus -nowin -common_...] Level.DEBUG: % End Save routing data ... (date=04/23 17:33:09, total cpu=0:00:00.0, real=0:00:01.0, peak res=1552.2M, current mem=1552.2M)
[par] [Exec ...11/bin/innovus -nowin -common_...] Level.DEBUG: Saving special route data file in separate thread ...
[par] [Exec ...11/bin/innovus -nowin -common_...] Level.DEBUG: Saving PG file in separate thread ...
[par] [Exec ...11/bin/innovus -nowin -common_...] Level.DEBUG: Saving placement file in separate thread ...
[par] [Exec ...11/bin/innovus -nowin -common_...] Level.DEBUG: ** Saving stdCellPlacement_binary (version# 2) ...
[par] [Exec ...11/bin/innovus -nowin -common_...] Level.DEBUG: Saving PG file pre_place_opt_design/top.pg.gz, version#2, (Created by Innovus v21.19-s058_1 on Thu Apr 23 17:33:09 2026)
[par] [Exec ...11/bin/innovus -nowin -common_...] Level.DEBUG: Save Adaptive View Pruning View Names to Binary file
[par] [Exec ...11/bin/innovus -nowin -common_...] Level.DEBUG: TAT_INFO: ::saveSpecialRoute REAL = 0 : CPU = 0 : MEM = 0.
[par] [Exec ...11/bin/innovus -nowin -common_...] Level.DEBUG: *** Completed savePGFile (cpu=0:00:00.0 real=0:00:00.0 mem=2093.3M) ***
[par] [Exec ...11/bin/innovus -nowin -common_...] Level.DEBUG: TAT_INFO: ::savePGFile REAL = 0 : CPU = 0 : MEM = 0.
[par] [Exec ...11/bin/innovus -nowin -common_...] Level.DEBUG: TAT_INFO: ::savePlace REAL = 0 : CPU = 0 : MEM = 0.
[par] [Exec ...11/bin/innovus -nowin -common_...] Level.DEBUG: Saving property file pre_place_opt_design/top.prop
[par] [Exec ...11/bin/innovus -nowin -common_...] Level.DEBUG: *** Completed saveProperty (cpu=0:00:00.0 real=0:00:00.0 mem=2077.3M) ***
[par] [Exec ...11/bin/innovus -nowin -common_...] Level.DEBUG: Saving CPF database ...
[par] [Exec ...11/bin/innovus -nowin -common_...] Level.DEBUG: *** End saving CPF database: cpu=0:00:00.00 real=0:00:00.00 ***
[par] [Exec ...11/bin/innovus -nowin -common_...] Level.DEBUG: TAT_INFO: ::db::saveSymbolTable REAL = 1 : CPU = 0 : MEM = 0.
[par] [Exec ...11/bin/innovus -nowin -common_...] Level.DEBUG: TAT_INFO: ::saveCongMap REAL = 1 : CPU = 0 : MEM = 0.
[par] [Exec ...11/bin/innovus -nowin -common_...] Level.DEBUG: % Begin Save power constraints data ... (date=04/23 17:33:09, mem=1552.6M)
[par] [Exec ...11/bin/innovus -nowin -common_...] Level.DEBUG: % End Save power constraints data ... (date=04/23 17:33:09, total cpu=0:00:00.0, real=0:00:00.0, peak res=1552.6M, current mem=1552.6M)
[par] [Exec ...11/bin/innovus -nowin -common_...] Level.DEBUG: Generated self-contained design pre_place_opt_design
[par] [Exec ...11/bin/innovus -nowin -common_...] Level.DEBUG: #% End save design ... (date=04/23 17:33:10, total cpu=0:00:02.0, real=0:00:04.0, peak res=1582.8M, current mem=1552.8M)
[par] [Exec ...11/bin/innovus -nowin -common_...] Level.DEBUG: *** Message Summary: 0 warning(s), 0 error(s)
[par] [Exec ...11/bin/innovus -nowin -common_...] Level.DEBUG: 
[par] [Exec ...11/bin/innovus -nowin -common_...] Level.DEBUG: @file 143: puts "ln -sfn pre_place_opt_design latest"
[par] [Exec ...11/bin/innovus -nowin -common_...] Level.DEBUG: ln -sfn pre_place_opt_design latest
[par] [Exec ...11/bin/innovus -nowin -common_...] Level.DEBUG: @file 144: ln -sfn pre_place_opt_design latest
[par] [Exec ...11/bin/innovus -nowin -common_...] Level.DEBUG: @file 145: puts "place_opt_design"
[par] [Exec ...11/bin/innovus -nowin -common_...] Level.DEBUG: place_opt_design
[par] [Exec ...11/bin/innovus -nowin -common_...] Level.DEBUG: @@file 146: place_opt_design
[par] [Exec ...11/bin/innovus -nowin -common_...] Level.DEBUG: **INFO: User settings:
[par] [Exec ...11/bin/innovus -nowin -common_...] Level.DEBUG: setDelayCalMode -engine                            aae
[par] [Exec ...11/bin/innovus -nowin -common_...] Level.DEBUG: design_flow_effort                                 extreme
[par] [Exec ...11/bin/innovus -nowin -common_...] Level.DEBUG: design_process_node                                180
[par] [Exec ...11/bin/innovus -nowin -common_...] Level.DEBUG: extract_rc_coupled                                 true
[par] [Exec ...11/bin/innovus -nowin -common_...] Level.DEBUG: extract_rc_coupling_cap_threshold                  3.0
[par] [Exec ...11/bin/innovus -nowin -common_...] Level.DEBUG: extract_rc_effort_level                            high
[par] [Exec ...11/bin/innovus -nowin -common_...] Level.DEBUG: extract_rc_engine                                  post_route
[par] [Exec ...11/bin/innovus -nowin -common_...] Level.DEBUG: extract_rc_relative_cap_threshold                  0.03
[par] [Exec ...11/bin/innovus -nowin -common_...] Level.DEBUG: extract_rc_shrink_factor                           1.0
[par] [Exec ...11/bin/innovus -nowin -common_...] Level.DEBUG: extract_rc_total_cap_threshold                     5.0
[par] [Exec ...11/bin/innovus -nowin -common_...] Level.DEBUG: opt_area_recovery                                  true
[par] [Exec ...11/bin/innovus -nowin -common_...] Level.DEBUG: opt_clock_gate_aware                               false
[par] [Exec ...11/bin/innovus -nowin -common_...] Level.DEBUG: opt_exp_flow_effort_extreme                        true
[par] [Exec ...11/bin/innovus -nowin -common_...] Level.DEBUG: opt_fix_fanout_load                                true
[par] [Exec ...11/bin/innovus -nowin -common_...] Level.DEBUG: opt_fix_hold_verbose                               true
[par] [Exec ...11/bin/innovus -nowin -common_...] Level.DEBUG: opt_hold_target_slack                              0.1
[par] [Exec ...11/bin/innovus -nowin -common_...] Level.DEBUG: opt_honor_fences                                   true
[par] [Exec ...11/bin/innovus -nowin -common_...] Level.DEBUG: opt_post_route_area_reclaim                        setup_aware
[par] [Exec ...11/bin/innovus -nowin -common_...] Level.DEBUG: opt_reclaim_area_restructuring_effort              high
[par] [Exec ...11/bin/innovus -nowin -common_...] Level.DEBUG: opt_setup_target_slack                             0.1
[par] [Exec ...11/bin/innovus -nowin -common_...] Level.DEBUG: place_detail_check_cut_spacing                     true
[par] [Exec ...11/bin/innovus -nowin -common_...] Level.DEBUG: place_detail_color_aware_legal                     false
[par] [Exec ...11/bin/innovus -nowin -common_...] Level.DEBUG: place_detail_dpt_flow                              false
[par] [Exec ...11/bin/innovus -nowin -common_...] Level.DEBUG: place_global_cong_effort                           high
[par] [Exec ...11/bin/innovus -nowin -common_...] Level.DEBUG: place_global_solver_effort                         high
[par] [Exec ...11/bin/innovus -nowin -common_...] Level.DEBUG: getDelayCalMode -engine                            aae
[par] [Exec ...11/bin/innovus -nowin -common_...] Level.DEBUG: getIlmMode -keepHighFanoutCriticalInsts            false
[par] [Exec ...11/bin/innovus -nowin -common_...] Level.DEBUG: *** place_opt_design #1 [begin] : totSession cpu/real = 0:01:44.1/0:01:43.7 (1.0), mem = 2052.3M
[par] [Exec ...11/bin/innovus -nowin -common_...] Level.DEBUG: No user sequential activity specified, applying default sequential activity of "0.2" for Dynamic Power reporting.
[par] [Exec ...11/bin/innovus -nowin -common_...] Level.DEBUG: 'set_default_switching_activity' finished successfully.
[par] [Exec ...11/bin/innovus -nowin -common_...] Level.DEBUG: *** Starting GigaPlace ***
[par] [Exec ...11/bin/innovus -nowin -common_...] Level.DEBUG: #optDebug: fT-E <X 2 3 1 0>
[par] [Exec ...11/bin/innovus -nowin -common_...] Level.DEBUG: *** GlobalPlace #1 [begin] (place_opt_design #1) : totSession cpu/real = 0:01:44.3/0:01:43.9 (1.0), mem = 2056.7M
[par] [Exec ...11/bin/innovus -nowin -common_...] Level.DEBUG: *** Start delete_buffer_trees ***
[par] [Exec ...11/bin/innovus -nowin -common_...] Level.DEBUG: *info: Marking 0 level shifter instances dont touch
[par] [Exec ...11/bin/innovus -nowin -common_...] Level.DEBUG: Info: Detect buffers to remove automatically.
[par] [Exec ...11/bin/innovus -nowin -common_...] Level.DEBUG: Analyzing netlist ...
[par] [Exec ...11/bin/innovus -nowin -common_...] Level.DEBUG: Updating netlist
[par] [Exec ...11/bin/innovus -nowin -common_...] Level.DEBUG: 
[par] [Exec ...11/bin/innovus -nowin -common_...] Level.DEBUG: Cleanup ECO timing graph ...
[par] [Exec ...11/bin/innovus -nowin -common_...] Level.DEBUG: Cleanup RC data ...
[par] [Exec ...11/bin/innovus -nowin -common_...] Level.DEBUG: Cleanup routing data ...
[par] [Exec ...11/bin/innovus -nowin -common_...] Level.DEBUG: *summary: 0 instances (buffers/inverters) removed
[par] [Exec ...11/bin/innovus -nowin -common_...] Level.DEBUG: *** Finish delete_buffer_trees (0:00:00.1) ***
[par] [Exec ...11/bin/innovus -nowin -common_...] Level.DEBUG: Effort level <high> specified for tdgp_reg2reg_default path_group
[par] [Exec ...11/bin/innovus -nowin -common_...] Level.DEBUG: Deleted 0 physical inst  (cell - / prefix -).
[par] [Exec ...11/bin/innovus -nowin -common_...] Level.DEBUG: Did not delete 5452 physical insts as they were marked preplaced.
[par] [Exec ...11/bin/innovus -nowin -common_...] Level.DEBUG: INFO: #ExclusiveGroups=0
[par] [Exec ...11/bin/innovus -nowin -common_...] Level.DEBUG: INFO: There are no Exclusive Groups.
[par] [Exec ...11/bin/innovus -nowin -common_...] Level.DEBUG: Extracting standard cell pins and blockage ......
[par] [Exec ...11/bin/innovus -nowin -common_...] Level.DEBUG: Pin and blockage extraction finished
[par] [Exec ...11/bin/innovus -nowin -common_...] Level.DEBUG: Extracting macro/IO cell pins and blockage ......
[par] [Exec ...11/bin/innovus -nowin -common_...] Level.DEBUG: Pin and blockage extraction finished
[par] [Exec ...11/bin/innovus -nowin -common_...] Level.DEBUG: No user-set net weight.
[par] [Exec ...11/bin/innovus -nowin -common_...] Level.DEBUG: Net fanout histogram:
[par] [Exec ...11/bin/innovus -nowin -common_...] Level.DEBUG: 2		: 48 (62.3%) nets
[par] [Exec ...11/bin/innovus -nowin -common_...] Level.DEBUG: 3		: 16 (20.8%) nets
[par] [Exec ...11/bin/innovus -nowin -common_...] Level.DEBUG: 4     -	14	: 11 (14.3%) nets
[par] [Exec ...11/bin/innovus -nowin -common_...] Level.DEBUG: 15    -	39	: 2 (2.6%) nets
[par] [Exec ...11/bin/innovus -nowin -common_...] Level.DEBUG: 40    -	79	: 0 (0.0%) nets
[par] [Exec ...11/bin/innovus -nowin -common_...] Level.DEBUG: 80    -	159	: 0 (0.0%) nets
[par] [Exec ...11/bin/innovus -nowin -common_...] Level.DEBUG: 160   -	319	: 0 (0.0%) nets
[par] [Exec ...11/bin/innovus -nowin -common_...] Level.DEBUG: 320   -	639	: 0 (0.0%) nets
[par] [Exec ...11/bin/innovus -nowin -common_...] Level.DEBUG: 640   -	1279	: 0 (0.0%) nets
[par] [Exec ...11/bin/innovus -nowin -common_...] Level.DEBUG: 1280  -	2559	: 0 (0.0%) nets
[par] [Exec ...11/bin/innovus -nowin -common_...] Level.DEBUG: 2560  -	5119	: 0 (0.0%) nets
[par] [Exec ...11/bin/innovus -nowin -common_...] Level.DEBUG: 5120+		: 0 (0.0%) nets
[par] [Exec ...11/bin/innovus -nowin -common_...] Level.DEBUG: Options: timingDriven clkGateAware ignoreScan pinGuide congEffort=high gpeffort=medium
[par] [Exec ...11/bin/innovus -nowin -common_...] Level.DEBUG: Scan chains were not defined.
[par] [Exec ...11/bin/innovus -nowin -common_...] Level.DEBUG: #std cell=5512 (5452 fixed + 60 movable) #buf cell=0 #inv cell=2 #block=0 (0 floating + 0 preplaced)
[par] [Exec ...11/bin/innovus -nowin -common_...] Level.DEBUG: #ioInst=0 #net=77 #term=230 #term/net=2.99, #fixedIo=0, #floatIo=0, #fixedPin=18, #floatPin=0
[par] [Exec ...11/bin/innovus -nowin -common_...] Level.DEBUG: stdCell: 5512 single + 0 double + 0 multi
[par] [Exec ...11/bin/innovus -nowin -common_...] Level.DEBUG: Total standard cell length = 6.4719 (mm), area = 0.0254 (mm^2)
[par] [Exec ...11/bin/innovus -nowin -common_...] Level.DEBUG: Average module density = 0.003.
[par] [Exec ...11/bin/innovus -nowin -common_...] Level.DEBUG: Density for the design = 0.003.
[par] [Exec ...11/bin/innovus -nowin -common_...] Level.DEBUG:        = stdcell_area 653 sites (1433 um^2) / alloc_area 237444 sites (521237 um^2).
[par] [Exec ...11/bin/innovus -nowin -common_...] Level.DEBUG: Pin Density = 0.0009261.
[par] [Exec ...11/bin/innovus -nowin -common_...] Level.DEBUG:             = total # of pins 230 / total area 248348.
[par] [Exec ...11/bin/innovus -nowin -common_...] Level.DEBUG: 
[par] [Exec ...11/bin/innovus -nowin -common_...] Level.DEBUG: Enabling multi-CPU acceleration with 4 CPU(s) for placement
[par] [Exec ...11/bin/innovus -nowin -common_...] Level.DEBUG: === lastAutoLevel = 9
[par] [Exec ...11/bin/innovus -nowin -common_...] Level.DEBUG: Clock gating cells determined by native netlist tracing.
[par] [Exec ...11/bin/innovus -nowin -common_...] Level.DEBUG: Iteration  1: Total net bbox = 9.532e+03 (4.60e+03 4.93e+03)
[par] [Exec ...11/bin/innovus -nowin -common_...] Level.DEBUG:               Est.  stn bbox = 1.008e+04 (4.99e+03 5.08e+03)
[par] [Exec ...11/bin/innovus -nowin -common_...] Level.DEBUG:               cpu = 0:00:00.1 real = 0:00:00.0 mem = 2116.6M
[par] [Exec ...11/bin/innovus -nowin -common_...] Level.DEBUG: Iteration  2: Total net bbox = 9.532e+03 (4.60e+03 4.93e+03)
[par] [Exec ...11/bin/innovus -nowin -common_...] Level.DEBUG:               Est.  stn bbox = 1.008e+04 (4.99e+03 5.08e+03)
[par] [Exec ...11/bin/innovus -nowin -common_...] Level.DEBUG:               cpu = 0:00:00.0 real = 0:00:00.0 mem = 2116.6M
[par] [Exec ...11/bin/innovus -nowin -common_...] Level.DEBUG: *** Finished SKP initialization (cpu=0:00:02.9, real=0:00:04.0)***
[par] [Exec ...11/bin/innovus -nowin -common_...] Level.DEBUG: Iteration  3: Total net bbox = 9.616e+03 (4.76e+03 4.86e+03)
[par] [Exec ...11/bin/innovus -nowin -common_...] Level.DEBUG:               Est.  stn bbox = 1.051e+04 (5.39e+03 5.12e+03)
[par] [Exec ...11/bin/innovus -nowin -common_...] Level.DEBUG:               cpu = 0:00:03.1 real = 0:00:04.0 mem = 2591.8M
[par] [Exec ...11/bin/innovus -nowin -common_...] Level.DEBUG: Iteration  4: Total net bbox = 9.327e+03 (4.59e+03 4.74e+03)
[par] [Exec ...11/bin/innovus -nowin -common_...] Level.DEBUG:               Est.  stn bbox = 1.011e+04 (5.17e+03 4.94e+03)
[par] [Exec ...11/bin/innovus -nowin -common_...] Level.DEBUG:               cpu = 0:00:00.1 real = 0:00:00.0 mem = 2623.8M
[par] [Exec ...11/bin/innovus -nowin -common_...] Level.DEBUG: Iteration  5: Total net bbox = 9.327e+03 (4.59e+03 4.74e+03)
[par] [Exec ...11/bin/innovus -nowin -common_...] Level.DEBUG:               Est.  stn bbox = 1.011e+04 (5.17e+03 4.94e+03)
[par] [Exec ...11/bin/innovus -nowin -common_...] Level.DEBUG:               cpu = 0:00:00.0 real = 0:00:00.0 mem = 2623.8M
[par] [Exec ...11/bin/innovus -nowin -common_...] Level.DEBUG: Iteration  6: Total net bbox = 8.955e+03 (4.38e+03 4.57e+03)
[par] [Exec ...11/bin/innovus -nowin -common_...] Level.DEBUG:               Est.  stn bbox = 9.402e+03 (4.73e+03 4.67e+03)
[par] [Exec ...11/bin/innovus -nowin -common_...] Level.DEBUG:               cpu = 0:00:00.1 real = 0:00:00.0 mem = 2650.8M
[par] [Exec ...11/bin/innovus -nowin -common_...] Level.DEBUG: 
[par] [Exec ...11/bin/innovus -nowin -common_...] Level.DEBUG: Iteration  7: Total net bbox = 8.923e+03 (4.32e+03 4.60e+03)
[par] [Exec ...11/bin/innovus -nowin -common_...] Level.DEBUG:               Est.  stn bbox = 9.363e+03 (4.66e+03 4.70e+03)
[par] [Exec ...11/bin/innovus -nowin -common_...] Level.DEBUG:               cpu = 0:00:00.0 real = 0:00:00.0 mem = 2554.8M
[par] [Exec ...11/bin/innovus -nowin -common_...] Level.DEBUG: Iteration  8: Total net bbox = 8.923e+03 (4.32e+03 4.60e+03)
[par] [Exec ...11/bin/innovus -nowin -common_...] Level.DEBUG:               Est.  stn bbox = 9.363e+03 (4.66e+03 4.70e+03)
[par] [Exec ...11/bin/innovus -nowin -common_...] Level.DEBUG:               cpu = 0:00:00.0 real = 0:00:00.0 mem = 2554.8M
[par] [Exec ...11/bin/innovus -nowin -common_...] Level.DEBUG: Iteration  9: Total net bbox = 8.927e+03 (4.32e+03 4.61e+03)
[par] [Exec ...11/bin/innovus -nowin -common_...] Level.DEBUG:               Est.  stn bbox = 9.361e+03 (4.66e+03 4.71e+03)
[par] [Exec ...11/bin/innovus -nowin -common_...] Level.DEBUG:               cpu = 0:00:00.4 real = 0:00:00.0 mem = 2556.2M
[par] [Exec ...11/bin/innovus -nowin -common_...] Level.DEBUG: Iteration 10: Total net bbox = 8.927e+03 (4.32e+03 4.61e+03)
[par] [Exec ...11/bin/innovus -nowin -common_...] Level.DEBUG:               Est.  stn bbox = 9.361e+03 (4.66e+03 4.71e+03)
[par] [Exec ...11/bin/innovus -nowin -common_...] Level.DEBUG:               cpu = 0:00:00.0 real = 0:00:00.0 mem = 2556.2M
[par] [Exec ...11/bin/innovus -nowin -common_...] Level.DEBUG: Iteration 11: Total net bbox = 8.993e+03 (4.38e+03 4.61e+03)
[par] [Exec ...11/bin/innovus -nowin -common_...] Level.DEBUG:               Est.  stn bbox = 9.417e+03 (4.71e+03 4.71e+03)
[par] [Exec ...11/bin/innovus -nowin -common_...] Level.DEBUG:               cpu = 0:00:00.3 real = 0:00:01.0 mem = 2552.2M
[par] [Exec ...11/bin/innovus -nowin -common_...] Level.DEBUG: Iteration 12: Total net bbox = 8.993e+03 (4.38e+03 4.61e+03)
[par] [Exec ...11/bin/innovus -nowin -common_...] Level.DEBUG:               Est.  stn bbox = 9.417e+03 (4.71e+03 4.71e+03)
[par] [Exec ...11/bin/innovus -nowin -common_...] Level.DEBUG:               cpu = 0:00:00.0 real = 0:00:00.0 mem = 2552.2M
[par] [Exec ...11/bin/innovus -nowin -common_...] Level.DEBUG: Iteration 13: Total net bbox = 9.061e+03 (4.42e+03 4.64e+03)
[par] [Exec ...11/bin/innovus -nowin -common_...] Level.DEBUG:               Est.  stn bbox = 9.489e+03 (4.75e+03 4.74e+03)
[par] [Exec ...11/bin/innovus -nowin -common_...] Level.DEBUG:               cpu = 0:00:00.4 real = 0:00:00.0 mem = 2552.2M
[par] [Exec ...11/bin/innovus -nowin -common_...] Level.DEBUG: Iteration 14: Total net bbox = 9.061e+03 (4.42e+03 4.64e+03)
[par] [Exec ...11/bin/innovus -nowin -common_...] Level.DEBUG:               Est.  stn bbox = 9.489e+03 (4.75e+03 4.74e+03)
[par] [Exec ...11/bin/innovus -nowin -common_...] Level.DEBUG:               cpu = 0:00:00.0 real = 0:00:00.0 mem = 2552.2M
[par] [Exec ...11/bin/innovus -nowin -common_...] Level.DEBUG: Iteration 15: Total net bbox = 9.237e+03 (4.51e+03 4.73e+03)
[par] [Exec ...11/bin/innovus -nowin -common_...] Level.DEBUG:               Est.  stn bbox = 9.688e+03 (4.85e+03 4.84e+03)
[par] [Exec ...11/bin/innovus -nowin -common_...] Level.DEBUG:               cpu = 0:00:00.8 real = 0:00:01.0 mem = 2552.2M
[par] [Exec ...11/bin/innovus -nowin -common_...] Level.DEBUG: Iteration 16: Total net bbox = 9.237e+03 (4.51e+03 4.73e+03)
[par] [Exec ...11/bin/innovus -nowin -common_...] Level.DEBUG:               Est.  stn bbox = 9.688e+03 (4.85e+03 4.84e+03)
[par] [Exec ...11/bin/innovus -nowin -common_...] Level.DEBUG:               cpu = 0:00:00.0 real = 0:00:00.0 mem = 2552.2M
[par] [Exec ...11/bin/innovus -nowin -common_...] Level.DEBUG: Finished Global Placement (cpu=0:00:05.3, real=0:00:07.0, mem=2552.2M)
[par] [Exec ...11/bin/innovus -nowin -common_...] Level.DEBUG: Keep Tdgp Graph and DB for later use
[par] [Exec ...11/bin/innovus -nowin -common_...] Level.DEBUG: Info: 0 clock gating cells identified, 0 (on average) moved 0/8
[par] [Exec ...11/bin/innovus -nowin -common_...] Level.DEBUG: **WARN: (IMPSP-9025):	No scan chain specified/traced.
[par] [Exec ...11/bin/innovus -nowin -common_...] Level.DEBUG: Type 'man IMPSP-9025' for more detail.
[par] [Exec ...11/bin/innovus -nowin -common_...] Level.DEBUG: *** Starting place_detail (0:01:50 mem=2680.2M) ***
[par] [Exec ...11/bin/innovus -nowin -common_...] Level.DEBUG: Total net bbox length = 9.237e+03 (4.509e+03 4.728e+03) (ext = 7.907e+03)
[par] [Exec ...11/bin/innovus -nowin -common_...] Level.DEBUG: Move report: Detail placement moves 60 insts, mean move: 1.57 um, max move: 12.83 um
[par] [Exec ...11/bin/innovus -nowin -common_...] Level.DEBUG: 	Max move on inst (g820__4319): (410.57, 395.50) --> (402.08, 399.84)
[par] [Exec ...11/bin/innovus -nowin -common_...] Level.DEBUG: 	Runtime: CPU: 0:00:00.0 REAL: 0:00:00.0 MEM: 2648.2MB
[par] [Exec ...11/bin/innovus -nowin -common_...] Level.DEBUG: Summary Report:
[par] [Exec ...11/bin/innovus -nowin -common_...] Level.DEBUG: Instances move: 60 (out of 60 movable)
[par] [Exec ...11/bin/innovus -nowin -common_...] Level.DEBUG: Instances flipped: 0
[par] [Exec ...11/bin/innovus -nowin -common_...] Level.DEBUG: Mean displacement: 1.57 um
[par] [Exec ...11/bin/innovus -nowin -common_...] Level.DEBUG: Max displacement: 12.83 um (Instance: g820__4319) (410.569, 395.5) -> (402.08, 399.84)
[par] [Exec ...11/bin/innovus -nowin -common_...] Level.DEBUG: 	Length: 5 sites, height: 1 rows, site name: core7T, cell type: CKAN2D1BWP7T
[par] [Exec ...11/bin/innovus -nowin -common_...] Level.DEBUG: Total net bbox length = 9.108e+03 (4.400e+03 4.708e+03) (ext = 7.882e+03)
[par] [Exec ...11/bin/innovus -nowin -common_...] Level.DEBUG: Runtime: CPU: 0:00:00.1 REAL: 0:00:00.0 MEM: 2648.2MB
[par] [Exec ...11/bin/innovus -nowin -common_...] Level.DEBUG: *** Finished place_detail (0:01:50 mem=2648.2M) ***
[par] [Exec ...11/bin/innovus -nowin -common_...] Level.DEBUG: *** Finished Initial Placement (cpu=0:00:05.6, real=0:00:07.0, mem=2641.2M) ***
[par] [Exec ...11/bin/innovus -nowin -common_...] Level.DEBUG: powerDomain AO : bins with density > 0.750 =  0.00 % ( 0 / 361 )
[par] [Exec ...11/bin/innovus -nowin -common_...] Level.DEBUG: UM:   flow.cputime  flow.realtime  timing.setup.tns  timing.setup.wns  snapshot
[par] [Exec ...11/bin/innovus -nowin -common_...] Level.DEBUG: UM:*                                                                   final
[par] [Exec ...11/bin/innovus -nowin -common_...] Level.DEBUG:       flow.cputime  flow.realtime  timing.setup.tns  timing.setup.wns  snapshot
[par] [Exec ...11/bin/innovus -nowin -common_...] Level.DEBUG: UM:*                                                                   global_place
[par] [Exec ...11/bin/innovus -nowin -common_...] Level.DEBUG: Effort level <high> specified for tdgp_reg2reg_default path_group
[par] [Exec ...11/bin/innovus -nowin -common_...] Level.DEBUG: 
[par] [Exec ...11/bin/innovus -nowin -common_...] Level.DEBUG: *** Start incrementalPlace ***
[par] [Exec ...11/bin/innovus -nowin -common_...] Level.DEBUG: No Views given, use default active views for adaptive view pruning
[par] [Exec ...11/bin/innovus -nowin -common_...] Level.DEBUG: SKP will enable view:
[par] [Exec ...11/bin/innovus -nowin -common_...] Level.DEBUG:   WCCOM.setup_view
[par] [Exec ...11/bin/innovus -nowin -common_...] Level.DEBUG: [NR-eGR] Num Prerouted Nets = 0  Num Prerouted Wires = 0
[par] [Exec ...11/bin/innovus -nowin -common_...] Level.DEBUG: [NR-eGR] Read 77 nets ( ignored 0 )
[par] [Exec ...11/bin/innovus -nowin -common_...] Level.DEBUG: [NR-eGR] There are 1 clock nets ( 0 with NDR ).
[par] [Exec ...11/bin/innovus -nowin -common_...] Level.DEBUG: [NR-eGR] Layer group 1: route 1 net(s) in layer range [2, 6]
[par] [Exec ...11/bin/innovus -nowin -common_...] Level.DEBUG: [NR-eGR] Early Global Route overflow of layer group 1: 0.00% H + 0.00% V. EstWL: 6.115200e+02um
[par] [Exec ...11/bin/innovus -nowin -common_...] Level.DEBUG: [NR-eGR] Layer group 2: route 76 net(s) in layer range [2, 6]
[par] [Exec ...11/bin/innovus -nowin -common_...] Level.DEBUG: [NR-eGR] Early Global Route overflow of layer group 2: 0.00% H + 0.00% V. EstWL: 9.278640e+03um
[par] [Exec ...11/bin/innovus -nowin -common_...] Level.DEBUG: [NR-eGR] Overflow after Early Global Route 0.00% H + 0.00% V
[par] [Exec ...11/bin/innovus -nowin -common_...] Level.DEBUG: Early Global Route congestion estimation runtime: 0.13 seconds, mem = 2676.6M
[par] [Exec ...11/bin/innovus -nowin -common_...] Level.DEBUG: Local HotSpot Analysis: normalized max congestion hotspot area = 0.00, normalized total congestion hotspot area = 0.00 (area is in unit of 4 std-cell row bins)
[par] [Exec ...11/bin/innovus -nowin -common_...] Level.DEBUG: Skipped repairing congestion.
[par] [Exec ...11/bin/innovus -nowin -common_...] Level.DEBUG: [NR-eGR]                 Length (um)  Vias
[par] [Exec ...11/bin/innovus -nowin -common_...] Level.DEBUG: [NR-eGR] ----------------------------------
[par] [Exec ...11/bin/innovus -nowin -common_...] Level.DEBUG: [NR-eGR]  METAL1  (1H)             0   212
[par] [Exec ...11/bin/innovus -nowin -common_...] Level.DEBUG: [NR-eGR]  METAL2  (2V)          2229   259
[par] [Exec ...11/bin/innovus -nowin -common_...] Level.DEBUG: [NR-eGR]  METAL3  (3H)          4039    25
[par] [Exec ...11/bin/innovus -nowin -common_...] Level.DEBUG: [NR-eGR]  METAL4  (4V)          2702    24
[par] [Exec ...11/bin/innovus -nowin -common_...] Level.DEBUG: [NR-eGR]  METAL5  (5H)           432    18
[par] [Exec ...11/bin/innovus -nowin -common_...] Level.DEBUG: [NR-eGR]  METAL6  (6V)            49     0
[par] [Exec ...11/bin/innovus -nowin -common_...] Level.DEBUG: [NR-eGR] ----------------------------------
[par] [Exec ...11/bin/innovus -nowin -common_...] Level.DEBUG: [NR-eGR]          Total         9451   538
[par] [Exec ...11/bin/innovus -nowin -common_...] Level.DEBUG: [NR-eGR] --------------------------------------------------------------------------
[par] [Exec ...11/bin/innovus -nowin -common_...] Level.DEBUG: [NR-eGR] Total half perimeter of net bounding box: 9108um
[par] [Exec ...11/bin/innovus -nowin -common_...] Level.DEBUG: [NR-eGR] Total length: 9451um, number of vias: 538
[par] [Exec ...11/bin/innovus -nowin -common_...] Level.DEBUG: [NR-eGR] --------------------------------------------------------------------------
[par] [Exec ...11/bin/innovus -nowin -common_...] Level.DEBUG: [NR-eGR] Total eGR-routed clock nets wire length: 631um, number of vias: 38
[par] [Exec ...11/bin/innovus -nowin -common_...] Level.DEBUG: [NR-eGR] --------------------------------------------------------------------------
[par] [Exec ...11/bin/innovus -nowin -common_...] Level.DEBUG: Early Global Route wiring runtime: 0.01 seconds, mem = 2674.6M
[par] [Exec ...11/bin/innovus -nowin -common_...] Level.DEBUG: 0 delay mode for cte disabled.
[par] [Exec ...11/bin/innovus -nowin -common_...] Level.DEBUG: 
[par] [Exec ...11/bin/innovus -nowin -common_...] Level.DEBUG: *** Finished incrementalPlace (cpu=0:00:00.2, real=0:00:00.0)***
[par] [Exec ...11/bin/innovus -nowin -common_...] Level.DEBUG: ***** Total cpu  0:0:6
[par] [Exec ...11/bin/innovus -nowin -common_...] Level.DEBUG: ***** Total real time  0:0:9
[par] [Exec ...11/bin/innovus -nowin -common_...] Level.DEBUG: Tdgp not successfully inited but do clear! skip clearing
[par] [Exec ...11/bin/innovus -nowin -common_...] Level.DEBUG: **place_design ... cpu = 0: 0: 6, real = 0: 0: 9, mem = 2542.6M **
[par] [Exec ...11/bin/innovus -nowin -common_...] Level.DEBUG:       flow.cputime  flow.realtime  timing.setup.tns  timing.setup.wns  snapshot
[par] [Exec ...11/bin/innovus -nowin -common_...] Level.DEBUG: UM:*                                                                   final
[par] [Exec ...11/bin/innovus -nowin -common_...] Level.DEBUG: UM: Running design category ...
[par] [Exec ...11/bin/innovus -nowin -common_...] Level.DEBUG: 
[par] [Exec ...11/bin/innovus -nowin -common_...] Level.DEBUG: ------------------------------------------------------------
[par] [Exec ...11/bin/innovus -nowin -common_...] Level.DEBUG: 	Current design flip-flop statistics
[par] [Exec ...11/bin/innovus -nowin -common_...] Level.DEBUG: 
[par] [Exec ...11/bin/innovus -nowin -common_...] Level.DEBUG: Single-Bit FF Count          :           16
[par] [Exec ...11/bin/innovus -nowin -common_...] Level.DEBUG: Multi-Bit FF Count           :            0
[par] [Exec ...11/bin/innovus -nowin -common_...] Level.DEBUG: Total Bit Count              :           16
[par] [Exec ...11/bin/innovus -nowin -common_...] Level.DEBUG: Total FF Count               :           16
[par] [Exec ...11/bin/innovus -nowin -common_...] Level.DEBUG: Bits Per Flop                :        1.000
[par] [Exec ...11/bin/innovus -nowin -common_...] Level.DEBUG: Total Clock Pin Cap(FF)      :       47.024
[par] [Exec ...11/bin/innovus -nowin -common_...] Level.DEBUG: Multibit Conversion Ratio(%) :         0.00
[par] [Exec ...11/bin/innovus -nowin -common_...] Level.DEBUG: ------------------------------------------------------------
[par] [Exec ...11/bin/innovus -nowin -common_...] Level.DEBUG: ------------------------------------------------------------
[par] [Exec ...11/bin/innovus -nowin -common_...] Level.DEBUG:             Multi-bit cell usage statistics
[par] [Exec ...11/bin/innovus -nowin -common_...] Level.DEBUG: 
[par] [Exec ...11/bin/innovus -nowin -common_...] Level.DEBUG: ------------------------------------------------------------
[par] [Exec ...11/bin/innovus -nowin -common_...] Level.DEBUG: ============================================================
[par] [Exec ...11/bin/innovus -nowin -common_...] Level.DEBUG: Sequential Multibit cells usage statistics
[par] [Exec ...11/bin/innovus -nowin -common_...] Level.DEBUG: ------------------------------------------------------------
[par] [Exec ...11/bin/innovus -nowin -common_...] Level.DEBUG:             Not Merged-bits         Merged-bits     Multibit Conversion %     Bits Per Flop
[par] [Exec ...11/bin/innovus -nowin -common_...] Level.DEBUG: ------------------------------------------------------------
[par] [Exec ...11/bin/innovus -nowin -common_...] Level.DEBUG: -FlipFlops               16                    0        0.00                    1.00
[par] [Exec ...11/bin/innovus -nowin -common_...] Level.DEBUG: ------------------------------------------------------------
[par] [Exec ...11/bin/innovus -nowin -common_...] Level.DEBUG: 
[par] [Exec ...11/bin/innovus -nowin -common_...] Level.DEBUG: ------------------------------------------------------------
[par] [Exec ...11/bin/innovus -nowin -common_...] Level.DEBUG: Seq_Mbit libcell              Bitwidth        Count
[par] [Exec ...11/bin/innovus -nowin -common_...] Level.DEBUG: ------------------------------------------------------------
[par] [Exec ...11/bin/innovus -nowin -common_...] Level.DEBUG: Total 0
[par] [Exec ...11/bin/innovus -nowin -common_...] Level.DEBUG: ============================================================
[par] [Exec ...11/bin/innovus -nowin -common_...] Level.DEBUG: ------------------------------------------------------------
[par] [Exec ...11/bin/innovus -nowin -common_...] Level.DEBUG: Category            Num of Insts Rejected     Reasons
[par] [Exec ...11/bin/innovus -nowin -common_...] Level.DEBUG: ------------------------------------------------------------
[par] [Exec ...11/bin/innovus -nowin -common_...] Level.DEBUG: ------------------------------------------------------------
[par] [Exec ...11/bin/innovus -nowin -common_...] Level.DEBUG:       flow.cputime  flow.realtime  timing.setup.tns  timing.setup.wns  snapshot
[par] [Exec ...11/bin/innovus -nowin -common_...] Level.DEBUG: UM:         111.04            115                                      place_design
[par] [Exec ...11/bin/innovus -nowin -common_...] Level.DEBUG: *** GlobalPlace #1 [finish] (place_opt_design #1) : cpu/real = 0:00:06.8/0:00:09.6 (0.7), totSession cpu/real = 0:01:51.1/0:01:53.4 (1.0), mem = 2542.6M
[par] [Exec ...11/bin/innovus -nowin -common_...] Level.DEBUG: Enable CTE adjustment.
[par] [Exec ...11/bin/innovus -nowin -common_...] Level.DEBUG: **opt_design ... cpu = 0:00:00, real = 0:00:00, mem = 1731.2M, totSessionCpu=0:01:51 **
[par] [Exec ...11/bin/innovus -nowin -common_...] Level.DEBUG: GigaOpt running with 4 threads.
[par] [Exec ...11/bin/innovus -nowin -common_...] Level.DEBUG: *** InitOpt #1 [begin] (place_opt_design #1) : totSession cpu/real = 0:01:51.1/0:01:53.5 (1.0), mem = 2542.6M
[par] [Exec ...11/bin/innovus -nowin -common_...] Level.DEBUG: **INFO: set_db design_flow_effort extreme -> setting 'set_db -effort high' for the duration of this command.
[par] [Exec ...11/bin/innovus -nowin -common_...] Level.DEBUG: **INFO: set_db design_flow_effort extreme -> setting 'set_db opt_all_end_points true' for the duration of this command.
[par] [Exec ...11/bin/innovus -nowin -common_...] Level.DEBUG: [GPS-MSV] CPF Flow. Number of Power Domains: 1
[par] [Exec ...11/bin/innovus -nowin -common_...] Level.DEBUG: [GPS-MSV]   Power Domain 'AO' (tag=1) Default
[par] [Exec ...11/bin/innovus -nowin -common_...] Level.DEBUG: Initializing multi-corner capacitance tables ...
[par] [Exec ...11/bin/innovus -nowin -common_...] Level.DEBUG: Initializing multi-corner resistance tables ...
[par] [Exec ...11/bin/innovus -nowin -common_...] Level.DEBUG: AAE DB initialization (MEM=2550.65 CPU=0:00:00.0 REAL=0:00:00.0)
[par] [Exec ...11/bin/innovus -nowin -common_...] Level.DEBUG: Setting timing_disable_library_data_to_data_checks to 'true'.
[par] [Exec ...11/bin/innovus -nowin -common_...] Level.DEBUG: Setting timing_disable_user_data_to_data_checks to 'true'.
[par] [Exec ...11/bin/innovus -nowin -common_...] Level.DEBUG: **WARN: (TCLCMD-513):	The software could not find a matching object of the specified type for the pattern 'TAPCELLBWP7T'
[par] [Exec ...11/bin/innovus -nowin -common_...] Level.DEBUG: **WARN: (TCLCMD-513):	The software could not find a matching object of the specified type for the pattern 'FILL8BWP7T'
[par] [Exec ...11/bin/innovus -nowin -common_...] Level.DEBUG: **WARN: (TCLCMD-513):	The software could not find a matching object of the specified type for the pattern 'FILL64BWP7T'
[par] [Exec ...11/bin/innovus -nowin -common_...] Level.DEBUG: **WARN: (TCLCMD-513):	The software could not find a matching object of the specified type for the pattern 'FILL4BWP7T'
[par] [Exec ...11/bin/innovus -nowin -common_...] Level.DEBUG: **WARN: (TCLCMD-513):	The software could not find a matching object of the specified type for the pattern 'FILL32BWP7T'
[par] [Exec ...11/bin/innovus -nowin -common_...] Level.DEBUG: **WARN: (TCLCMD-513):	The software could not find a matching object of the specified type for the pattern 'FILL2BWP7T'
[par] [Exec ...11/bin/innovus -nowin -common_...] Level.DEBUG: **WARN: (TCLCMD-513):	The software could not find a matching object of the specified type for the pattern 'FILL1BWP7T'
[par] [Exec ...11/bin/innovus -nowin -common_...] Level.DEBUG: **WARN: (TCLCMD-513):	The software could not find a matching object of the specified type for the pattern 'FILL16BWP7T'
[par] [Exec ...11/bin/innovus -nowin -common_...] Level.DEBUG: **ERROR: (IMPOPT-801):	Genus executable not found in PATH. Install Genus, add the path to the genus executable in the PATH variable and rerun Innovus.
[par] [Exec ...11/bin/innovus -nowin -common_...] Level.DEBUG: **ERROR: (IMPOPT-800):	Turning off Critical Region Resynthesis, which may impact final QOR. Reason: genus not available.
[par] [Exec ...11/bin/innovus -nowin -common_...] Level.DEBUG: Type 'man IMPOPT-800' for more detail.
[par] [Exec ...11/bin/innovus -nowin -common_...] Level.DEBUG: **opt_design ... cpu = 0:00:04, real = 0:00:04, mem = 1742.3M, totSessionCpu=0:01:55 **
[par] [Exec ...11/bin/innovus -nowin -common_...] Level.DEBUG: setExtractRCMode -engine preRoute
[par] [Exec ...11/bin/innovus -nowin -common_...] Level.DEBUG: *** opt_design -pre_cts ***
[par] [Exec ...11/bin/innovus -nowin -common_...] Level.DEBUG: DRC Margin: user margin 0.0; extra margin 0.2
[par] [Exec ...11/bin/innovus -nowin -common_...] Level.DEBUG: Setup Target Slack: user slack 0.1; extra slack 0.0
[par] [Exec ...11/bin/innovus -nowin -common_...] Level.DEBUG: Hold Target Slack: user slack 0.1
[par] [Exec ...11/bin/innovus -nowin -common_...] Level.DEBUG: **WARN: (IMPOPT-3195):	Analysis mode has changed.
[par] [Exec ...11/bin/innovus -nowin -common_...] Level.DEBUG: Type 'man IMPOPT-3195' for more detail.
[par] [Exec ...11/bin/innovus -nowin -common_...] Level.DEBUG: Multi-VT timing optimization disabled based on library information.
[par] [Exec ...11/bin/innovus -nowin -common_...] Level.DEBUG: [NR-eGR] Started Early Global Route kernel ( Curr Mem: 2550.65 MB )
[par] [Exec ...11/bin/innovus -nowin -common_...] Level.DEBUG: [NR-eGR] Num Prerouted Nets = 0  Num Prerouted Wires = 0
[par] [Exec ...11/bin/innovus -nowin -common_...] Level.DEBUG: [NR-eGR] Read 77 nets ( ignored 0 )
[par] [Exec ...11/bin/innovus -nowin -common_...] Level.DEBUG: [NR-eGR] There are 1 clock nets ( 0 with NDR ).
[par] [Exec ...11/bin/innovus -nowin -common_...] Level.DEBUG: [NR-eGR] Layer group 1: route 1 net(s) in layer range [2, 6]
[par] [Exec ...11/bin/innovus -nowin -common_...] Level.DEBUG: [NR-eGR] Early Global Route overflow of layer group 1: 0.00% H + 0.00% V. EstWL: 6.036800e+02um
[par] [Exec ...11/bin/innovus -nowin -common_...] Level.DEBUG: [NR-eGR] Layer group 2: route 76 net(s) in layer range [2, 6]
[par] [Exec ...11/bin/innovus -nowin -common_...] Level.DEBUG: [NR-eGR] Early Global Route overflow of layer group 2: 0.00% H + 0.00% V. EstWL: 9.270800e+03um
[par] [Exec ...11/bin/innovus -nowin -common_...] Level.DEBUG: [NR-eGR] Overflow after Early Global Route 0.01% H + 0.00% V
[par] [Exec ...11/bin/innovus -nowin -common_...] Level.DEBUG: [NR-eGR]                 Length (um)  Vias
[par] [Exec ...11/bin/innovus -nowin -common_...] Level.DEBUG: [NR-eGR] ----------------------------------
[par] [Exec ...11/bin/innovus -nowin -common_...] Level.DEBUG: [NR-eGR]  METAL1  (1H)             0   212
[par] [Exec ...11/bin/innovus -nowin -common_...] Level.DEBUG: [NR-eGR]  METAL2  (2V)          2205   255
[par] [Exec ...11/bin/innovus -nowin -common_...] Level.DEBUG: [NR-eGR]  METAL3  (3H)          4027    27
[par] [Exec ...11/bin/innovus -nowin -common_...] Level.DEBUG: [NR-eGR]  METAL4  (4V)          2722    26
[par] [Exec ...11/bin/innovus -nowin -common_...] Level.DEBUG: [NR-eGR]  METAL5  (5H)           439    18
[par] [Exec ...11/bin/innovus -nowin -common_...] Level.DEBUG: [NR-eGR]  METAL6  (6V)            49     0
[par] [Exec ...11/bin/innovus -nowin -common_...] Level.DEBUG: [NR-eGR] ----------------------------------
[par] [Exec ...11/bin/innovus -nowin -common_...] Level.DEBUG: [NR-eGR]          Total         9441   538
[par] [Exec ...11/bin/innovus -nowin -common_...] Level.DEBUG: [NR-eGR] --------------------------------------------------------------------------
[par] [Exec ...11/bin/innovus -nowin -common_...] Level.DEBUG: [NR-eGR] Total half perimeter of net bounding box: 9108um
[par] [Exec ...11/bin/innovus -nowin -common_...] Level.DEBUG: [NR-eGR] Total length: 9441um, number of vias: 538
[par] [Exec ...11/bin/innovus -nowin -common_...] Level.DEBUG: [NR-eGR] --------------------------------------------------------------------------
[par] [Exec ...11/bin/innovus -nowin -common_...] Level.DEBUG: [NR-eGR] Total eGR-routed clock nets wire length: 623um, number of vias: 37
[par] [Exec ...11/bin/innovus -nowin -common_...] Level.DEBUG: [NR-eGR] --------------------------------------------------------------------------
[par] [Exec ...11/bin/innovus -nowin -common_...] Level.DEBUG: [NR-eGR] Finished Early Global Route kernel ( CPU: 0.12 sec, Real: 0.13 sec, Curr Mem: 2550.65 MB )
[par] [Exec ...11/bin/innovus -nowin -common_...] Level.DEBUG: Extraction called for design 'top' of instances=5512 and nets=79 using extraction engine 'pre_route' .
[par] [Exec ...11/bin/innovus -nowin -common_...] Level.DEBUG: pre_route RC Extraction called for design top.
[par] [Exec ...11/bin/innovus -nowin -common_...] Level.DEBUG: RC Extraction called in multi-corner(3) mode.
[par] [Exec ...11/bin/innovus -nowin -common_...] Level.DEBUG: RCMode: PreRoute
[par] [Exec ...11/bin/innovus -nowin -common_...] Level.DEBUG:       RC Corner Indexes            0       1       2
[par] [Exec ...11/bin/innovus -nowin -common_...] Level.DEBUG: Capacitance Scaling Factor   : 1.00000 1.00000 1.00000
[par] [Exec ...11/bin/innovus -nowin -common_...] Level.DEBUG: Resistance Scaling Factor    : 1.00000 1.00000 1.00000
[par] [Exec ...11/bin/innovus -nowin -common_...] Level.DEBUG: Clock Cap. Scaling Factor    : 1.00000 1.00000 1.00000
[par] [Exec ...11/bin/innovus -nowin -common_...] Level.DEBUG: Clock Res. Scaling Factor    : 1.00000 1.00000 1.00000
[par] [Exec ...11/bin/innovus -nowin -common_...] Level.DEBUG: Shrink Factor                : 1.00000
[par] [Exec ...11/bin/innovus -nowin -common_...] Level.DEBUG: PreRoute extraction is honoring NDR/Shielding/ExtraSpace for clock nets.
[par] [Exec ...11/bin/innovus -nowin -common_...] Level.DEBUG: Using capacitance table file ...
[par] [Exec ...11/bin/innovus -nowin -common_...] Level.DEBUG: Updating RC grid for preRoute extraction ...
[par] [Exec ...11/bin/innovus -nowin -common_...] Level.DEBUG: Initializing multi-corner capacitance tables ...
[par] [Exec ...11/bin/innovus -nowin -common_...] Level.DEBUG: Initializing multi-corner resistance tables ...
[par] [Exec ...11/bin/innovus -nowin -common_...] Level.DEBUG: PreRoute RC Extraction DONE (CPU Time: 0:00:00.1  Real Time: 0:00:00.0  MEM: 2550.648M)
[par] [Exec ...11/bin/innovus -nowin -common_...] Level.DEBUG: **ERROR: (IMPOPT-801):	Genus executable not found in PATH. Final QoR could be impacted. Install Genus, add the path to the genus executable in the PATH variable and rerun Innovus.
[par] [Exec ...11/bin/innovus -nowin -common_...] Level.DEBUG: ** Profile ** Start :  cpu=0:00:00.0, mem=2550.6M
[par] [Exec ...11/bin/innovus -nowin -common_...] Level.DEBUG: ** Profile ** Other data :  cpu=0:00:00.1, mem=2550.6M
[par] [Exec ...11/bin/innovus -nowin -common_...] Level.DEBUG: Starting delay calculation for Setup views
[par] [Exec ...11/bin/innovus -nowin -common_...] Level.DEBUG: AAE_INFO: opIsDesignInPostRouteState() is 0
[par] [Exec ...11/bin/innovus -nowin -common_...] Level.DEBUG: #################################################################################
[par] [Exec ...11/bin/innovus -nowin -common_...] Level.DEBUG: # Design Stage: PreRoute
[par] [Exec ...11/bin/innovus -nowin -common_...] Level.DEBUG: # Design Name: top
[par] [Exec ...11/bin/innovus -nowin -common_...] Level.DEBUG: # Design Mode: 180nm
[par] [Exec ...11/bin/innovus -nowin -common_...] Level.DEBUG: # Analysis Mode: MMMC OCV
[par] [Exec ...11/bin/innovus -nowin -common_...] Level.DEBUG: # Parasitics Mode: No SPEF/RCDB
[par] [Exec ...11/bin/innovus -nowin -common_...] Level.DEBUG: # Signoff Settings: SI Off
[par] [Exec ...11/bin/innovus -nowin -common_...] Level.DEBUG: #################################################################################
[par] [Exec ...11/bin/innovus -nowin -common_...] Level.DEBUG: Start delay calculation (fullDC) (4 T). (MEM=2612.67)
[par] [Exec ...11/bin/innovus -nowin -common_...] Level.DEBUG: Total number of fetched objects 77
[par] [Exec ...11/bin/innovus -nowin -common_...] Level.DEBUG: AAE_INFO: Total number of nets for which stage creation was skipped for all views 0
[par] [Exec ...11/bin/innovus -nowin -common_...] Level.DEBUG: End delay calculation. (MEM=2949.68 CPU=0:00:00.1 REAL=0:00:00.0)
[par] [Exec ...11/bin/innovus -nowin -common_...] Level.DEBUG: End delay calculation (fullDC). (MEM=2949.68 CPU=0:00:00.8 REAL=0:00:01.0)
[par] [Exec ...11/bin/innovus -nowin -common_...] Level.DEBUG: *** Done Building Timing Graph (cpu=0:00:01.2 real=0:00:01.0 totSessionCpu=0:01:59 mem=2925.7M)
[par] [Exec ...11/bin/innovus -nowin -common_...] Level.DEBUG: ** Profile ** Overall slacks :  cpu=0:00:01.2, mem=2933.7M
[par] [Exec ...11/bin/innovus -nowin -common_...] Level.DEBUG: ** Profile ** DRVs :  cpu=0:00:00.0, mem=2957.7M
[par] [Exec ...11/bin/innovus -nowin -common_...] Level.DEBUG: 
[par] [Exec ...11/bin/innovus -nowin -common_...] Level.DEBUG: ------------------------------------------------------------------
[par] [Exec ...11/bin/innovus -nowin -common_...] Level.DEBUG:              Initial Summary
[par] [Exec ...11/bin/innovus -nowin -common_...] Level.DEBUG: ------------------------------------------------------------------
[par] [Exec ...11/bin/innovus -nowin -common_...] Level.DEBUG: 
[par] [Exec ...11/bin/innovus -nowin -common_...] Level.DEBUG: Setup views included:
[par] [Exec ...11/bin/innovus -nowin -common_...] Level.DEBUG:  WCCOM.setup_view
[par] [Exec ...11/bin/innovus -nowin -common_...] Level.DEBUG: 
[par] [Exec ...11/bin/innovus -nowin -common_...] Level.DEBUG: +--------------------+---------+
[par] [Exec ...11/bin/innovus -nowin -common_...] Level.DEBUG: |     Setup mode     |   all   |
[par] [Exec ...11/bin/innovus -nowin -common_...] Level.DEBUG: +--------------------+---------+
[par] [Exec ...11/bin/innovus -nowin -common_...] Level.DEBUG: |           WNS (ns):|  7.346  |
[par] [Exec ...11/bin/innovus -nowin -common_...] Level.DEBUG: |           TNS (ns):|  0.000  |
[par] [Exec ...11/bin/innovus -nowin -common_...] Level.DEBUG: |    Violating Paths:|    0    |
[par] [Exec ...11/bin/innovus -nowin -common_...] Level.DEBUG: |          All Paths:|   32    |
[par] [Exec ...11/bin/innovus -nowin -common_...] Level.DEBUG: +--------------------+---------+
[par] [Exec ...11/bin/innovus -nowin -common_...] Level.DEBUG: 
[par] [Exec ...11/bin/innovus -nowin -common_...] Level.DEBUG: +----------------+-------------------------------+------------------+
[par] [Exec ...11/bin/innovus -nowin -common_...] Level.DEBUG: |                |              Real             |       Total      |
[par] [Exec ...11/bin/innovus -nowin -common_...] Level.DEBUG: |    DRVs        +------------------+------------+------------------|
[par] [Exec ...11/bin/innovus -nowin -common_...] Level.DEBUG: |                |  Nr nets(terms)  | Worst Vio  |  Nr nets(terms)  |
[par] [Exec ...11/bin/innovus -nowin -common_...] Level.DEBUG: +----------------+------------------+------------+------------------+
[par] [Exec ...11/bin/innovus -nowin -common_...] Level.DEBUG: |   max_cap      |      0 (0)       |   0.000    |      0 (0)       |
[par] [Exec ...11/bin/innovus -nowin -common_...] Level.DEBUG: |   max_tran     |      0 (0)       |   0.000    |      0 (0)       |
[par] [Exec ...11/bin/innovus -nowin -common_...] Level.DEBUG: |   max_fanout   |      0 (0)       |     0      |      0 (0)       |
[par] [Exec ...11/bin/innovus -nowin -common_...] Level.DEBUG: |   max_length   |      0 (0)       |     0      |      0 (0)       |
[par] [Exec ...11/bin/innovus -nowin -common_...] Level.DEBUG: +----------------+------------------+------------+------------------+
[par] [Exec ...11/bin/innovus -nowin -common_...] Level.DEBUG: 
[par] [Exec ...11/bin/innovus -nowin -common_...] Level.DEBUG: Density: 0.275%
[par] [Exec ...11/bin/innovus -nowin -common_...] Level.DEBUG: ------------------------------------------------------------------
[par] [Exec ...11/bin/innovus -nowin -common_...] Level.DEBUG: ** Profile ** Report data :  cpu=0:00:00.0, mem=2957.7M
[par] [Exec ...11/bin/innovus -nowin -common_...] Level.DEBUG: **ERROR: (IMPOPT-801):	Genus executable not found in PATH. Final QoR could be impacted. Install Genus, add the path to the genus executable in the PATH variable and rerun Innovus.
[par] [Exec ...11/bin/innovus -nowin -common_...] Level.DEBUG: **opt_design ... cpu = 0:00:08, real = 0:00:08, mem = 1749.0M, totSessionCpu=0:01:59 **
[par] [Exec ...11/bin/innovus -nowin -common_...] Level.DEBUG: *** InitOpt #1 [finish] (place_opt_design #1) : cpu/real = 0:00:08.3/0:00:08.4 (1.0), totSession cpu/real = 0:01:59.3/0:02:01.8 (1.0), mem = 2796.7M
[par] [Exec ...11/bin/innovus -nowin -common_...] Level.DEBUG: ** INFO : this run is activating 'opt_all_end_points' option
[par] [Exec ...11/bin/innovus -nowin -common_...] Level.DEBUG: *** Starting optimizing excluded clock nets MEM= 2796.7M) ***
[par] [Exec ...11/bin/innovus -nowin -common_...] Level.DEBUG: *info: No excluded clock nets to be optimized.
[par] [Exec ...11/bin/innovus -nowin -common_...] Level.DEBUG: *** Finished optimizing excluded clock nets (CPU Time= 0:00:00.0  MEM= 2796.7M) ***
[par] [Exec ...11/bin/innovus -nowin -common_...] Level.DEBUG: GigaOpt Checkpoint: Internal congRefineRouteType -preCTS -congThreshold 0.001 -rescheduleForCongestion -numThreads 4 -aggressiveCongestionMode  -resetVeryShortNets -resetShortNets -useSpineBased -rescheduleForAdherence
[par] [Exec ...11/bin/innovus -nowin -common_...] Level.DEBUG: Begin: GigaOpt Route Type Constraints Refinement
[par] [Exec ...11/bin/innovus -nowin -common_...] Level.DEBUG: *** CongRefineRouteType #1 [begin] (place_opt_design #1) : totSession cpu/real = 0:01:59.5/0:02:01.9 (1.0), mem = 2796.7M
[par] [Exec ...11/bin/innovus -nowin -common_...] Level.DEBUG: Updated routing constraints on 0 nets.
[par] [Exec ...11/bin/innovus -nowin -common_...] Level.DEBUG: Bottom Preferred Layer:
[par] [Exec ...11/bin/innovus -nowin -common_...] Level.DEBUG: +---------------+------------+----------------------+
[par] [Exec ...11/bin/innovus -nowin -common_...] Level.DEBUG: |     Layer     |   CCOpt    |         Rule         |
[par] [Exec ...11/bin/innovus -nowin -common_...] Level.DEBUG: +---------------+------------+----------------------+
[par] [Exec ...11/bin/innovus -nowin -common_...] Level.DEBUG: | METAL2 (z=2)  |          1 | cts_spec_1w_2s_leaf  |
[par] [Exec ...11/bin/innovus -nowin -common_...] Level.DEBUG: +---------------+------------+----------------------+
[par] [Exec ...11/bin/innovus -nowin -common_...] Level.DEBUG: Via Pillar Rule:
[par] [Exec ...11/bin/innovus -nowin -common_...] Level.DEBUG:     None
[par] [Exec ...11/bin/innovus -nowin -common_...] Level.DEBUG: *** CongRefineRouteType #1 [finish] (place_opt_design #1) : cpu/real = 0:00:00.1/0:00:00.1 (1.0), totSession cpu/real = 0:01:59.6/0:02:02.0 (1.0), mem = 2906.1M
[par] [Exec ...11/bin/innovus -nowin -common_...] Level.DEBUG: End: GigaOpt Route Type Constraints Refinement
[par] [Exec ...11/bin/innovus -nowin -common_...] Level.DEBUG: The useful skew maximum allowed delay is: 0.3
[par] [Exec ...11/bin/innovus -nowin -common_...] Level.DEBUG: *** SimplifyNetlist #1 [begin] (place_opt_design #1) : totSession cpu/real = 0:01:59.6/0:02:02.1 (1.0), mem = 2906.1M
[par] [Exec ...11/bin/innovus -nowin -common_...] Level.DEBUG: Info: 1 clock net  excluded from IPO operation.
[par] [Exec ...11/bin/innovus -nowin -common_...] Level.DEBUG: 
[par] [Exec ...11/bin/innovus -nowin -common_...] Level.DEBUG: Footprint cell information for calculating maxBufDist
[par] [Exec ...11/bin/innovus -nowin -common_...] Level.DEBUG: *info: There are 20 candidate Buffer cells
[par] [Exec ...11/bin/innovus -nowin -common_...] Level.DEBUG: *info: There are 20 candidate Inverter cells
[par] [Exec ...11/bin/innovus -nowin -common_...] Level.DEBUG: 
[par] [Exec ...11/bin/innovus -nowin -common_...] Level.DEBUG: 
[par] [Exec ...11/bin/innovus -nowin -common_...] Level.DEBUG: Netlist preparation processing...
[par] [Exec ...11/bin/innovus -nowin -common_...] Level.DEBUG: 
[par] [Exec ...11/bin/innovus -nowin -common_...] Level.DEBUG: Constant propagation run...
[par] [Exec ...11/bin/innovus -nowin -common_...] Level.DEBUG: CPU of constant propagation run : 0:00:00.0 (mem :3070.0M)
[par] [Exec ...11/bin/innovus -nowin -common_...] Level.DEBUG: 
[par] [Exec ...11/bin/innovus -nowin -common_...] Level.DEBUG: Dangling output instance removal run...
[par] [Exec ...11/bin/innovus -nowin -common_...] Level.DEBUG: CPU of dangling output instance removal run : 0:00:00.0 (mem :3070.0M)
[par] [Exec ...11/bin/innovus -nowin -common_...] Level.DEBUG: 
[par] [Exec ...11/bin/innovus -nowin -common_...] Level.DEBUG: Dont care observability instance removal run...
[par] [Exec ...11/bin/innovus -nowin -common_...] Level.DEBUG: Dont care observability instance removal limited due to an irremovable instance ENDCAP_AO_1 (FILL2BWP7T)
[par] [Exec ...11/bin/innovus -nowin -common_...] Level.DEBUG: Dont care observability instance removal limited due to an irremovable instance ENDCAP_AO_2 (FILL2BWP7T)
[par] [Exec ...11/bin/innovus -nowin -common_...] Level.DEBUG: Dont care observability instance removal limited due to an irremovable instance ENDCAP_AO_3 (FILL2BWP7T)
[par] [Exec ...11/bin/innovus -nowin -common_...] Level.DEBUG: Dont care observability instance removal limited due to an irremovable instance ENDCAP_AO_4 (FILL2BWP7T)
[par] [Exec ...11/bin/innovus -nowin -common_...] Level.DEBUG: Dont care observability instance removal limited due to an irremovable instance ENDCAP_AO_5 (FILL2BWP7T)
[par] [Exec ...11/bin/innovus -nowin -common_...] Level.DEBUG: Dont care observability instance removal limited due to an irremovable instance ENDCAP_AO_6 (FILL2BWP7T)
[par] [Exec ...11/bin/innovus -nowin -common_...] Level.DEBUG: Dont care observability instance removal limited due to an irremovable instance ENDCAP_AO_7 (FILL2BWP7T)
[par] [Exec ...11/bin/innovus -nowin -common_...] Level.DEBUG: Dont care observability instance removal limited due to an irremovable instance ENDCAP_AO_8 (FILL2BWP7T)
[par] [Exec ...11/bin/innovus -nowin -common_...] Level.DEBUG: Dont care observability instance removal limited due to an irremovable instance ENDCAP_AO_9 (FILL2BWP7T)
[par] [Exec ...11/bin/innovus -nowin -common_...] Level.DEBUG: Dont care observability instance removal limited due to an irremovable instance ENDCAP_AO_10 (FILL2BWP7T)
[par] [Exec ...11/bin/innovus -nowin -common_...] Level.DEBUG: Dont care observability instance removal limited due to an irremovable instance ENDCAP_AO_11 (FILL2BWP7T)
[par] [Exec ...11/bin/innovus -nowin -common_...] Level.DEBUG: Dont care observability instance removal limited due to an irremovable instance ENDCAP_AO_12 (FILL2BWP7T)
[par] [Exec ...11/bin/innovus -nowin -common_...] Level.DEBUG: Dont care observability instance removal limited due to an irremovable instance ENDCAP_AO_13 (FILL2BWP7T)
[par] [Exec ...11/bin/innovus -nowin -common_...] Level.DEBUG: Dont care observability instance removal limited due to an irremovable instance ENDCAP_AO_14 (FILL2BWP7T)
[par] [Exec ...11/bin/innovus -nowin -common_...] Level.DEBUG: Dont care observability instance removal limited due to an irremovable instance ENDCAP_AO_15 (FILL2BWP7T)
[par] [Exec ...11/bin/innovus -nowin -common_...] Level.DEBUG: Dont care observability instance removal limited due to an irremovable instance ENDCAP_AO_16 (FILL2BWP7T)
[par] [Exec ...11/bin/innovus -nowin -common_...] Level.DEBUG: Dont care observability instance removal limited due to an irremovable instance ENDCAP_AO_17 (FILL2BWP7T)
[par] [Exec ...11/bin/innovus -nowin -common_...] Level.DEBUG: Dont care observability instance removal limited due to an irremovable instance ENDCAP_AO_18 (FILL2BWP7T)
[par] [Exec ...11/bin/innovus -nowin -common_...] Level.DEBUG: Dont care observability instance removal limited due to an irremovable instance ENDCAP_AO_19 (FILL2BWP7T)
[par] [Exec ...11/bin/innovus -nowin -common_...] Level.DEBUG: Dont care observability instance removal limited due to an irremovable instance ENDCAP_AO_20 (FILL2BWP7T)
[par] [Exec ...11/bin/innovus -nowin -common_...] Level.DEBUG: Dont care observability instance removal limited due to other irremovable instances...
[par] [Exec ...11/bin/innovus -nowin -common_...] Level.DEBUG: CPU of dont care observability instance removal run : 0:00:00.0 (mem :3070.0M)
[par] [Exec ...11/bin/innovus -nowin -common_...] Level.DEBUG: 
[par] [Exec ...11/bin/innovus -nowin -common_...] Level.DEBUG: Removed instances...
[par] [Exec ...11/bin/innovus -nowin -common_...] Level.DEBUG: 
[par] [Exec ...11/bin/innovus -nowin -common_...] Level.DEBUG: Replaced instances...
[par] [Exec ...11/bin/innovus -nowin -common_...] Level.DEBUG: 
[par] [Exec ...11/bin/innovus -nowin -common_...] Level.DEBUG: Removed 0 instance
[par] [Exec ...11/bin/innovus -nowin -common_...] Level.DEBUG: 	CPU for removing db instances : 0:00:00.0 (mem :3070.0M)
[par] [Exec ...11/bin/innovus -nowin -common_...] Level.DEBUG: 	CPU for removing timing graph nodes : 0:00:00.0 (mem :3070.0M)
[par] [Exec ...11/bin/innovus -nowin -common_...] Level.DEBUG: CPU of: netlist preparation :0:00:00.0 (mem :3070.0M)
[par] [Exec ...11/bin/innovus -nowin -common_...] Level.DEBUG: 
[par] [Exec ...11/bin/innovus -nowin -common_...] Level.DEBUG: Mark undriven nets with IPOIgnored run...
[par] [Exec ...11/bin/innovus -nowin -common_...] Level.DEBUG: CPU of marking undriven nets with IPOIgnored run : 0:00:00.0 (mem :3070.0M)
[par] [Exec ...11/bin/innovus -nowin -common_...] Level.DEBUG: *info: Marking 0 isolation instances dont touch
[par] [Exec ...11/bin/innovus -nowin -common_...] Level.DEBUG: *info: Marking 0 level shifter instances dont touch
[par] [Exec ...11/bin/innovus -nowin -common_...] Level.DEBUG: *** SimplifyNetlist #1 [finish] (place_opt_design #1) : cpu/real = 0:00:03.4/0:00:03.4 (1.0), totSession cpu/real = 0:02:03.0/0:02:05.5 (1.0), mem = 2853.5M
[par] [Exec ...11/bin/innovus -nowin -common_...] Level.DEBUG: GigaOpt Checkpoint: Internal reclaim -numThreads 4 -preCTS -doRemoveUselessTerm -tgtSlackMult 3 -noRouteTypeResizePolish -noViewPrune -force -dontUseCTELevelCommit -weedwhack -nonLegal -nativePathGroupFlow
[par] [Exec ...11/bin/innovus -nowin -common_...] Level.DEBUG: Info: 1 clock net  excluded from IPO operation.
[par] [Exec ...11/bin/innovus -nowin -common_...] Level.DEBUG: Begin: Area Reclaim Optimization
[par] [Exec ...11/bin/innovus -nowin -common_...] Level.DEBUG: *** AreaOpt #1 [begin] (place_opt_design #1) : totSession cpu/real = 0:02:03.1/0:02:05.6 (1.0), mem = 3060.7M
[par] [Exec ...11/bin/innovus -nowin -common_...] Level.DEBUG: Reclaim Optimization WNS Slack 0.100  TNS Slack 0.000 Density 0.28
[par] [Exec ...11/bin/innovus -nowin -common_...] Level.DEBUG: +---------+---------+--------+--------+------------+--------+
[par] [Exec ...11/bin/innovus -nowin -common_...] Level.DEBUG: | Density | Commits |  WNS   |  TNS   |    Real    |  Mem   |
[par] [Exec ...11/bin/innovus -nowin -common_...] Level.DEBUG: +---------+---------+--------+--------+------------+--------+
[par] [Exec ...11/bin/innovus -nowin -common_...] Level.DEBUG: |    0.28%|        -|   0.100|   0.000|   0:00:00.0| 3060.7M|
[par] [Exec ...11/bin/innovus -nowin -common_...] Level.DEBUG: |    0.28%|        0|   0.100|   0.000|   0:00:00.0| 3060.7M|
[par] [Exec ...11/bin/innovus -nowin -common_...] Level.DEBUG: |    0.28%|        0|   0.100|   0.000|   0:00:00.0| 3060.7M|
[par] [Exec ...11/bin/innovus -nowin -common_...] Level.DEBUG: |    0.28%|        0|   0.100|   0.000|   0:00:00.0| 3060.7M|
[par] [Exec ...11/bin/innovus -nowin -common_...] Level.DEBUG: +---------+---------+--------+--------+------------+--------+
[par] [Exec ...11/bin/innovus -nowin -common_...] Level.DEBUG: Reclaim Optimization End WNS Slack 0.100  TNS Slack 0.000 Density 0.28
[par] [Exec ...11/bin/innovus -nowin -common_...] Level.DEBUG: Bottom Preferred Layer:
[par] [Exec ...11/bin/innovus -nowin -common_...] Level.DEBUG: +---------------+------------+----------------------+
[par] [Exec ...11/bin/innovus -nowin -common_...] Level.DEBUG: |     Layer     |   CCOpt    |         Rule         |
[par] [Exec ...11/bin/innovus -nowin -common_...] Level.DEBUG: +---------------+------------+----------------------+
[par] [Exec ...11/bin/innovus -nowin -common_...] Level.DEBUG: | METAL2 (z=2)  |          1 | cts_spec_1w_2s_leaf  |
[par] [Exec ...11/bin/innovus -nowin -common_...] Level.DEBUG: +---------------+------------+----------------------+
[par] [Exec ...11/bin/innovus -nowin -common_...] Level.DEBUG: Via Pillar Rule:
[par] [Exec ...11/bin/innovus -nowin -common_...] Level.DEBUG:     None
[par] [Exec ...11/bin/innovus -nowin -common_...] Level.DEBUG: 
[par] [Exec ...11/bin/innovus -nowin -common_...] Level.DEBUG: Number of times islegalLocAvaiable called = 0 skipped = 0, called in commitmove = 0, skipped in commitmove = 0
[par] [Exec ...11/bin/innovus -nowin -common_...] Level.DEBUG: End: Core Area Reclaim Optimization (cpu = 0:00:03.0) (real = 0:00:03.0) **
[par] [Exec ...11/bin/innovus -nowin -common_...] Level.DEBUG: *** AreaOpt #1 [finish] (place_opt_design #1) : cpu/real = 0:00:03.0/0:00:03.4 (0.9), totSession cpu/real = 0:02:06.1/0:02:09.0 (1.0), mem = 3060.7M
[par] [Exec ...11/bin/innovus -nowin -common_...] Level.DEBUG: Executing incremental physical updates
[par] [Exec ...11/bin/innovus -nowin -common_...] Level.DEBUG: Executing incremental physical updates
[par] [Exec ...11/bin/innovus -nowin -common_...] Level.DEBUG: End: Area Reclaim Optimization (cpu=0:00:03, real=0:00:03, mem=2853.93M, totSessionCpu=0:02:06).
[par] [Exec ...11/bin/innovus -nowin -common_...] Level.DEBUG: 
[par] [Exec ...11/bin/innovus -nowin -common_...] Level.DEBUG: Active setup views:
[par] [Exec ...11/bin/innovus -nowin -common_...] Level.DEBUG:  WCCOM.setup_view
[par] [Exec ...11/bin/innovus -nowin -common_...] Level.DEBUG:   Dominating endpoints: 0
[par] [Exec ...11/bin/innovus -nowin -common_...] Level.DEBUG:   Dominating TNS: -0.000
[par] [Exec ...11/bin/innovus -nowin -common_...] Level.DEBUG: 
[par] [Exec ...11/bin/innovus -nowin -common_...] Level.DEBUG: Begin: GigaOpt Global Optimization
[par] [Exec ...11/bin/innovus -nowin -common_...] Level.DEBUG: *info: use new DP (enabled)
[par] [Exec ...11/bin/innovus -nowin -common_...] Level.DEBUG: GigaOpt Checkpoint: Internal globalOpt -maxLocalDensity 1.2 -numThreads 4 -preCTS -rebufferAll -preRouteDontEndWithRefinePlaceIncrSteinerRouteDC -enableHighLayerOpt -maxIter 50 -maxIterForLEPG 50
[par] [Exec ...11/bin/innovus -nowin -common_...] Level.DEBUG: Info: 1 clock net  excluded from IPO operation.
[par] [Exec ...11/bin/innovus -nowin -common_...] Level.DEBUG: *** GlobalOpt #1 [begin] (place_opt_design #1) : totSession cpu/real = 0:02:06.2/0:02:09.1 (1.0), mem = 2949.3M
[par] [Exec ...11/bin/innovus -nowin -common_...] Level.DEBUG: *info: 1 clock net excluded
[par] [Exec ...11/bin/innovus -nowin -common_...] Level.DEBUG: ** GigaOpt Global Opt WNS Slack 0.100  TNS Slack 0.000
[par] [Exec ...11/bin/innovus -nowin -common_...] Level.DEBUG: +--------+--------+---------+------------+--------+----------------+---------+-------------------+
[par] [Exec ...11/bin/innovus -nowin -common_...] Level.DEBUG: |  WNS   |  TNS   | Density |    Real    |  Mem   |   Worst View   |Pathgroup|     End Point     |
[par] [Exec ...11/bin/innovus -nowin -common_...] Level.DEBUG: +--------+--------+---------+------------+--------+----------------+---------+-------------------+
[par] [Exec ...11/bin/innovus -nowin -common_...] Level.DEBUG: |   0.100|   0.000|    0.28%|   0:00:00.0| 3080.1M|WCCOM.setup_view|       NA| NA                |
[par] [Exec ...11/bin/innovus -nowin -common_...] Level.DEBUG: +--------+--------+---------+------------+--------+----------------+---------+-------------------+
[par] [Exec ...11/bin/innovus -nowin -common_...] Level.DEBUG: 
[par] [Exec ...11/bin/innovus -nowin -common_...] Level.DEBUG: *** Finish pre-CTS Global Setup Fixing (cpu=0:00:00.0 real=0:00:00.0 mem=3080.1M) ***
[par] [Exec ...11/bin/innovus -nowin -common_...] Level.DEBUG: 
[par] [Exec ...11/bin/innovus -nowin -common_...] Level.DEBUG: *** Finish pre-CTS Setup Fixing (cpu=0:00:00.0 real=0:00:00.0 mem=3080.1M) ***
[par] [Exec ...11/bin/innovus -nowin -common_...] Level.DEBUG: Bottom Preferred Layer:
[par] [Exec ...11/bin/innovus -nowin -common_...] Level.DEBUG: +---------------+------------+----------------------+
[par] [Exec ...11/bin/innovus -nowin -common_...] Level.DEBUG: |     Layer     |   CCOpt    |         Rule         |
[par] [Exec ...11/bin/innovus -nowin -common_...] Level.DEBUG: +---------------+------------+----------------------+
[par] [Exec ...11/bin/innovus -nowin -common_...] Level.DEBUG: | METAL2 (z=2)  |          1 | cts_spec_1w_2s_leaf  |
[par] [Exec ...11/bin/innovus -nowin -common_...] Level.DEBUG: +---------------+------------+----------------------+
[par] [Exec ...11/bin/innovus -nowin -common_...] Level.DEBUG: Via Pillar Rule:
[par] [Exec ...11/bin/innovus -nowin -common_...] Level.DEBUG:     None
[par] [Exec ...11/bin/innovus -nowin -common_...] Level.DEBUG: ** GigaOpt Global Opt End WNS Slack 0.100  TNS Slack 0.000
[par] [Exec ...11/bin/innovus -nowin -common_...] Level.DEBUG: *** GlobalOpt #1 [finish] (place_opt_design #1) : cpu/real = 0:00:04.1/0:00:04.9 (0.8), totSession cpu/real = 0:02:10.3/0:02:14.1 (1.0), mem = 2859.4M
[par] [Exec ...11/bin/innovus -nowin -common_...] Level.DEBUG: End: GigaOpt Global Optimization
[par] [Exec ...11/bin/innovus -nowin -common_...] Level.DEBUG: *** Timing Is met
[par] [Exec ...11/bin/innovus -nowin -common_...] Level.DEBUG: *** Check timing (0:00:00.0)
[par] [Exec ...11/bin/innovus -nowin -common_...] Level.DEBUG: GigaOpt Checkpoint: Internal reclaim -numThreads 4 -preCTS -force -doRemoveUselessTerm -tgtSlackMult 3 -routeType -noRouteTypeResizePolish -noViewPrune -weedwhack -nonLegal -nativePathGroupFlow
[par] [Exec ...11/bin/innovus -nowin -common_...] Level.DEBUG: Info: 1 clock net  excluded from IPO operation.
[par] [Exec ...11/bin/innovus -nowin -common_...] Level.DEBUG: Begin: Area Reclaim Optimization
[par] [Exec ...11/bin/innovus -nowin -common_...] Level.DEBUG: *** AreaOpt #2 [begin] (place_opt_design #1) : totSession cpu/real = 0:02:10.4/0:02:14.2 (1.0), mem = 3066.5M
[par] [Exec ...11/bin/innovus -nowin -common_...] Level.DEBUG: Reclaim Optimization WNS Slack 0.100  TNS Slack 0.000 Density 0.28
[par] [Exec ...11/bin/innovus -nowin -common_...] Level.DEBUG: +---------+---------+--------+--------+------------+--------+
[par] [Exec ...11/bin/innovus -nowin -common_...] Level.DEBUG: | Density | Commits |  WNS   |  TNS   |    Real    |  Mem   |
[par] [Exec ...11/bin/innovus -nowin -common_...] Level.DEBUG: +---------+---------+--------+--------+------------+--------+
[par] [Exec ...11/bin/innovus -nowin -common_...] Level.DEBUG: |    0.28%|        -|   0.100|   0.000|   0:00:00.0| 3068.5M|
[par] [Exec ...11/bin/innovus -nowin -common_...] Level.DEBUG: |    0.28%|        0|   0.100|   0.000|   0:00:00.0| 3072.5M|
[par] [Exec ...11/bin/innovus -nowin -common_...] Level.DEBUG: |    0.28%|        0|   0.100|   0.000|   0:00:00.0| 3072.5M|
[par] [Exec ...11/bin/innovus -nowin -common_...] Level.DEBUG: |    0.28%|        0|   0.100|   0.000|   0:00:00.0| 3072.5M|
[par] [Exec ...11/bin/innovus -nowin -common_...] Level.DEBUG: |    0.28%|        0|   0.100|   0.000|   0:00:00.0| 3072.5M|
[par] [Exec ...11/bin/innovus -nowin -common_...] Level.DEBUG: |    0.28%|        0|   0.100|   0.000|   0:00:00.0| 3072.5M|
[par] [Exec ...11/bin/innovus -nowin -common_...] Level.DEBUG: +---------+---------+--------+--------+------------+--------+
[par] [Exec ...11/bin/innovus -nowin -common_...] Level.DEBUG: Reclaim Optimization End WNS Slack 0.100  TNS Slack 0.000 Density 0.28
[par] [Exec ...11/bin/innovus -nowin -common_...] Level.DEBUG: Bottom Preferred Layer:
[par] [Exec ...11/bin/innovus -nowin -common_...] Level.DEBUG: +---------------+------------+----------------------+
[par] [Exec ...11/bin/innovus -nowin -common_...] Level.DEBUG: |     Layer     |   CCOpt    |         Rule         |
[par] [Exec ...11/bin/innovus -nowin -common_...] Level.DEBUG: +---------------+------------+----------------------+
[par] [Exec ...11/bin/innovus -nowin -common_...] Level.DEBUG: | METAL2 (z=2)  |          1 | cts_spec_1w_2s_leaf  |
[par] [Exec ...11/bin/innovus -nowin -common_...] Level.DEBUG: +---------------+------------+----------------------+
[par] [Exec ...11/bin/innovus -nowin -common_...] Level.DEBUG: Via Pillar Rule:
[par] [Exec ...11/bin/innovus -nowin -common_...] Level.DEBUG:     None
[par] [Exec ...11/bin/innovus -nowin -common_...] Level.DEBUG: 
[par] [Exec ...11/bin/innovus -nowin -common_...] Level.DEBUG: Number of times islegalLocAvaiable called = 0 skipped = 0, called in commitmove = 0, skipped in commitmove = 0
[par] [Exec ...11/bin/innovus -nowin -common_...] Level.DEBUG: End: Core Area Reclaim Optimization (cpu = 0:00:02.9) (real = 0:00:04.0) **
[par] [Exec ...11/bin/innovus -nowin -common_...] Level.DEBUG: *** AreaOpt #2 [finish] (place_opt_design #1) : cpu/real = 0:00:02.9/0:00:03.7 (0.8), totSession cpu/real = 0:02:13.3/0:02:17.9 (1.0), mem = 3072.5M
[par] [Exec ...11/bin/innovus -nowin -common_...] Level.DEBUG: Executing incremental physical updates
[par] [Exec ...11/bin/innovus -nowin -common_...] Level.DEBUG: Executing incremental physical updates
[par] [Exec ...11/bin/innovus -nowin -common_...] Level.DEBUG: End: Area Reclaim Optimization (cpu=0:00:03, real=0:00:04, mem=2863.80M, totSessionCpu=0:02:13).
[par] [Exec ...11/bin/innovus -nowin -common_...] Level.DEBUG: *** IncrReplace #1 [begin] (place_opt_design #1) : totSession cpu/real = 0:02:13.4/0:02:18.0 (1.0), mem = 2863.8M
[par] [Exec ...11/bin/innovus -nowin -common_...] Level.DEBUG: 
[par] [Exec ...11/bin/innovus -nowin -common_...] Level.DEBUG: *** Start incrementalPlace ***
[par] [Exec ...11/bin/innovus -nowin -common_...] Level.DEBUG: No Views given, use default active views for adaptive view pruning
[par] [Exec ...11/bin/innovus -nowin -common_...] Level.DEBUG: SKP will enable view:
[par] [Exec ...11/bin/innovus -nowin -common_...] Level.DEBUG:   WCCOM.setup_view
[par] [Exec ...11/bin/innovus -nowin -common_...] Level.DEBUG: [NR-eGR] Num Prerouted Nets = 0  Num Prerouted Wires = 0
[par] [Exec ...11/bin/innovus -nowin -common_...] Level.DEBUG: [NR-eGR] Read 77 nets ( ignored 0 )
[par] [Exec ...11/bin/innovus -nowin -common_...] Level.DEBUG: [NR-eGR] There are 1 clock nets ( 0 with NDR ).
[par] [Exec ...11/bin/innovus -nowin -common_...] Level.DEBUG: [NR-eGR] Layer group 1: route 1 net(s) in layer range [2, 6]
[par] [Exec ...11/bin/innovus -nowin -common_...] Level.DEBUG: [NR-eGR] Early Global Route overflow of layer group 1: 0.00% H + 0.00% V. EstWL: 6.115200e+02um
[par] [Exec ...11/bin/innovus -nowin -common_...] Level.DEBUG: [NR-eGR] Layer group 2: route 76 net(s) in layer range [2, 6]
[par] [Exec ...11/bin/innovus -nowin -common_...] Level.DEBUG: [NR-eGR] Early Global Route overflow of layer group 2: 0.00% H + 0.00% V. EstWL: 9.278640e+03um
[par] [Exec ...11/bin/innovus -nowin -common_...] Level.DEBUG: [NR-eGR] Overflow after Early Global Route 0.00% H + 0.00% V
[par] [Exec ...11/bin/innovus -nowin -common_...] Level.DEBUG: Early Global Route congestion estimation runtime: 0.15 seconds, mem = 2861.3M
[par] [Exec ...11/bin/innovus -nowin -common_...] Level.DEBUG: Local HotSpot Analysis: normalized max congestion hotspot area = 0.00, normalized total congestion hotspot area = 0.00 (area is in unit of 4 std-cell row bins)
[par] [Exec ...11/bin/innovus -nowin -common_...] Level.DEBUG: 
[par] [Exec ...11/bin/innovus -nowin -common_...] Level.DEBUG: === incrementalPlace Internal Loop 1 ===
[par] [Exec ...11/bin/innovus -nowin -common_...] Level.DEBUG: *** Finished SKP initialization (cpu=0:00:00.1, real=0:00:00.0)***
[par] [Exec ...11/bin/innovus -nowin -common_...] Level.DEBUG: Iteration  7: Total net bbox = 9.029e+03 (4.42e+03 4.61e+03)
[par] [Exec ...11/bin/innovus -nowin -common_...] Level.DEBUG:               Est.  stn bbox = 9.478e+03 (4.77e+03 4.71e+03)
[par] [Exec ...11/bin/innovus -nowin -common_...] Level.DEBUG:               cpu = 0:00:00.3 real = 0:00:00.0 mem = 3075.5M
[par] [Exec ...11/bin/innovus -nowin -common_...] Level.DEBUG: Iteration  8: Total net bbox = 9.102e+03 (4.44e+03 4.67e+03)
[par] [Exec ...11/bin/innovus -nowin -common_...] Level.DEBUG:               Est.  stn bbox = 9.574e+03 (4.78e+03 4.79e+03)
[par] [Exec ...11/bin/innovus -nowin -common_...] Level.DEBUG:               cpu = 0:00:01.3 real = 0:00:01.0 mem = 3073.5M
[par] [Exec ...11/bin/innovus -nowin -common_...] Level.DEBUG: Iteration  9: Total net bbox = 9.208e+03 (4.47e+03 4.74e+03)
[par] [Exec ...11/bin/innovus -nowin -common_...] Level.DEBUG:               Est.  stn bbox = 9.690e+03 (4.82e+03 4.88e+03)
[par] [Exec ...11/bin/innovus -nowin -common_...] Level.DEBUG:               cpu = 0:00:13.7 real = 0:00:09.0 mem = 3073.5M
[par] [Exec ...11/bin/innovus -nowin -common_...] Level.DEBUG: Iteration 10: Total net bbox = 9.320e+03 (4.54e+03 4.78e+03)
[par] [Exec ...11/bin/innovus -nowin -common_...] Level.DEBUG:               Est.  stn bbox = 9.808e+03 (4.88e+03 4.93e+03)
[par] [Exec ...11/bin/innovus -nowin -common_...] Level.DEBUG:               cpu = 0:00:07.1 real = 0:00:06.0 mem = 3086.6M
[par] [Exec ...11/bin/innovus -nowin -common_...] Level.DEBUG: Iteration 11: Total net bbox = 9.431e+03 (4.63e+03 4.80e+03)
[par] [Exec ...11/bin/innovus -nowin -common_...] Level.DEBUG:               Est.  stn bbox = 9.949e+03 (5.00e+03 4.95e+03)
[par] [Exec ...11/bin/innovus -nowin -common_...] Level.DEBUG:               cpu = 0:00:01.1 real = 0:00:01.0 mem = 3106.6M
[par] [Exec ...11/bin/innovus -nowin -common_...] Level.DEBUG: Move report: Timing Driven Placement moves 60 insts, mean move: 13.63 um, max move: 42.84 um
[par] [Exec ...11/bin/innovus -nowin -common_...] Level.DEBUG: 	Max move on inst (out_buf_reg[2]): (437.36, 380.24) --> (421.96, 352.80)
[par] [Exec ...11/bin/innovus -nowin -common_...] Level.DEBUG: 
[par] [Exec ...11/bin/innovus -nowin -common_...] Level.DEBUG: Finished Incremental Placement (cpu=0:00:24.4, real=0:00:18.0, mem=2978.6M)
[par] [Exec ...11/bin/innovus -nowin -common_...] Level.DEBUG: **WARN: (IMPSP-9025):	No scan chain specified/traced.
[par] [Exec ...11/bin/innovus -nowin -common_...] Level.DEBUG: Type 'man IMPSP-9025' for more detail.
[par] [Exec ...11/bin/innovus -nowin -common_...] Level.DEBUG: *** Starting place_detail (0:02:38 mem=2978.6M) ***
[par] [Exec ...11/bin/innovus -nowin -common_...] Level.DEBUG: Total net bbox length = 9.443e+03 (4.614e+03 4.829e+03) (ext = 7.635e+03)
[par] [Exec ...11/bin/innovus -nowin -common_...] Level.DEBUG: Move report: Detail placement moves 60 insts, mean move: 0.91 um, max move: 4.15 um
[par] [Exec ...11/bin/innovus -nowin -common_...] Level.DEBUG: 	Max move on inst (b_buf_reg[1]): (376.67, 372.38) --> (380.80, 372.40)
[par] [Exec ...11/bin/innovus -nowin -common_...] Level.DEBUG: 	Runtime: CPU: 0:00:00.0 REAL: 0:00:00.0 MEM: 2946.6MB
[par] [Exec ...11/bin/innovus -nowin -common_...] Level.DEBUG: Summary Report:
[par] [Exec ...11/bin/innovus -nowin -common_...] Level.DEBUG: Instances move: 60 (out of 60 movable)
[par] [Exec ...11/bin/innovus -nowin -common_...] Level.DEBUG: Instances flipped: 0
[par] [Exec ...11/bin/innovus -nowin -common_...] Level.DEBUG: Mean displacement: 0.91 um
[par] [Exec ...11/bin/innovus -nowin -common_...] Level.DEBUG: Max displacement: 4.15 um (Instance: b_buf_reg[1]) (376.67, 372.378) -> (380.8, 372.4)
[par] [Exec ...11/bin/innovus -nowin -common_...] Level.DEBUG: 	Length: 20 sites, height: 1 rows, site name: core7T, cell type: DFKCNQD1BWP7T
[par] [Exec ...11/bin/innovus -nowin -common_...] Level.DEBUG: Total net bbox length = 9.344e+03 (4.537e+03 4.808e+03) (ext = 7.617e+03)
[par] [Exec ...11/bin/innovus -nowin -common_...] Level.DEBUG: Runtime: CPU: 0:00:00.1 REAL: 0:00:00.0 MEM: 2946.6MB
[par] [Exec ...11/bin/innovus -nowin -common_...] Level.DEBUG: *** Finished place_detail (0:02:38 mem=2946.6M) ***
[par] [Exec ...11/bin/innovus -nowin -common_...] Level.DEBUG: [NR-eGR] Num Prerouted Nets = 0  Num Prerouted Wires = 0
[par] [Exec ...11/bin/innovus -nowin -common_...] Level.DEBUG: [NR-eGR] Read 77 nets ( ignored 0 )
[par] [Exec ...11/bin/innovus -nowin -common_...] Level.DEBUG: [NR-eGR] There are 1 clock nets ( 0 with NDR ).
[par] [Exec ...11/bin/innovus -nowin -common_...] Level.DEBUG: [NR-eGR] Layer group 1: route 1 net(s) in layer range [2, 6]
[par] [Exec ...11/bin/innovus -nowin -common_...] Level.DEBUG: [NR-eGR] Early Global Route overflow of layer group 1: 0.00% H + 0.00% V. EstWL: 6.742400e+02um
[par] [Exec ...11/bin/innovus -nowin -common_...] Level.DEBUG: [NR-eGR] Layer group 2: route 76 net(s) in layer range [2, 6]
[par] [Exec ...11/bin/innovus -nowin -common_...] Level.DEBUG: [NR-eGR] Early Global Route overflow of layer group 2: 0.00% H + 0.00% V. EstWL: 9.580480e+03um
[par] [Exec ...11/bin/innovus -nowin -common_...] Level.DEBUG: [NR-eGR] Overflow after Early Global Route 0.00% H + 0.00% V
[par] [Exec ...11/bin/innovus -nowin -common_...] Level.DEBUG: Early Global Route congestion estimation runtime: 0.30 seconds, mem = 2972.6M
[par] [Exec ...11/bin/innovus -nowin -common_...] Level.DEBUG: Local HotSpot Analysis: normalized max congestion hotspot area = 0.00, normalized total congestion hotspot area = 0.00 (area is in unit of 4 std-cell row bins)
[par] [Exec ...11/bin/innovus -nowin -common_...] Level.DEBUG: [NR-eGR]                 Length (um)  Vias
[par] [Exec ...11/bin/innovus -nowin -common_...] Level.DEBUG: [NR-eGR] ----------------------------------
[par] [Exec ...11/bin/innovus -nowin -common_...] Level.DEBUG: [NR-eGR]  METAL1  (1H)             0   212
[par] [Exec ...11/bin/innovus -nowin -common_...] Level.DEBUG: [NR-eGR]  METAL2  (2V)          2312   300
[par] [Exec ...11/bin/innovus -nowin -common_...] Level.DEBUG: [NR-eGR]  METAL3  (3H)          3706    29
[par] [Exec ...11/bin/innovus -nowin -common_...] Level.DEBUG: [NR-eGR]  METAL4  (4V)          2746    26
[par] [Exec ...11/bin/innovus -nowin -common_...] Level.DEBUG: [NR-eGR]  METAL5  (5H)           901    18
[par] [Exec ...11/bin/innovus -nowin -common_...] Level.DEBUG: [NR-eGR]  METAL6  (6V)            49     0
[par] [Exec ...11/bin/innovus -nowin -common_...] Level.DEBUG: [NR-eGR] ----------------------------------
[par] [Exec ...11/bin/innovus -nowin -common_...] Level.DEBUG: [NR-eGR]          Total         9714   585
[par] [Exec ...11/bin/innovus -nowin -common_...] Level.DEBUG: [NR-eGR] --------------------------------------------------------------------------
[par] [Exec ...11/bin/innovus -nowin -common_...] Level.DEBUG: [NR-eGR] Total half perimeter of net bounding box: 9344um
[par] [Exec ...11/bin/innovus -nowin -common_...] Level.DEBUG: [NR-eGR] Total length: 9714um, number of vias: 585
[par] [Exec ...11/bin/innovus -nowin -common_...] Level.DEBUG: [NR-eGR] --------------------------------------------------------------------------
[par] [Exec ...11/bin/innovus -nowin -common_...] Level.DEBUG: [NR-eGR] Total eGR-routed clock nets wire length: 679um, number of vias: 47
[par] [Exec ...11/bin/innovus -nowin -common_...] Level.DEBUG: [NR-eGR] --------------------------------------------------------------------------
[par] [Exec ...11/bin/innovus -nowin -common_...] Level.DEBUG: Early Global Route wiring runtime: 0.01 seconds, mem = 2972.6M
[par] [Exec ...11/bin/innovus -nowin -common_...] Level.DEBUG: 0 delay mode for cte disabled.
[par] [Exec ...11/bin/innovus -nowin -common_...] Level.DEBUG: 
[par] [Exec ...11/bin/innovus -nowin -common_...] Level.DEBUG: *** Finished incrementalPlace (cpu=0:00:24.9, real=0:00:19.0)***
[par] [Exec ...11/bin/innovus -nowin -common_...] Level.DEBUG: Start to check current routing status for nets...
[par] [Exec ...11/bin/innovus -nowin -common_...] Level.DEBUG: All nets are already routed correctly.
[par] [Exec ...11/bin/innovus -nowin -common_...] Level.DEBUG: End to check current routing status for nets (mem=2860.6M)
[par] [Exec ...11/bin/innovus -nowin -common_...] Level.DEBUG: Extraction called for design 'top' of instances=5512 and nets=79 using extraction engine 'pre_route' .
[par] [Exec ...11/bin/innovus -nowin -common_...] Level.DEBUG: pre_route RC Extraction called for design top.
[par] [Exec ...11/bin/innovus -nowin -common_...] Level.DEBUG: RC Extraction called in multi-corner(3) mode.
[par] [Exec ...11/bin/innovus -nowin -common_...] Level.DEBUG: RCMode: PreRoute
[par] [Exec ...11/bin/innovus -nowin -common_...] Level.DEBUG:       RC Corner Indexes            0       1       2
[par] [Exec ...11/bin/innovus -nowin -common_...] Level.DEBUG: Capacitance Scaling Factor   : 1.00000 1.00000 1.00000
[par] [Exec ...11/bin/innovus -nowin -common_...] Level.DEBUG: Resistance Scaling Factor    : 1.00000 1.00000 1.00000
[par] [Exec ...11/bin/innovus -nowin -common_...] Level.DEBUG: Clock Cap. Scaling Factor    : 1.00000 1.00000 1.00000
[par] [Exec ...11/bin/innovus -nowin -common_...] Level.DEBUG: Clock Res. Scaling Factor    : 1.00000 1.00000 1.00000
[par] [Exec ...11/bin/innovus -nowin -common_...] Level.DEBUG: Shrink Factor                : 1.00000
[par] [Exec ...11/bin/innovus -nowin -common_...] Level.DEBUG: PreRoute extraction is honoring NDR/Shielding/ExtraSpace for clock nets.
[par] [Exec ...11/bin/innovus -nowin -common_...] Level.DEBUG: Using capacitance table file ...
[par] [Exec ...11/bin/innovus -nowin -common_...] Level.DEBUG: Updating RC grid for preRoute extraction ...
[par] [Exec ...11/bin/innovus -nowin -common_...] Level.DEBUG: Initializing multi-corner capacitance tables ...
[par] [Exec ...11/bin/innovus -nowin -common_...] Level.DEBUG: Initializing multi-corner resistance tables ...
[par] [Exec ...11/bin/innovus -nowin -common_...] Level.DEBUG: PreRoute RC Extraction DONE (CPU Time: 0:00:00.1  Real Time: 0:00:00.0  MEM: 2860.594M)
[par] [Exec ...11/bin/innovus -nowin -common_...] Level.DEBUG: Compute RC Scale Done ...
[par] [Exec ...11/bin/innovus -nowin -common_...] Level.DEBUG: **opt_design ... cpu = 0:00:47, real = 0:00:43, mem = 1800.4M, totSessionCpu=0:02:38 **
[par] [Exec ...11/bin/innovus -nowin -common_...] Level.DEBUG: AAE_INFO: opIsDesignInPostRouteState() is 0
[par] [Exec ...11/bin/innovus -nowin -common_...] Level.DEBUG: #################################################################################
[par] [Exec ...11/bin/innovus -nowin -common_...] Level.DEBUG: # Design Stage: PreRoute
[par] [Exec ...11/bin/innovus -nowin -common_...] Level.DEBUG: # Design Name: top
[par] [Exec ...11/bin/innovus -nowin -common_...] Level.DEBUG: # Design Mode: 180nm
[par] [Exec ...11/bin/innovus -nowin -common_...] Level.DEBUG: # Analysis Mode: MMMC OCV
[par] [Exec ...11/bin/innovus -nowin -common_...] Level.DEBUG: # Parasitics Mode: No SPEF/RCDB
[par] [Exec ...11/bin/innovus -nowin -common_...] Level.DEBUG: # Signoff Settings: SI Off
[par] [Exec ...11/bin/innovus -nowin -common_...] Level.DEBUG: #################################################################################
[par] [Exec ...11/bin/innovus -nowin -common_...] Level.DEBUG: Start delay calculation (fullDC) (4 T). (MEM=2904.85)
[par] [Exec ...11/bin/innovus -nowin -common_...] Level.DEBUG: Total number of fetched objects 77
[par] [Exec ...11/bin/innovus -nowin -common_...] Level.DEBUG: AAE_INFO: Total number of nets for which stage creation was skipped for all views 0
[par] [Exec ...11/bin/innovus -nowin -common_...] Level.DEBUG: End delay calculation. (MEM=3076.33 CPU=0:00:00.1 REAL=0:00:00.0)
[par] [Exec ...11/bin/innovus -nowin -common_...] Level.DEBUG: End delay calculation (fullDC). (MEM=3076.33 CPU=0:00:00.1 REAL=0:00:00.0)
[par] [Exec ...11/bin/innovus -nowin -common_...] Level.DEBUG: *** IncrReplace #1 [finish] (place_opt_design #1) : cpu/real = 0:00:25.6/0:00:20.6 (1.2), totSession cpu/real = 0:02:39.0/0:02:38.6 (1.0), mem = 3084.3M
[par] [Exec ...11/bin/innovus -nowin -common_...] Level.DEBUG: Current design density = 0.275012213406, current maxLocal density = 0.98, new maxLocal density = 1.2
[par] [Exec ...11/bin/innovus -nowin -common_...] Level.DEBUG: *** Timing Is met
[par] [Exec ...11/bin/innovus -nowin -common_...] Level.DEBUG: *** Check timing (0:00:00.0)
[par] [Exec ...11/bin/innovus -nowin -common_...] Level.DEBUG: *** Timing Is met
[par] [Exec ...11/bin/innovus -nowin -common_...] Level.DEBUG: *** Check timing (0:00:00.0)
[par] [Exec ...11/bin/innovus -nowin -common_...] Level.DEBUG: *** Timing Is met
[par] [Exec ...11/bin/innovus -nowin -common_...] Level.DEBUG: *** Check timing (0:00:00.0)
[par] [Exec ...11/bin/innovus -nowin -common_...] Level.DEBUG: *** Timing Is met
[par] [Exec ...11/bin/innovus -nowin -common_...] Level.DEBUG: *** Check timing (0:00:00.0)
[par] [Exec ...11/bin/innovus -nowin -common_...] Level.DEBUG: *** IncrReplace #2 [begin] (place_opt_design #1) : totSession cpu/real = 0:02:39.5/0:02:39.6 (1.0), mem = 2914.3M
[par] [Exec ...11/bin/innovus -nowin -common_...] Level.DEBUG: 
[par] [Exec ...11/bin/innovus -nowin -common_...] Level.DEBUG: *** Start incrementalPlace ***
[par] [Exec ...11/bin/innovus -nowin -common_...] Level.DEBUG: No Views given, use default active views for adaptive view pruning
[par] [Exec ...11/bin/innovus -nowin -common_...] Level.DEBUG: SKP will enable view:
[par] [Exec ...11/bin/innovus -nowin -common_...] Level.DEBUG:   WCCOM.setup_view
[par] [Exec ...11/bin/innovus -nowin -common_...] Level.DEBUG: [NR-eGR] Num Prerouted Nets = 0  Num Prerouted Wires = 0
[par] [Exec ...11/bin/innovus -nowin -common_...] Level.DEBUG: [NR-eGR] Read 77 nets ( ignored 0 )
[par] [Exec ...11/bin/innovus -nowin -common_...] Level.DEBUG: [NR-eGR] There are 1 clock nets ( 0 with NDR ).
[par] [Exec ...11/bin/innovus -nowin -common_...] Level.DEBUG: [NR-eGR] Layer group 1: route 1 net(s) in layer range [2, 6]
[par] [Exec ...11/bin/innovus -nowin -common_...] Level.DEBUG: [NR-eGR] Early Global Route overflow of layer group 1: 0.00% H + 0.00% V. EstWL: 6.742400e+02um
[par] [Exec ...11/bin/innovus -nowin -common_...] Level.DEBUG: [NR-eGR] Layer group 2: route 76 net(s) in layer range [2, 6]
[par] [Exec ...11/bin/innovus -nowin -common_...] Level.DEBUG: [NR-eGR] Early Global Route overflow of layer group 2: 0.00% H + 0.00% V. EstWL: 9.580480e+03um
[par] [Exec ...11/bin/innovus -nowin -common_...] Level.DEBUG: [NR-eGR] Overflow after Early Global Route 0.00% H + 0.00% V
[par] [Exec ...11/bin/innovus -nowin -common_...] Level.DEBUG: Early Global Route congestion estimation runtime: 0.29 seconds, mem = 2939.8M
[par] [Exec ...11/bin/innovus -nowin -common_...] Level.DEBUG: Local HotSpot Analysis: normalized max congestion hotspot area = 0.00, normalized total congestion hotspot area = 0.00 (area is in unit of 4 std-cell row bins)
[par] [Exec ...11/bin/innovus -nowin -common_...] Level.DEBUG: 
[par] [Exec ...11/bin/innovus -nowin -common_...] Level.DEBUG: === incrementalPlace Internal Loop 1 ===
[par] [Exec ...11/bin/innovus -nowin -common_...] Level.DEBUG: *** Finished SKP initialization (cpu=0:00:00.2, real=0:00:00.0)***
[par] [Exec ...11/bin/innovus -nowin -common_...] Level.DEBUG: Iteration  7: Total net bbox = 9.193e+03 (4.49e+03 4.70e+03)
[par] [Exec ...11/bin/innovus -nowin -common_...] Level.DEBUG:               Est.  stn bbox = 9.690e+03 (4.86e+03 4.83e+03)
[par] [Exec ...11/bin/innovus -nowin -common_...] Level.DEBUG:               cpu = 0:00:00.4 real = 0:00:01.0 mem = 3087.0M
[par] [Exec ...11/bin/innovus -nowin -common_...] Level.DEBUG: Iteration  8: Total net bbox = 9.177e+03 (4.49e+03 4.68e+03)
[par] [Exec ...11/bin/innovus -nowin -common_...] Level.DEBUG:               Est.  stn bbox = 9.657e+03 (4.85e+03 4.80e+03)
[par] [Exec ...11/bin/innovus -nowin -common_...] Level.DEBUG:               cpu = 0:00:02.5 real = 0:00:01.0 mem = 3085.0M
[par] [Exec ...11/bin/innovus -nowin -common_...] Level.DEBUG: Iteration  9: Total net bbox = 9.296e+03 (4.54e+03 4.76e+03)
[par] [Exec ...11/bin/innovus -nowin -common_...] Level.DEBUG:               Est.  stn bbox = 9.781e+03 (4.89e+03 4.89e+03)
[par] [Exec ...11/bin/innovus -nowin -common_...] Level.DEBUG:               cpu = 0:00:16.1 real = 0:00:11.0 mem = 3085.0M
[par] [Exec ...11/bin/innovus -nowin -common_...] Level.DEBUG: Iteration 10: Total net bbox = 9.419e+03 (4.59e+03 4.83e+03)
[par] [Exec ...11/bin/innovus -nowin -common_...] Level.DEBUG:               Est.  stn bbox = 9.922e+03 (4.95e+03 4.97e+03)
[par] [Exec ...11/bin/innovus -nowin -common_...] Level.DEBUG:               cpu = 0:00:09.0 real = 0:00:07.0 mem = 3100.1M
[par] [Exec ...11/bin/innovus -nowin -common_...] Level.DEBUG: Iteration 11: Total net bbox = 9.563e+03 (4.69e+03 4.87e+03)
[par] [Exec ...11/bin/innovus -nowin -common_...] Level.DEBUG:               Est.  stn bbox = 1.009e+04 (5.08e+03 5.01e+03)
[par] [Exec ...11/bin/innovus -nowin -common_...] Level.DEBUG:               cpu = 0:00:01.4 real = 0:00:01.0 mem = 3119.1M
[par] [Exec ...11/bin/innovus -nowin -common_...] Level.DEBUG: Move report: Timing Driven Placement moves 60 insts, mean move: 14.21 um, max move: 40.69 um
[par] [Exec ...11/bin/innovus -nowin -common_...] Level.DEBUG: 	Max move on inst (g810__9945): (393.68, 423.36) --> (365.96, 410.39)
[par] [Exec ...11/bin/innovus -nowin -common_...] Level.DEBUG: 
[par] [Exec ...11/bin/innovus -nowin -common_...] Level.DEBUG: Finished Incremental Placement (cpu=0:00:30.4, real=0:00:22.0, mem=2991.1M)
[par] [Exec ...11/bin/innovus -nowin -common_...] Level.DEBUG: *** Starting place_detail (0:03:10 mem=2991.1M) ***
[par] [Exec ...11/bin/innovus -nowin -common_...] Level.DEBUG: Total net bbox length = 9.539e+03 (4.644e+03 4.895e+03) (ext = 7.584e+03)
[par] [Exec ...11/bin/innovus -nowin -common_...] Level.DEBUG: Move report: Detail placement moves 60 insts, mean move: 0.97 um, max move: 2.74 um
[par] [Exec ...11/bin/innovus -nowin -common_...] Level.DEBUG: 	Max move on inst (g806__6161): (428.56, 389.54) --> (427.28, 388.08)
[par] [Exec ...11/bin/innovus -nowin -common_...] Level.DEBUG: 	Runtime: CPU: 0:00:00.0 REAL: 0:00:00.0 MEM: 2959.1MB
[par] [Exec ...11/bin/innovus -nowin -common_...] Level.DEBUG: Summary Report:
[par] [Exec ...11/bin/innovus -nowin -common_...] Level.DEBUG: Instances move: 60 (out of 60 movable)
[par] [Exec ...11/bin/innovus -nowin -common_...] Level.DEBUG: Instances flipped: 0
[par] [Exec ...11/bin/innovus -nowin -common_...] Level.DEBUG: Mean displacement: 0.97 um
[par] [Exec ...11/bin/innovus -nowin -common_...] Level.DEBUG: Max displacement: 2.74 um (Instance: g806__6161) (428.559, 389.539) -> (427.28, 388.08)
[par] [Exec ...11/bin/innovus -nowin -common_...] Level.DEBUG: 	Length: 15 sites, height: 1 rows, site name: core7T, cell type: HA1D0BWP7T
[par] [Exec ...11/bin/innovus -nowin -common_...] Level.DEBUG: Total net bbox length = 9.437e+03 (4.560e+03 4.877e+03) (ext = 7.567e+03)
[par] [Exec ...11/bin/innovus -nowin -common_...] Level.DEBUG: Runtime: CPU: 0:00:00.1 REAL: 0:00:00.0 MEM: 2959.1MB
[par] [Exec ...11/bin/innovus -nowin -common_...] Level.DEBUG: *** Finished place_detail (0:03:10 mem=2959.1M) ***
[par] [Exec ...11/bin/innovus -nowin -common_...] Level.DEBUG: [NR-eGR] Num Prerouted Nets = 0  Num Prerouted Wires = 0
[par] [Exec ...11/bin/innovus -nowin -common_...] Level.DEBUG: [NR-eGR] Read 77 nets ( ignored 0 )
[par] [Exec ...11/bin/innovus -nowin -common_...] Level.DEBUG: [NR-eGR] There are 1 clock nets ( 0 with NDR ).
[par] [Exec ...11/bin/innovus -nowin -common_...] Level.DEBUG: [NR-eGR] Layer group 1: route 1 net(s) in layer range [2, 6]
[par] [Exec ...11/bin/innovus -nowin -common_...] Level.DEBUG: [NR-eGR] Early Global Route overflow of layer group 1: 0.00% H + 0.00% V. EstWL: 6.232800e+02um
[par] [Exec ...11/bin/innovus -nowin -common_...] Level.DEBUG: [NR-eGR] Layer group 2: route 76 net(s) in layer range [2, 6]
[par] [Exec ...11/bin/innovus -nowin -common_...] Level.DEBUG: [NR-eGR] Early Global Route overflow of layer group 2: 0.00% H + 0.00% V. EstWL: 9.580480e+03um
[par] [Exec ...11/bin/innovus -nowin -common_...] Level.DEBUG: [NR-eGR] Overflow after Early Global Route 0.00% H + 0.00% V
[par] [Exec ...11/bin/innovus -nowin -common_...] Level.DEBUG: Early Global Route congestion estimation runtime: 0.18 seconds, mem = 2985.1M
[par] [Exec ...11/bin/innovus -nowin -common_...] Level.DEBUG: Local HotSpot Analysis: normalized max congestion hotspot area = 0.00, normalized total congestion hotspot area = 0.00 (area is in unit of 4 std-cell row bins)
[par] [Exec ...11/bin/innovus -nowin -common_...] Level.DEBUG: [NR-eGR]                 Length (um)  Vias
[par] [Exec ...11/bin/innovus -nowin -common_...] Level.DEBUG: [NR-eGR] ----------------------------------
[par] [Exec ...11/bin/innovus -nowin -common_...] Level.DEBUG: [NR-eGR]  METAL1  (1H)             0   212
[par] [Exec ...11/bin/innovus -nowin -common_...] Level.DEBUG: [NR-eGR]  METAL2  (2V)          2396   303
[par] [Exec ...11/bin/innovus -nowin -common_...] Level.DEBUG: [NR-eGR]  METAL3  (3H)          4122    31
[par] [Exec ...11/bin/innovus -nowin -common_...] Level.DEBUG: [NR-eGR]  METAL4  (4V)          2703    30
[par] [Exec ...11/bin/innovus -nowin -common_...] Level.DEBUG: [NR-eGR]  METAL5  (5H)           478    18
[par] [Exec ...11/bin/innovus -nowin -common_...] Level.DEBUG: [NR-eGR]  METAL6  (6V)            48     0
[par] [Exec ...11/bin/innovus -nowin -common_...] Level.DEBUG: [NR-eGR] ----------------------------------
[par] [Exec ...11/bin/innovus -nowin -common_...] Level.DEBUG: [NR-eGR]          Total         9746   594
[par] [Exec ...11/bin/innovus -nowin -common_...] Level.DEBUG: [NR-eGR] --------------------------------------------------------------------------
[par] [Exec ...11/bin/innovus -nowin -common_...] Level.DEBUG: [NR-eGR] Total half perimeter of net bounding box: 9437um
[par] [Exec ...11/bin/innovus -nowin -common_...] Level.DEBUG: [NR-eGR] Total length: 9746um, number of vias: 594
[par] [Exec ...11/bin/innovus -nowin -common_...] Level.DEBUG: [NR-eGR] --------------------------------------------------------------------------
[par] [Exec ...11/bin/innovus -nowin -common_...] Level.DEBUG: [NR-eGR] Total eGR-routed clock nets wire length: 638um, number of vias: 46
[par] [Exec ...11/bin/innovus -nowin -common_...] Level.DEBUG: [NR-eGR] --------------------------------------------------------------------------
[par] [Exec ...11/bin/innovus -nowin -common_...] Level.DEBUG: Early Global Route wiring runtime: 0.01 seconds, mem = 2985.1M
[par] [Exec ...11/bin/innovus -nowin -common_...] Level.DEBUG: 0 delay mode for cte disabled.
[par] [Exec ...11/bin/innovus -nowin -common_...] Level.DEBUG: 
[par] [Exec ...11/bin/innovus -nowin -common_...] Level.DEBUG: *** Finished incrementalPlace (cpu=0:00:30.9, real=0:00:22.0)***
[par] [Exec ...11/bin/innovus -nowin -common_...] Level.DEBUG: Start to check current routing status for nets...
[par] [Exec ...11/bin/innovus -nowin -common_...] Level.DEBUG: All nets are already routed correctly.
[par] [Exec ...11/bin/innovus -nowin -common_...] Level.DEBUG: End to check current routing status for nets (mem=2870.1M)
[par] [Exec ...11/bin/innovus -nowin -common_...] Level.DEBUG: Extraction called for design 'top' of instances=5512 and nets=79 using extraction engine 'pre_route' .
[par] [Exec ...11/bin/innovus -nowin -common_...] Level.DEBUG: pre_route RC Extraction called for design top.
[par] [Exec ...11/bin/innovus -nowin -common_...] Level.DEBUG: RC Extraction called in multi-corner(3) mode.
[par] [Exec ...11/bin/innovus -nowin -common_...] Level.DEBUG: RCMode: PreRoute
[par] [Exec ...11/bin/innovus -nowin -common_...] Level.DEBUG:       RC Corner Indexes            0       1       2
[par] [Exec ...11/bin/innovus -nowin -common_...] Level.DEBUG: Capacitance Scaling Factor   : 1.00000 1.00000 1.00000
[par] [Exec ...11/bin/innovus -nowin -common_...] Level.DEBUG: Resistance Scaling Factor    : 1.00000 1.00000 1.00000
[par] [Exec ...11/bin/innovus -nowin -common_...] Level.DEBUG: Clock Cap. Scaling Factor    : 1.00000 1.00000 1.00000
[par] [Exec ...11/bin/innovus -nowin -common_...] Level.DEBUG: Clock Res. Scaling Factor    : 1.00000 1.00000 1.00000
[par] [Exec ...11/bin/innovus -nowin -common_...] Level.DEBUG: Shrink Factor                : 1.00000
[par] [Exec ...11/bin/innovus -nowin -common_...] Level.DEBUG: PreRoute extraction is honoring NDR/Shielding/ExtraSpace for clock nets.
[par] [Exec ...11/bin/innovus -nowin -common_...] Level.DEBUG: Using capacitance table file ...
[par] [Exec ...11/bin/innovus -nowin -common_...] Level.DEBUG: Updating RC grid for preRoute extraction ...
[par] [Exec ...11/bin/innovus -nowin -common_...] Level.DEBUG: Initializing multi-corner capacitance tables ...
[par] [Exec ...11/bin/innovus -nowin -common_...] Level.DEBUG: Initializing multi-corner resistance tables ...
[par] [Exec ...11/bin/innovus -nowin -common_...] Level.DEBUG: PreRoute RC Extraction DONE (CPU Time: 0:00:00.1  Real Time: 0:00:00.0  MEM: 2870.094M)
[par] [Exec ...11/bin/innovus -nowin -common_...] Level.DEBUG: Compute RC Scale Done ...
[par] [Exec ...11/bin/innovus -nowin -common_...] Level.DEBUG: **opt_design ... cpu = 0:01:19, real = 0:01:09, mem = 1816.2M, totSessionCpu=0:03:10 **
[par] [Exec ...11/bin/innovus -nowin -common_...] Level.DEBUG: AAE_INFO: opIsDesignInPostRouteState() is 0
[par] [Exec ...11/bin/innovus -nowin -common_...] Level.DEBUG: #################################################################################
[par] [Exec ...11/bin/innovus -nowin -common_...] Level.DEBUG: # Design Stage: PreRoute
[par] [Exec ...11/bin/innovus -nowin -common_...] Level.DEBUG: # Design Name: top
[par] [Exec ...11/bin/innovus -nowin -common_...] Level.DEBUG: # Design Mode: 180nm
[par] [Exec ...11/bin/innovus -nowin -common_...] Level.DEBUG: # Analysis Mode: MMMC OCV
[par] [Exec ...11/bin/innovus -nowin -common_...] Level.DEBUG: # Parasitics Mode: No SPEF/RCDB
[par] [Exec ...11/bin/innovus -nowin -common_...] Level.DEBUG: # Signoff Settings: SI Off
[par] [Exec ...11/bin/innovus -nowin -common_...] Level.DEBUG: #################################################################################
[par] [Exec ...11/bin/innovus -nowin -common_...] Level.DEBUG: Start delay calculation (fullDC) (4 T). (MEM=2917.61)
[par] [Exec ...11/bin/innovus -nowin -common_...] Level.DEBUG: Total number of fetched objects 77
[par] [Exec ...11/bin/innovus -nowin -common_...] Level.DEBUG: AAE_INFO: Total number of nets for which stage creation was skipped for all views 0
[par] [Exec ...11/bin/innovus -nowin -common_...] Level.DEBUG: End delay calculation. (MEM=3090.09 CPU=0:00:00.0 REAL=0:00:00.0)
[par] [Exec ...11/bin/innovus -nowin -common_...] Level.DEBUG: End delay calculation (fullDC). (MEM=3090.09 CPU=0:00:00.1 REAL=0:00:00.0)
[par] [Exec ...11/bin/innovus -nowin -common_...] Level.DEBUG: *** IncrReplace #2 [finish] (place_opt_design #1) : cpu/real = 0:00:31.4/0:00:23.5 (1.3), totSession cpu/real = 0:03:10.9/0:03:03.2 (1.0), mem = 3098.1M
[par] [Exec ...11/bin/innovus -nowin -common_...] Level.DEBUG: *** Timing Is met
[par] [Exec ...11/bin/innovus -nowin -common_...] Level.DEBUG: *** Check timing (0:00:00.0)
[par] [Exec ...11/bin/innovus -nowin -common_...] Level.DEBUG: *** Timing Is met
[par] [Exec ...11/bin/innovus -nowin -common_...] Level.DEBUG: *** Check timing (0:00:00.0)
[par] [Exec ...11/bin/innovus -nowin -common_...] Level.DEBUG: GigaOpt Checkpoint: Internal reclaim -numThreads 4 -customPhyUpdate -noGCompAndPhase -force -svrReclaim -rtrShortNets -allowDegradingShortNetRemoval -preCTS -tgtSlackMult 2 -wtns -noRouteTypeResizePolish -noViewPrune -nativePathGroupFlow
[par] [Exec ...11/bin/innovus -nowin -common_...] Level.DEBUG: Info: 1 clock net  excluded from IPO operation.
[par] [Exec ...11/bin/innovus -nowin -common_...] Level.DEBUG: Begin: Area Reclaim Optimization
[par] [Exec ...11/bin/innovus -nowin -common_...] Level.DEBUG: *** AreaOpt #3 [begin] (place_opt_design #1) : totSession cpu/real = 0:03:11.0/0:03:03.3 (1.0), mem = 3241.8M
[par] [Exec ...11/bin/innovus -nowin -common_...] Level.DEBUG: Reclaim Optimization WNS Slack 0.100  TNS Slack 0.000 Density 0.28
[par] [Exec ...11/bin/innovus -nowin -common_...] Level.DEBUG: +---------+---------+--------+--------+------------+--------+
[par] [Exec ...11/bin/innovus -nowin -common_...] Level.DEBUG: | Density | Commits |  WNS   |  TNS   |    Real    |  Mem   |
[par] [Exec ...11/bin/innovus -nowin -common_...] Level.DEBUG: +---------+---------+--------+--------+------------+--------+
[par] [Exec ...11/bin/innovus -nowin -common_...] Level.DEBUG: |    0.28%|        -|   0.100|   0.000|   0:00:00.0| 3241.8M|
[par] [Exec ...11/bin/innovus -nowin -common_...] Level.DEBUG: |    0.28%|        0|   0.100|   0.000|   0:00:00.0| 3241.8M|
[par] [Exec ...11/bin/innovus -nowin -common_...] Level.DEBUG: |    0.28%|        0|   0.100|   0.000|   0:00:00.0| 3241.8M|
[par] [Exec ...11/bin/innovus -nowin -common_...] Level.DEBUG: |    0.28%|        0|   0.100|   0.000|   0:00:00.0| 3241.8M|
[par] [Exec ...11/bin/innovus -nowin -common_...] Level.DEBUG: |    0.28%|        0|   0.100|   0.000|   0:00:00.0| 3241.8M|
[par] [Exec ...11/bin/innovus -nowin -common_...] Level.DEBUG: +---------+---------+--------+--------+------------+--------+
[par] [Exec ...11/bin/innovus -nowin -common_...] Level.DEBUG: Reclaim Optimization End WNS Slack 0.100  TNS Slack 0.000 Density 0.28
[par] [Exec ...11/bin/innovus -nowin -common_...] Level.DEBUG: Bottom Preferred Layer:
[par] [Exec ...11/bin/innovus -nowin -common_...] Level.DEBUG: +---------------+------------+----------------------+
[par] [Exec ...11/bin/innovus -nowin -common_...] Level.DEBUG: |     Layer     |   CCOpt    |         Rule         |
[par] [Exec ...11/bin/innovus -nowin -common_...] Level.DEBUG: +---------------+------------+----------------------+
[par] [Exec ...11/bin/innovus -nowin -common_...] Level.DEBUG: | METAL2 (z=2)  |          1 | cts_spec_1w_2s_leaf  |
[par] [Exec ...11/bin/innovus -nowin -common_...] Level.DEBUG: +---------------+------------+----------------------+
[par] [Exec ...11/bin/innovus -nowin -common_...] Level.DEBUG: Via Pillar Rule:
[par] [Exec ...11/bin/innovus -nowin -common_...] Level.DEBUG:     None
[par] [Exec ...11/bin/innovus -nowin -common_...] Level.DEBUG: 
[par] [Exec ...11/bin/innovus -nowin -common_...] Level.DEBUG: Number of times islegalLocAvaiable called = 0 skipped = 0, called in commitmove = 0, skipped in commitmove = 0
[par] [Exec ...11/bin/innovus -nowin -common_...] Level.DEBUG: End: Core Area Reclaim Optimization (cpu = 0:00:00.3) (real = 0:00:01.0) **
[par] [Exec ...11/bin/innovus -nowin -common_...] Level.DEBUG: *** Starting place_detail (0:03:11 mem=3168.8M) ***
[par] [Exec ...11/bin/innovus -nowin -common_...] Level.DEBUG: Total net bbox length = 9.437e+03 (4.560e+03 4.877e+03) (ext = 7.567e+03)
[par] [Exec ...11/bin/innovus -nowin -common_...] Level.DEBUG: Move report: Detail placement moves 0 insts, mean move: 0.00 um, max move: 0.00 um
[par] [Exec ...11/bin/innovus -nowin -common_...] Level.DEBUG: 	Runtime: CPU: 0:00:00.0 REAL: 0:00:00.0 MEM: 3136.8MB
[par] [Exec ...11/bin/innovus -nowin -common_...] Level.DEBUG: Summary Report:
[par] [Exec ...11/bin/innovus -nowin -common_...] Level.DEBUG: Instances move: 0 (out of 60 movable)
[par] [Exec ...11/bin/innovus -nowin -common_...] Level.DEBUG: Instances flipped: 0
[par] [Exec ...11/bin/innovus -nowin -common_...] Level.DEBUG: Mean displacement: 0.00 um
[par] [Exec ...11/bin/innovus -nowin -common_...] Level.DEBUG: Max displacement: 0.00 um
[par] [Exec ...11/bin/innovus -nowin -common_...] Level.DEBUG: Total net bbox length = 9.437e+03 (4.560e+03 4.877e+03) (ext = 7.567e+03)
[par] [Exec ...11/bin/innovus -nowin -common_...] Level.DEBUG: Runtime: CPU: 0:00:00.0 REAL: 0:00:00.0 MEM: 3136.8MB
[par] [Exec ...11/bin/innovus -nowin -common_...] Level.DEBUG: *** Finished place_detail (0:03:11 mem=3136.8M) ***
[par] [Exec ...11/bin/innovus -nowin -common_...] Level.DEBUG: Finished re-routing un-routed nets (0:00:00.0 3136.8M)
[par] [Exec ...11/bin/innovus -nowin -common_...] Level.DEBUG: 
[par] [Exec ...11/bin/innovus -nowin -common_...] Level.DEBUG: 
[par] [Exec ...11/bin/innovus -nowin -common_...] Level.DEBUG: Density : 0.0028
[par] [Exec ...11/bin/innovus -nowin -common_...] Level.DEBUG: PD Density (AO) : n/a
[par] [Exec ...11/bin/innovus -nowin -common_...] Level.DEBUG: Max route overflow : 0.0000
[par] [Exec ...11/bin/innovus -nowin -common_...] Level.DEBUG: 
[par] [Exec ...11/bin/innovus -nowin -common_...] Level.DEBUG: 
[par] [Exec ...11/bin/innovus -nowin -common_...] Level.DEBUG: *** Finish Physical Update (cpu=0:00:00.2 real=0:00:00.0 mem=3168.8M) ***
[par] [Exec ...11/bin/innovus -nowin -common_...] Level.DEBUG: *** AreaOpt #3 [finish] (place_opt_design #1) : cpu/real = 0:00:00.5/0:00:00.7 (0.7), totSession cpu/real = 0:03:11.5/0:03:04.0 (1.0), mem = 3168.8M
[par] [Exec ...11/bin/innovus -nowin -common_...] Level.DEBUG: End: Area Reclaim Optimization (cpu=0:00:01, real=0:00:01, mem=2962.09M, totSessionCpu=0:03:12).
[par] [Exec ...11/bin/innovus -nowin -common_...] Level.DEBUG: OPTC: user 20.0
[par] [Exec ...11/bin/innovus -nowin -common_...] Level.DEBUG: Begin: GigaOpt postEco DRV Optimization
[par] [Exec ...11/bin/innovus -nowin -common_...] Level.DEBUG: GigaOpt Checkpoint: Internal optDRV -inPostEcoStage -smallScaleFixing -maxIter 3 -max_tran -max_cap -maxLocalDensity 0.98 -numThreads 4 -preRouteDontEndWithRefinePlaceIncrSteinerRouteDC -preCTS -max_fanout
[par] [Exec ...11/bin/innovus -nowin -common_...] Level.DEBUG: *** DrvOpt #1 [begin] (place_opt_design #1) : totSession cpu/real = 0:03:11.5/0:03:04.1 (1.0), mem = 2962.1M
[par] [Exec ...11/bin/innovus -nowin -common_...] Level.DEBUG: Info: 1 clock net  excluded from IPO operation.
[par] [Exec ...11/bin/innovus -nowin -common_...] Level.DEBUG: +-------------------------------------------------------------------------------------------------------------------------------------------------------+
[par] [Exec ...11/bin/innovus -nowin -common_...] Level.DEBUG: |        max-tran       |        max-cap        |  max-fanout |  max-length |       setup       |        |        |        |       |          |         |
[par] [Exec ...11/bin/innovus -nowin -common_...] Level.DEBUG: +-------------------------------------------------------------------------------------------------------------------------------------------------------+
[par] [Exec ...11/bin/innovus -nowin -common_...] Level.DEBUG: | nets | terms|  wViol  | nets | terms|  wViol  | nets | terms| nets | terms|   WNS   |   TNS   |  #Buf  |  #Inv  | #Resize|Density|   Real   |   Mem   |
[par] [Exec ...11/bin/innovus -nowin -common_...] Level.DEBUG: +-------------------------------------------------------------------------------------------------------------------------------------------------------+
[par] [Exec ...11/bin/innovus -nowin -common_...] Level.DEBUG: |     0|     0|     0.00|     0|     0|     0.00|     0|     0|     0|     0|     7.28|     0.00|       0|       0|       0|  0.28%|          |         |
[par] [Exec ...11/bin/innovus -nowin -common_...] Level.DEBUG: |     0|     0|     0.00|     0|     0|     0.00|     0|     0|     0|     0|     7.28|     0.00|       0|       0|       0|  0.28%| 0:00:00.0|  3169.2M|
[par] [Exec ...11/bin/innovus -nowin -common_...] Level.DEBUG: +-------------------------------------------------------------------------------------------------------------------------------------------------------+
[par] [Exec ...11/bin/innovus -nowin -common_...] Level.DEBUG: Bottom Preferred Layer:
[par] [Exec ...11/bin/innovus -nowin -common_...] Level.DEBUG: +---------------+------------+----------------------+
[par] [Exec ...11/bin/innovus -nowin -common_...] Level.DEBUG: |     Layer     |   CCOpt    |         Rule         |
[par] [Exec ...11/bin/innovus -nowin -common_...] Level.DEBUG: +---------------+------------+----------------------+
[par] [Exec ...11/bin/innovus -nowin -common_...] Level.DEBUG: | METAL2 (z=2)  |          1 | cts_spec_1w_2s_leaf  |
[par] [Exec ...11/bin/innovus -nowin -common_...] Level.DEBUG: +---------------+------------+----------------------+
[par] [Exec ...11/bin/innovus -nowin -common_...] Level.DEBUG: Via Pillar Rule:
[par] [Exec ...11/bin/innovus -nowin -common_...] Level.DEBUG:     None
[par] [Exec ...11/bin/innovus -nowin -common_...] Level.DEBUG: 
[par] [Exec ...11/bin/innovus -nowin -common_...] Level.DEBUG: *** Finish DRV Fixing (cpu=0:00:00.0 real=0:00:00.0 mem=3169.2M) ***
[par] [Exec ...11/bin/innovus -nowin -common_...] Level.DEBUG: 
[par] [Exec ...11/bin/innovus -nowin -common_...] Level.DEBUG: *** DrvOpt #1 [finish] (place_opt_design #1) : cpu/real = 0:00:00.4/0:00:00.6 (0.7), totSession cpu/real = 0:03:11.9/0:03:04.7 (1.0), mem = 2962.5M
[par] [Exec ...11/bin/innovus -nowin -common_...] Level.DEBUG: End: GigaOpt postEco DRV Optimization
[par] [Exec ...11/bin/innovus -nowin -common_...] Level.DEBUG: **INFO: Skipping refine place as no non-legal commits were detected
[par] [Exec ...11/bin/innovus -nowin -common_...] Level.DEBUG: Register exp ratio and priority group on 0 nets on 77 nets :
[par] [Exec ...11/bin/innovus -nowin -common_...] Level.DEBUG: 
[par] [Exec ...11/bin/innovus -nowin -common_...] Level.DEBUG: Active setup views:
[par] [Exec ...11/bin/innovus -nowin -common_...] Level.DEBUG:  WCCOM.setup_view
[par] [Exec ...11/bin/innovus -nowin -common_...] Level.DEBUG:   Dominating endpoints: 0
[par] [Exec ...11/bin/innovus -nowin -common_...] Level.DEBUG:   Dominating TNS: -0.000
[par] [Exec ...11/bin/innovus -nowin -common_...] Level.DEBUG: 
[par] [Exec ...11/bin/innovus -nowin -common_...] Level.DEBUG: Extraction called for design 'top' of instances=5512 and nets=79 using extraction engine 'pre_route' .
[par] [Exec ...11/bin/innovus -nowin -common_...] Level.DEBUG: pre_route RC Extraction called for design top.
[par] [Exec ...11/bin/innovus -nowin -common_...] Level.DEBUG: RC Extraction called in multi-corner(3) mode.
[par] [Exec ...11/bin/innovus -nowin -common_...] Level.DEBUG: RCMode: PreRoute
[par] [Exec ...11/bin/innovus -nowin -common_...] Level.DEBUG:       RC Corner Indexes            0       1       2
[par] [Exec ...11/bin/innovus -nowin -common_...] Level.DEBUG: Capacitance Scaling Factor   : 1.00000 1.00000 1.00000
[par] [Exec ...11/bin/innovus -nowin -common_...] Level.DEBUG: Resistance Scaling Factor    : 1.00000 1.00000 1.00000
[par] [Exec ...11/bin/innovus -nowin -common_...] Level.DEBUG: Clock Cap. Scaling Factor    : 1.00000 1.00000 1.00000
[par] [Exec ...11/bin/innovus -nowin -common_...] Level.DEBUG: Clock Res. Scaling Factor    : 1.00000 1.00000 1.00000
[par] [Exec ...11/bin/innovus -nowin -common_...] Level.DEBUG: Shrink Factor                : 1.00000
[par] [Exec ...11/bin/innovus -nowin -common_...] Level.DEBUG: PreRoute extraction is honoring NDR/Shielding/ExtraSpace for clock nets.
[par] [Exec ...11/bin/innovus -nowin -common_...] Level.DEBUG: Using capacitance table file ...
[par] [Exec ...11/bin/innovus -nowin -common_...] Level.DEBUG: Skipped RC grid update for preRoute extraction.
[par] [Exec ...11/bin/innovus -nowin -common_...] Level.DEBUG: Initializing multi-corner capacitance tables ...
[par] [Exec ...11/bin/innovus -nowin -common_...] Level.DEBUG: Initializing multi-corner resistance tables ...
[par] [Exec ...11/bin/innovus -nowin -common_...] Level.DEBUG: PreRoute RC Extraction DONE (CPU Time: 0:00:00.1  Real Time: 0:00:00.0  MEM: 2885.141M)
[par] [Exec ...11/bin/innovus -nowin -common_...] Level.DEBUG: Skewing Data Summary (End_of_FINAL)
[par] [Exec ...11/bin/innovus -nowin -common_...] Level.DEBUG: --------------------------------------------------
[par] [Exec ...11/bin/innovus -nowin -common_...] Level.DEBUG:  Total skewed count:0
[par] [Exec ...11/bin/innovus -nowin -common_...] Level.DEBUG: --------------------------------------------------
[par] [Exec ...11/bin/innovus -nowin -common_...] Level.DEBUG: Starting delay calculation for Setup views
[par] [Exec ...11/bin/innovus -nowin -common_...] Level.DEBUG: AAE_INFO: opIsDesignInPostRouteState() is 0
[par] [Exec ...11/bin/innovus -nowin -common_...] Level.DEBUG: #################################################################################
[par] [Exec ...11/bin/innovus -nowin -common_...] Level.DEBUG: # Design Stage: PreRoute
[par] [Exec ...11/bin/innovus -nowin -common_...] Level.DEBUG: # Design Name: top
[par] [Exec ...11/bin/innovus -nowin -common_...] Level.DEBUG: # Design Mode: 180nm
[par] [Exec ...11/bin/innovus -nowin -common_...] Level.DEBUG: # Analysis Mode: MMMC OCV
[par] [Exec ...11/bin/innovus -nowin -common_...] Level.DEBUG: # Parasitics Mode: No SPEF/RCDB
[par] [Exec ...11/bin/innovus -nowin -common_...] Level.DEBUG: # Signoff Settings: SI Off
[par] [Exec ...11/bin/innovus -nowin -common_...] Level.DEBUG: #################################################################################
[par] [Exec ...11/bin/innovus -nowin -common_...] Level.DEBUG: Start delay calculation (fullDC) (4 T). (MEM=2929.31)
[par] [Exec ...11/bin/innovus -nowin -common_...] Level.DEBUG: Total number of fetched objects 77
[par] [Exec ...11/bin/innovus -nowin -common_...] Level.DEBUG: AAE_INFO: Total number of nets for which stage creation was skipped for all views 0
[par] [Exec ...11/bin/innovus -nowin -common_...] Level.DEBUG: End delay calculation. (MEM=3100.79 CPU=0:00:00.1 REAL=0:00:00.0)
[par] [Exec ...11/bin/innovus -nowin -common_...] Level.DEBUG: End delay calculation (fullDC). (MEM=3100.79 CPU=0:00:00.1 REAL=0:00:00.0)
[par] [Exec ...11/bin/innovus -nowin -common_...] Level.DEBUG: *** Done Building Timing Graph (cpu=0:00:00.3 real=0:00:01.0 totSessionCpu=0:03:13 mem=3108.8M)
[par] [Exec ...11/bin/innovus -nowin -common_...] Level.DEBUG: OPTC: user 20.0
[par] [Exec ...11/bin/innovus -nowin -common_...] Level.DEBUG: [NR-eGR] Num Prerouted Nets = 0  Num Prerouted Wires = 0
[par] [Exec ...11/bin/innovus -nowin -common_...] Level.DEBUG: [NR-eGR] Read 77 nets ( ignored 0 )
[par] [Exec ...11/bin/innovus -nowin -common_...] Level.DEBUG: [NR-eGR] There are 1 clock nets ( 0 with NDR ).
[par] [Exec ...11/bin/innovus -nowin -common_...] Level.DEBUG: [NR-eGR] Layer group 1: route 1 net(s) in layer range [2, 6]
[par] [Exec ...11/bin/innovus -nowin -common_...] Level.DEBUG: [NR-eGR] Early Global Route overflow of layer group 1: 0.00% H + 0.00% V. EstWL: 6.232800e+02um
[par] [Exec ...11/bin/innovus -nowin -common_...] Level.DEBUG: [NR-eGR] Layer group 2: route 76 net(s) in layer range [2, 6]
[par] [Exec ...11/bin/innovus -nowin -common_...] Level.DEBUG: [NR-eGR] Early Global Route overflow of layer group 2: 0.00% H + 0.00% V. EstWL: 9.580480e+03um
[par] [Exec ...11/bin/innovus -nowin -common_...] Level.DEBUG: [NR-eGR] Overflow after Early Global Route 0.00% H + 0.00% V
[par] [Exec ...11/bin/innovus -nowin -common_...] Level.DEBUG: [NR-eGR] Finished Early Global Route kernel ( CPU: 0.09 sec, Real: 0.15 sec, Curr Mem: 3140.79 MB )
[par] [Exec ...11/bin/innovus -nowin -common_...] Level.DEBUG: [hotspot] +------------+---------------+---------------+
[par] [Exec ...11/bin/innovus -nowin -common_...] Level.DEBUG: [hotspot] |            |   max hotspot | total hotspot |
[par] [Exec ...11/bin/innovus -nowin -common_...] Level.DEBUG: [hotspot] +------------+---------------+---------------+
[par] [Exec ...11/bin/innovus -nowin -common_...] Level.DEBUG: [hotspot] | normalized |          0.00 |          0.00 |
[par] [Exec ...11/bin/innovus -nowin -common_...] Level.DEBUG: [hotspot] +------------+---------------+---------------+
[par] [Exec ...11/bin/innovus -nowin -common_...] Level.DEBUG: Local HotSpot Analysis: normalized max congestion hotspot area = 0.00, normalized total congestion hotspot area = 0.00 (area is in unit of 4 std-cell row bins)
[par] [Exec ...11/bin/innovus -nowin -common_...] Level.DEBUG: [hotspot] Hotspot report including placement blocked areas
[par] [Exec ...11/bin/innovus -nowin -common_...] Level.DEBUG: [hotspot] +------------+---------------+---------------+
[par] [Exec ...11/bin/innovus -nowin -common_...] Level.DEBUG: [hotspot] |            |   max hotspot | total hotspot |
[par] [Exec ...11/bin/innovus -nowin -common_...] Level.DEBUG: [hotspot] +------------+---------------+---------------+
[par] [Exec ...11/bin/innovus -nowin -common_...] Level.DEBUG: [hotspot] | normalized |          0.00 |          0.00 |
[par] [Exec ...11/bin/innovus -nowin -common_...] Level.DEBUG: [hotspot] +------------+---------------+---------------+
[par] [Exec ...11/bin/innovus -nowin -common_...] Level.DEBUG: Local HotSpot Analysis (blockage included): normalized max congestion hotspot area = 0.00, normalized total congestion hotspot area = 0.00 (area is in unit of 4 std-cell row bins)
[par] [Exec ...11/bin/innovus -nowin -common_...] Level.DEBUG: cleaningup cpe interface
[par] [Exec ...11/bin/innovus -nowin -common_...] Level.DEBUG: Reported timing to dir ./timingReports
[par] [Exec ...11/bin/innovus -nowin -common_...] Level.DEBUG: **opt_design ... cpu = 0:01:22, real = 0:01:12, mem = 1920.7M, totSessionCpu=0:03:13 **
[par] [Exec ...11/bin/innovus -nowin -common_...] Level.DEBUG: **ERROR: (IMPOPT-801):	Genus executable not found in PATH. Final QoR could be impacted. Install Genus, add the path to the genus executable in the PATH variable and rerun Innovus.
[par] [Exec ...11/bin/innovus -nowin -common_...] Level.DEBUG: ** Profile ** Start :  cpu=0:00:00.0, mem=2969.8M
[par] [Exec ...11/bin/innovus -nowin -common_...] Level.DEBUG: ** Profile ** Other data :  cpu=0:00:00.0, mem=2969.8M
[par] [Exec ...11/bin/innovus -nowin -common_...] Level.DEBUG: ** Profile ** Overall slacks :  cpu=0:00:00.0, mem=3071.7M
[par] [Exec ...11/bin/innovus -nowin -common_...] Level.DEBUG: ** Profile ** Total reports :  cpu=0:00:00.1, mem=2993.8M
[par] [Exec ...11/bin/innovus -nowin -common_...] Level.DEBUG: ** Profile ** DRVs :  cpu=0:00:00.0, mem=2984.2M
[par] [Exec ...11/bin/innovus -nowin -common_...] Level.DEBUG: 
[par] [Exec ...11/bin/innovus -nowin -common_...] Level.DEBUG: ------------------------------------------------------------------
[par] [Exec ...11/bin/innovus -nowin -common_...] Level.DEBUG:      opt_design Final Summary
[par] [Exec ...11/bin/innovus -nowin -common_...] Level.DEBUG: ------------------------------------------------------------------
[par] [Exec ...11/bin/innovus -nowin -common_...] Level.DEBUG: 
[par] [Exec ...11/bin/innovus -nowin -common_...] Level.DEBUG: Setup views included:
[par] [Exec ...11/bin/innovus -nowin -common_...] Level.DEBUG:  WCCOM.setup_view
[par] [Exec ...11/bin/innovus -nowin -common_...] Level.DEBUG: 
[par] [Exec ...11/bin/innovus -nowin -common_...] Level.DEBUG: +--------------------+---------+---------+---------+
[par] [Exec ...11/bin/innovus -nowin -common_...] Level.DEBUG: |     Setup mode     |   all   | reg2reg | default |
[par] [Exec ...11/bin/innovus -nowin -common_...] Level.DEBUG: +--------------------+---------+---------+---------+
[par] [Exec ...11/bin/innovus -nowin -common_...] Level.DEBUG: |           WNS (ns):|  7.280  |  7.280  |  8.883  |
[par] [Exec ...11/bin/innovus -nowin -common_...] Level.DEBUG: |           TNS (ns):|  0.000  |  0.000  |  0.000  |
[par] [Exec ...11/bin/innovus -nowin -common_...] Level.DEBUG: |    Violating Paths:|    0    |    0    |    0    |
[par] [Exec ...11/bin/innovus -nowin -common_...] Level.DEBUG: |          All Paths:|   32    |    8    |   24    |
[par] [Exec ...11/bin/innovus -nowin -common_...] Level.DEBUG: +--------------------+---------+---------+---------+
[par] [Exec ...11/bin/innovus -nowin -common_...] Level.DEBUG: 
[par] [Exec ...11/bin/innovus -nowin -common_...] Level.DEBUG: +----------------+-------------------------------+------------------+
[par] [Exec ...11/bin/innovus -nowin -common_...] Level.DEBUG: |                |              Real             |       Total      |
[par] [Exec ...11/bin/innovus -nowin -common_...] Level.DEBUG: |    DRVs        +------------------+------------+------------------|
[par] [Exec ...11/bin/innovus -nowin -common_...] Level.DEBUG: |                |  Nr nets(terms)  | Worst Vio  |  Nr nets(terms)  |
[par] [Exec ...11/bin/innovus -nowin -common_...] Level.DEBUG: +----------------+------------------+------------+------------------+
[par] [Exec ...11/bin/innovus -nowin -common_...] Level.DEBUG: |   max_cap      |      0 (0)       |   0.000    |      0 (0)       |
[par] [Exec ...11/bin/innovus -nowin -common_...] Level.DEBUG: |   max_tran     |      0 (0)       |   0.000    |      0 (0)       |
[par] [Exec ...11/bin/innovus -nowin -common_...] Level.DEBUG: |   max_fanout   |      0 (0)       |     0      |      0 (0)       |
[par] [Exec ...11/bin/innovus -nowin -common_...] Level.DEBUG: |   max_length   |      0 (0)       |     0      |      0 (0)       |
[par] [Exec ...11/bin/innovus -nowin -common_...] Level.DEBUG: +----------------+------------------+------------+------------------+
[par] [Exec ...11/bin/innovus -nowin -common_...] Level.DEBUG: 
[par] [Exec ...11/bin/innovus -nowin -common_...] Level.DEBUG: Density: 0.275%
[par] [Exec ...11/bin/innovus -nowin -common_...] Level.DEBUG: Routing Overflow: 0.00% H and 0.00% V
[par] [Exec ...11/bin/innovus -nowin -common_...] Level.DEBUG: ------------------------------------------------------------------
[par] [Exec ...11/bin/innovus -nowin -common_...] Level.DEBUG: ** Profile ** Report data :  cpu=0:00:00.1, mem=2984.2M
[par] [Exec ...11/bin/innovus -nowin -common_...] Level.DEBUG: **ERROR: (IMPOPT-801):	Genus executable not found in PATH. Final QoR could be impacted. Install Genus, add the path to the genus executable in the PATH variable and rerun Innovus.
[par] [Exec ...11/bin/innovus -nowin -common_...] Level.DEBUG: **opt_design ... cpu = 0:01:22, real = 0:01:14, mem = 1931.0M, totSessionCpu=0:03:13 **
[par] [Exec ...11/bin/innovus -nowin -common_...] Level.DEBUG: **WARN: (IMPOPT-3195):	Analysis mode has changed.
[par] [Exec ...11/bin/innovus -nowin -common_...] Level.DEBUG: Type 'man IMPOPT-3195' for more detail.
[par] [Exec ...11/bin/innovus -nowin -common_...] Level.DEBUG: *** Finished opt_design ***
[par] [Exec ...11/bin/innovus -nowin -common_...] Level.DEBUG:       flow.cputime  flow.realtime  timing.setup.tns  timing.setup.wns  snapshot
[par] [Exec ...11/bin/innovus -nowin -common_...] Level.DEBUG: UM:*                                       0.000 ns          7.280 ns  final
[par] [Exec ...11/bin/innovus -nowin -common_...] Level.DEBUG: UM: Running design category ...
[par] [Exec ...11/bin/innovus -nowin -common_...] Level.DEBUG: 
[par] [Exec ...11/bin/innovus -nowin -common_...] Level.DEBUG: ------------------------------------------------------------
[par] [Exec ...11/bin/innovus -nowin -common_...] Level.DEBUG: 	Current design flip-flop statistics
[par] [Exec ...11/bin/innovus -nowin -common_...] Level.DEBUG: 
[par] [Exec ...11/bin/innovus -nowin -common_...] Level.DEBUG: Single-Bit FF Count          :           16
[par] [Exec ...11/bin/innovus -nowin -common_...] Level.DEBUG: Multi-Bit FF Count           :            0
[par] [Exec ...11/bin/innovus -nowin -common_...] Level.DEBUG: Total Bit Count              :           16
[par] [Exec ...11/bin/innovus -nowin -common_...] Level.DEBUG: Total FF Count               :           16
[par] [Exec ...11/bin/innovus -nowin -common_...] Level.DEBUG: Bits Per Flop                :        1.000
[par] [Exec ...11/bin/innovus -nowin -common_...] Level.DEBUG: Total Clock Pin Cap(FF)      :       47.024
[par] [Exec ...11/bin/innovus -nowin -common_...] Level.DEBUG: Multibit Conversion Ratio(%) :         0.00
[par] [Exec ...11/bin/innovus -nowin -common_...] Level.DEBUG: ------------------------------------------------------------
[par] [Exec ...11/bin/innovus -nowin -common_...] Level.DEBUG: ------------------------------------------------------------
[par] [Exec ...11/bin/innovus -nowin -common_...] Level.DEBUG:             Multi-bit cell usage statistics
[par] [Exec ...11/bin/innovus -nowin -common_...] Level.DEBUG: 
[par] [Exec ...11/bin/innovus -nowin -common_...] Level.DEBUG: ------------------------------------------------------------
[par] [Exec ...11/bin/innovus -nowin -common_...] Level.DEBUG: ============================================================
[par] [Exec ...11/bin/innovus -nowin -common_...] Level.DEBUG: Sequential Multibit cells usage statistics
[par] [Exec ...11/bin/innovus -nowin -common_...] Level.DEBUG: ------------------------------------------------------------
[par] [Exec ...11/bin/innovus -nowin -common_...] Level.DEBUG:             Not Merged-bits         Merged-bits     Multibit Conversion %     Bits Per Flop
[par] [Exec ...11/bin/innovus -nowin -common_...] Level.DEBUG: ------------------------------------------------------------
[par] [Exec ...11/bin/innovus -nowin -common_...] Level.DEBUG: -FlipFlops               16                    0        0.00                    1.00
[par] [Exec ...11/bin/innovus -nowin -common_...] Level.DEBUG: ------------------------------------------------------------
[par] [Exec ...11/bin/innovus -nowin -common_...] Level.DEBUG: 
[par] [Exec ...11/bin/innovus -nowin -common_...] Level.DEBUG: ------------------------------------------------------------
[par] [Exec ...11/bin/innovus -nowin -common_...] Level.DEBUG: Seq_Mbit libcell              Bitwidth        Count
[par] [Exec ...11/bin/innovus -nowin -common_...] Level.DEBUG: ------------------------------------------------------------
[par] [Exec ...11/bin/innovus -nowin -common_...] Level.DEBUG: Total 0
[par] [Exec ...11/bin/innovus -nowin -common_...] Level.DEBUG: ============================================================
[par] [Exec ...11/bin/innovus -nowin -common_...] Level.DEBUG: ------------------------------------------------------------
[par] [Exec ...11/bin/innovus -nowin -common_...] Level.DEBUG: Category            Num of Insts Rejected     Reasons
[par] [Exec ...11/bin/innovus -nowin -common_...] Level.DEBUG: ------------------------------------------------------------
[par] [Exec ...11/bin/innovus -nowin -common_...] Level.DEBUG: ------------------------------------------------------------
[par] [Exec ...11/bin/innovus -nowin -common_...] Level.DEBUG:       flow.cputime  flow.realtime  timing.setup.tns  timing.setup.wns  snapshot
[par] [Exec ...11/bin/innovus -nowin -common_...] Level.DEBUG: UM:          82.37             75          0.000 ns          7.280 ns  opt_design_prects
[par] [Exec ...11/bin/innovus -nowin -common_...] Level.DEBUG: Info: Summary of CRR changes:
[par] [Exec ...11/bin/innovus -nowin -common_...] Level.DEBUG:       - Timing transform commits:       0
[par] [Exec ...11/bin/innovus -nowin -common_...] Level.DEBUG: cleaningup cpe interface
[par] [Exec ...11/bin/innovus -nowin -common_...] Level.DEBUG: Disable CTE adjustment.
[par] [Exec ...11/bin/innovus -nowin -common_...] Level.DEBUG: cleaningup cpe interface
[par] [Exec ...11/bin/innovus -nowin -common_...] Level.DEBUG: #optDebug: fT-D <X 1 0 0 0>
[par] [Exec ...11/bin/innovus -nowin -common_...] Level.DEBUG: **place_opt_design ... cpu = 0:01:29, real = 0:01:25, mem = 2923.2M **
[par] [Exec ...11/bin/innovus -nowin -common_...] Level.DEBUG: *** Finished GigaPlace ***
[par] [Exec ...11/bin/innovus -nowin -common_...] Level.DEBUG: 
[par] [Exec ...11/bin/innovus -nowin -common_...] Level.DEBUG: *** Summary of all messages that are not suppressed in this session:
[par] [Exec ...11/bin/innovus -nowin -common_...] Level.DEBUG: Severity  ID               Count  Summary
[par] [Exec ...11/bin/innovus -nowin -common_...] Level.DEBUG: WARNING   IMPSP-9025           2  No scan chain specified/traced.
[par] [Exec ...11/bin/innovus -nowin -common_...] Level.DEBUG: WARNING   IMPOPT-3195          2  Analysis mode has changed.
[par] [Exec ...11/bin/innovus -nowin -common_...] Level.DEBUG: ERROR     IMPOPT-800           1  Turning off Critical Region Resynthesis,...
[par] [Exec ...11/bin/innovus -nowin -common_...] Level.DEBUG: ERROR     IMPOPT-801           5  Genus executable not found in PATH%s. In...
[par] [Exec ...11/bin/innovus -nowin -common_...] Level.DEBUG: WARNING   TCLCMD-513           8  The software could not find a matching o...
[par] [Exec ...11/bin/innovus -nowin -common_...] Level.DEBUG: *** Message Summary: 12 warning(s), 6 error(s)
[par] [Exec ...11/bin/innovus -nowin -common_...] Level.DEBUG: 
[par] [Exec ...11/bin/innovus -nowin -common_...] Level.DEBUG: *** place_opt_design #1 [finish] : cpu/real = 0:01:29.4/0:01:25.0 (1.1), totSession cpu/real = 0:03:13.5/0:03:08.7 (1.0), mem = 2923.2M
[par] [Exec ...11/bin/innovus -nowin -common_...] Level.DEBUG: @file 147: puts "write_db pre_innovus_snap_floorplan"
[par] [Exec ...11/bin/innovus -nowin -common_...] Level.DEBUG: write_db pre_innovus_snap_floorplan
[par] [Exec ...11/bin/innovus -nowin -common_...] Level.DEBUG: @@file 148: write_db pre_innovus_snap_floorplan
[par] [Exec ...11/bin/innovus -nowin -common_...] Level.DEBUG: #% Begin save design ... (date=04/23 17:34:46, mem=1863.7M)
[par] [Exec ...11/bin/innovus -nowin -common_...] Level.DEBUG: % Begin Save ccopt configuration ... (date=04/23 17:34:46, mem=1863.7M)
[par] [Exec ...11/bin/innovus -nowin -common_...] Level.DEBUG: % End Save ccopt configuration ... (date=04/23 17:34:46, total cpu=0:00:00.0, real=0:00:00.0, peak res=1863.8M, current mem=1863.8M)
[par] [Exec ...11/bin/innovus -nowin -common_...] Level.DEBUG: % Begin Save netlist data ... (date=04/23 17:34:46, mem=1863.8M)
[par] [Exec ...11/bin/innovus -nowin -common_...] Level.DEBUG: Writing Binary DB to pre_innovus_snap_floorplan/vbin/top.v.bin in multi-threaded mode...
[par] [Exec ...11/bin/innovus -nowin -common_...] Level.DEBUG: % End Save netlist data ... (date=04/23 17:34:46, total cpu=0:00:00.0, real=0:00:00.0, peak res=1864.4M, current mem=1864.4M)
[par] [Exec ...11/bin/innovus -nowin -common_...] Level.DEBUG: Saving symbol-table file in separate thread ...
[par] [Exec ...11/bin/innovus -nowin -common_...] Level.DEBUG: Saving congestion map file in separate thread ...
[par] [Exec ...11/bin/innovus -nowin -common_...] Level.DEBUG: Saving congestion map file pre_innovus_snap_floorplan/top.route.congmap.gz ...
[par] [Exec ...11/bin/innovus -nowin -common_...] Level.DEBUG: % Begin Save AAE data ... (date=04/23 17:34:46, mem=1864.5M)
[par] [Exec ...11/bin/innovus -nowin -common_...] Level.DEBUG: Saving AAE Data ...
[par] [Exec ...11/bin/innovus -nowin -common_...] Level.DEBUG: % End Save AAE data ... (date=04/23 17:34:46, total cpu=0:00:00.0, real=0:00:00.0, peak res=1864.5M, current mem=1864.5M)
[par] [Exec ...11/bin/innovus -nowin -common_...] Level.DEBUG: Saving preference file pre_innovus_snap_floorplan/gui.pref.tcl ...
[par] [Exec ...11/bin/innovus -nowin -common_...] Level.DEBUG: Saving mode setting ...
[par] [Exec ...11/bin/innovus -nowin -common_...] Level.DEBUG: Saving root attributes to be loaded post write_db ...
[par] [Exec ...11/bin/innovus -nowin -common_...] Level.DEBUG: Saving global file ...
[par] [Exec ...11/bin/innovus -nowin -common_...] Level.DEBUG: Saving root attributes to be loaded previous write_db ...
[par] [Exec ...11/bin/innovus -nowin -common_...] Level.DEBUG: Saving Drc markers ...
[par] [Exec ...11/bin/innovus -nowin -common_...] Level.DEBUG: ... No Drc file written since there is no markers found.
[par] [Exec ...11/bin/innovus -nowin -common_...] Level.DEBUG: % Begin Save routing data ... (date=04/23 17:34:49, mem=1865.4M)
[par] [Exec ...11/bin/innovus -nowin -common_...] Level.DEBUG: Saving route file ...
[par] [Exec ...11/bin/innovus -nowin -common_...] Level.DEBUG: *** Completed saveRoute (cpu=0:00:00.0 real=0:00:00.0 mem=2923.7M) ***
[par] [Exec ...11/bin/innovus -nowin -common_...] Level.DEBUG: % End Save routing data ... (date=04/23 17:34:49, total cpu=0:00:00.0, real=0:00:01.0, peak res=1865.4M, current mem=1865.4M)
[par] [Exec ...11/bin/innovus -nowin -common_...] Level.DEBUG: Saving special route data file in separate thread ...
[par] [Exec ...11/bin/innovus -nowin -common_...] Level.DEBUG: Saving PG file in separate thread ...
[par] [Exec ...11/bin/innovus -nowin -common_...] Level.DEBUG: Saving placement file in separate thread ...
[par] [Exec ...11/bin/innovus -nowin -common_...] Level.DEBUG: Saving PG file pre_innovus_snap_floorplan/top.pg.gz, version#2, (Created by Innovus v21.19-s058_1 on Thu Apr 23 17:34:50 2026)
[par] [Exec ...11/bin/innovus -nowin -common_...] Level.DEBUG: ** Saving stdCellPlacement_binary (version# 2) ...
[par] [Exec ...11/bin/innovus -nowin -common_...] Level.DEBUG: Save Adaptive View Pruning View Names to Binary file
[par] [Exec ...11/bin/innovus -nowin -common_...] Level.DEBUG: TAT_INFO: ::saveSpecialRoute REAL = 0 : CPU = 0 : MEM = 0.
[par] [Exec ...11/bin/innovus -nowin -common_...] Level.DEBUG: *** Completed savePGFile (cpu=0:00:00.0 real=0:00:00.0 mem=2961.7M) ***
[par] [Exec ...11/bin/innovus -nowin -common_...] Level.DEBUG: TAT_INFO: ::savePGFile REAL = 0 : CPU = 0 : MEM = 0.
[par] [Exec ...11/bin/innovus -nowin -common_...] Level.DEBUG: TAT_INFO: ::savePlace REAL = 0 : CPU = 0 : MEM = 0.
[par] [Exec ...11/bin/innovus -nowin -common_...] Level.DEBUG: Saving property file pre_innovus_snap_floorplan/top.prop
[par] [Exec ...11/bin/innovus -nowin -common_...] Level.DEBUG: *** Completed saveProperty (cpu=0:00:00.0 real=0:00:00.0 mem=2945.7M) ***
[par] [Exec ...11/bin/innovus -nowin -common_...] Level.DEBUG: Saving rc congestion map pre_innovus_snap_floorplan/top.congmap.gz ...
[par] [Exec ...11/bin/innovus -nowin -common_...] Level.DEBUG: Saving CPF database ...
[par] [Exec ...11/bin/innovus -nowin -common_...] Level.DEBUG: *** End saving CPF database: cpu=0:00:00.00 real=0:00:00.00 ***
[par] [Exec ...11/bin/innovus -nowin -common_...] Level.DEBUG: TAT_INFO: ::db::saveSymbolTable REAL = 0 : CPU = 0 : MEM = 0.
[par] [Exec ...11/bin/innovus -nowin -common_...] Level.DEBUG: TAT_INFO: ::saveCongMap REAL = 0 : CPU = 0 : MEM = 0.
[par] [Exec ...11/bin/innovus -nowin -common_...] Level.DEBUG: % Begin Save power constraints data ... (date=04/23 17:34:50, mem=1866.5M)
[par] [Exec ...11/bin/innovus -nowin -common_...] Level.DEBUG: % End Save power constraints data ... (date=04/23 17:34:50, total cpu=0:00:00.0, real=0:00:00.0, peak res=1866.5M, current mem=1866.5M)
